sample_id,tr_id,T,target_stop_id,target_time_begin,cur_dev_s,role
122048_1767665400,122048,2026-01-06 02:10:00,53699018679,2026-01-06 02:22:00,0.0,fit
122048_1767665700,122048,2026-01-06 02:15:00,53699018678,2026-01-06 02:26:00,0.0,fit
122048_1767666000,122048,2026-01-06 02:20:00,53699018687,2026-01-06 02:32:00,0.0,fit
122048_1767666300,122048,2026-01-06 02:25:00,53699018692,2026-01-06 02:37:00,0.0,fit
122048_1767666600,122048,2026-01-06 02:30:00,53699018689,2026-01-06 02:41:00,0.0,fit
133957_1767666600,133957,2026-01-06 02:30:00,53699456164,2026-01-06 02:45:00,0.0,fit
129964_1767666600,129964,2026-01-06 02:30:00,53700336279,2026-01-06 02:41:00,-97.0,fit
133957_1767666900,133957,2026-01-06 02:35:00,53699456165,2026-01-06 02:47:00,0.0,fit
132430_1767666900,132430,2026-01-06 02:35:00,53698549255,2026-01-06 02:46:00,5.0,fit
122048_1767666900,122048,2026-01-06 02:35:00,53699018674,2026-01-06 02:46:00,0.0,fit
129964_1767666900,129964,2026-01-06 02:35:00,53700336275,2026-01-06 02:47:00,-51.0,fit
133957_1767667200,133957,2026-01-06 02:40:00,53699456169,2026-01-06 02:51:00,0.0,fit
132430_1767667200,132430,2026-01-06 02:40:00,53698549241,2026-01-06 02:51:00,22.0,fit
122048_1767667200,122048,2026-01-06 02:40:00,53699018698,2026-01-06 02:51:00,0.0,fit
129964_1767667200,129964,2026-01-06 02:40:00,53700336272,2026-01-06 02:51:00,5.0,fit
132430_1767667500,132430,2026-01-06 02:45:00,53698549239,2026-01-06 02:57:00,28.0,fit
122048_1767667500,122048,2026-01-06 02:45:00,53699018670,2026-01-06 02:56:00,0.0,fit
129964_1767667500,129964,2026-01-06 02:45:00,53700336268,2026-01-06 02:56:00,46.0,fit
133957_1767667500,133957,2026-01-06 02:45:00,53699456157,2026-01-06 02:56:00,-32.0,fit
122048_1767667800,122048,2026-01-06 02:50:00,53699018706,2026-01-06 03:01:00,0.0,fit
133957_1767667800,133957,2026-01-06 02:50:00,53699456162,2026-01-06 03:01:00,24.0,fit
132430_1767667800,132430,2026-01-06 02:50:00,53698549244,2026-01-06 03:01:00,93.0,fit
129964_1767667800,129964,2026-01-06 02:50:00,53700336264,2026-01-06 03:02:00,6.0,fit
134040_1767667800,134040,2026-01-06 02:50:00,53698328425,2026-01-06 03:03:00,0.0,fit
129964_1767668100,129964,2026-01-06 02:55:00,53700336262,2026-01-06 03:06:00,-7.0,fit
132430_1767668100,132430,2026-01-06 02:55:00,53698549731,2026-01-06 03:06:00,40.0,fit
122048_1767668100,122048,2026-01-06 02:55:00,53699018694,2026-01-06 03:07:00,0.0,fit
133957_1767668100,133957,2026-01-06 02:55:00,53699456173,2026-01-06 03:06:00,-7.0,fit
134040_1767668100,134040,2026-01-06 02:55:00,53698328422,2026-01-06 03:06:00,0.0,fit
132430_1767668400,132430,2026-01-06 03:00:00,53698549732,2026-01-06 03:11:00,25.0,fit
122048_1767668400,122048,2026-01-06 03:00:00,53699018704,2026-01-06 03:11:00,0.0,fit
133957_1767668400,133957,2026-01-06 03:00:00,53699456177,2026-01-06 03:11:00,-109.0,fit
122048_1767668700,122048,2026-01-06 03:05:00,53699018826,2026-01-06 03:16:00,0.0,fit
132430_1767668700,132430,2026-01-06 03:05:00,53698549735,2026-01-06 03:16:00,10.0,fit
122048_1767669000,122048,2026-01-06 03:10:00,53699018813,2026-01-06 03:21:00,0.0,fit
132430_1767669000,132430,2026-01-06 03:10:00,53698549747,2026-01-06 03:21:00,20.0,fit
133957_1767669300,133957,2026-01-06 03:15:00,53699456195,2026-01-06 03:30:00,-34.0,fit
132430_1767669300,132430,2026-01-06 03:15:00,53698549752,2026-01-06 03:26:00,136.0,fit
122048_1767669300,122048,2026-01-06 03:15:00,53699018801,2026-01-06 03:26:00,0.0,fit
122048_1767669600,122048,2026-01-06 03:20:00,53699018821,2026-01-06 03:31:00,0.0,fit
133957_1767669600,133957,2026-01-06 03:20:00,53699456196,2026-01-06 03:32:00,-34.0,fit
132430_1767669600,132430,2026-01-06 03:20:00,53698549748,2026-01-06 03:31:00,11.0,fit
133957_1767669900,133957,2026-01-06 03:25:00,53699456199,2026-01-06 03:36:00,-34.0,fit
122048_1767669900,122048,2026-01-06 03:25:00,53699018809,2026-01-06 03:37:00,0.0,fit
132430_1767669900,132430,2026-01-06 03:25:00,53698549730,2026-01-06 03:37:00,-8.0,fit
133957_1767670200,133957,2026-01-06 03:30:00,53699456188,2026-01-06 03:41:00,21.0,fit
134040_1767670200,134040,2026-01-06 03:30:00,53698328448,2026-01-06 03:43:00,135.0,fit
129964_1767670200,129964,2026-01-06 03:30:00,53700336333,2026-01-06 03:41:00,28.0,fit
135081_1767670200,135081,2026-01-06 03:30:00,53699791146,2026-01-06 03:42:00,0.0,fit
122048_1767670200,122048,2026-01-06 03:30:00,53699018797,2026-01-06 03:41:00,0.0,fit
122048_1767670500,122048,2026-01-06 03:35:00,53699018837,2026-01-06 03:46:00,0.0,fit
129964_1767670500,129964,2026-01-06 03:35:00,53700336329,2026-01-06 03:47:00,-13.0,fit
133957_1767670500,133957,2026-01-06 03:35:00,53699456192,2026-01-06 03:46:00,36.0,fit
134040_1767670500,134040,2026-01-06 03:35:00,53698328462,2026-01-06 03:47:00,125.0,fit
135081_1767670500,135081,2026-01-06 03:35:00,53699791126,2026-01-06 03:47:00,0.0,fit
132430_1767670500,132430,2026-01-06 03:35:00,53698549967,2026-01-06 03:48:00,99.0,fit
135081_1767670800,135081,2026-01-06 03:40:00,53699791118,2026-01-06 03:52:00,0.0,fit
129964_1767670800,129964,2026-01-06 03:40:00,53700336326,2026-01-06 03:51:00,103.0,fit
133957_1767670800,133957,2026-01-06 03:40:00,53699456182,2026-01-06 03:51:00,112.0,fit
122048_1767670800,122048,2026-01-06 03:40:00,53699018805,2026-01-06 03:51:00,0.0,fit
134040_1767670800,134040,2026-01-06 03:40:00,53698328439,2026-01-06 03:52:00,111.0,fit
132430_1767670800,132430,2026-01-06 03:40:00,53698549965,2026-01-06 03:53:00,58.0,fit
134040_1767671100,134040,2026-01-06 03:45:00,53698328453,2026-01-06 03:59:00,179.0,fit
133957_1767671100,133957,2026-01-06 03:45:00,53699456148,2026-01-06 04:00:00,82.0,fit
129964_1767671100,129964,2026-01-06 03:45:00,53700336323,2026-01-06 03:56:00,75.0,fit
132430_1767671100,132430,2026-01-06 03:45:00,53698549947,2026-01-06 03:56:00,58.0,fit
122048_1767671100,122048,2026-01-06 03:45:00,53699018832,2026-01-06 03:56:00,0.0,fit
135081_1767671100,135081,2026-01-06 03:45:00,53699791128,2026-01-06 03:57:00,59.0,fit
122048_1767671400,122048,2026-01-06 03:50:00,53699018836,2026-01-06 04:01:00,0.0,fit
129964_1767671400,129964,2026-01-06 03:50:00,53700336318,2026-01-06 04:01:00,4.0,fit
132430_1767671400,132430,2026-01-06 03:50:00,53698549968,2026-01-06 04:01:00,215.0,fit
134040_1767671400,134040,2026-01-06 03:50:00,53698328463,2026-01-06 04:01:00,140.0,fit
133957_1767671400,133957,2026-01-06 03:50:00,53699456149,2026-01-06 04:02:00,19.0,fit
135081_1767671400,135081,2026-01-06 03:50:00,53699791143,2026-01-06 04:01:00,73.0,fit
135081_1767671700,135081,2026-01-06 03:55:00,53699791117,2026-01-06 04:06:00,29.0,fit
132430_1767671700,132430,2026-01-06 03:55:00,53698549955,2026-01-06 04:06:00,143.0,fit
133957_1767671700,133957,2026-01-06 03:55:00,53699456142,2026-01-06 04:06:00,-64.0,fit
134040_1767671700,134040,2026-01-06 03:55:00,53698328456,2026-01-06 04:07:00,146.0,fit
122048_1767671700,122048,2026-01-06 03:55:00,53699018833,2026-01-06 04:06:00,0.0,fit
129964_1767671700,129964,2026-01-06 03:55:00,53700336315,2026-01-06 04:07:00,-25.0,fit
135081_1767672000,135081,2026-01-06 04:00:00,53699791152,2026-01-06 04:12:00,47.0,fit
132430_1767672000,132430,2026-01-06 04:00:00,53698549954,2026-01-06 04:11:00,215.0,fit
129964_1767672000,129964,2026-01-06 04:00:00,53700336312,2026-01-06 04:12:00,60.0,fit
133957_1767672000,133957,2026-01-06 04:00:00,53699456145,2026-01-06 04:11:00,-86.0,fit
135081_1767672300,135081,2026-01-06 04:05:00,53699791130,2026-01-06 04:16:00,41.0,fit
133957_1767672300,133957,2026-01-06 04:05:00,53699456133,2026-01-06 04:16:00,-118.0,fit
122048_1767672300,122048,2026-01-06 04:05:00,53699018745,2026-01-06 04:19:00,0.0,fit
132430_1767672300,132430,2026-01-06 04:05:00,53698549949,2026-01-06 04:17:00,276.0,fit
129964_1767672300,129964,2026-01-06 04:05:00,53700336308,2026-01-06 04:16:00,-37.0,fit
133957_1767672600,133957,2026-01-06 04:10:00,53699456137,2026-01-06 04:22:00,-14.0,fit
135081_1767672600,135081,2026-01-06 04:10:00,53699791141,2026-01-06 04:21:00,49.0,fit
122048_1767672600,122048,2026-01-06 04:10:00,53699018748,2026-01-06 04:21:00,0.0,fit
132430_1767672600,132430,2026-01-06 04:10:00,53698549961,2026-01-06 04:21:00,319.0,fit
133957_1767672900,133957,2026-01-06 04:15:00,53699456150,2026-01-06 04:26:00,-41.0,fit
122048_1767672900,122048,2026-01-06 04:15:00,53699018739,2026-01-06 04:26:00,0.0,fit
132430_1767672900,132430,2026-01-06 04:15:00,53698549497,2026-01-06 04:28:00,242.0,fit
130238_1767672900,130238,2026-01-06 04:15:00,53698370214,2026-01-06 04:27:00,0.0,fit
135081_1767672900,135081,2026-01-06 04:15:00,53699791138,2026-01-06 04:26:00,-32.0,fit
129964_1767672900,129964,2026-01-06 04:15:00,53700336370,2026-01-06 04:26:00,7.0,fit
129964_1767673200,129964,2026-01-06 04:20:00,53700336366,2026-01-06 04:31:00,-9.0,fit
130238_1767673200,130238,2026-01-06 04:20:00,53698370216,2026-01-06 04:31:00,0.0,fit
122048_1767673200,122048,2026-01-06 04:20:00,53699018727,2026-01-06 04:31:00,66.0,fit
132430_1767673200,132430,2026-01-06 04:20:00,53698549492,2026-01-06 04:31:00,310.0,fit
135081_1767673200,135081,2026-01-06 04:20:00,53699790882,2026-01-06 04:32:00,-103.0,fit
129964_1767673500,129964,2026-01-06 04:25:00,53700336362,2026-01-06 04:36:00,-9.0,fit
122048_1767673500,122048,2026-01-06 04:25:00,53699018726,2026-01-06 04:36:00,169.0,fit
132430_1767673500,132430,2026-01-06 04:25:00,53698549476,2026-01-06 04:36:00,229.0,fit
130238_1767673500,130238,2026-01-06 04:25:00,53698370199,2026-01-06 04:36:00,0.0,fit
135081_1767673500,135081,2026-01-06 04:25:00,53699790888,2026-01-06 04:36:00,-120.0,fit
130238_1767673800,130238,2026-01-06 04:30:00,53698370210,2026-01-06 04:41:00,90.0,fit
131672_1767673800,131672,2026-01-06 04:30:00,53700172804,2026-01-06 04:41:00,-6.0,fit
133957_1767673800,133957,2026-01-06 04:30:00,53699456223,2026-01-06 04:45:00,-4.0,fit
129964_1767673800,129964,2026-01-06 04:30:00,53700336358,2026-01-06 04:41:00,-64.0,fit
135081_1767673800,135081,2026-01-06 04:30:00,53699790891,2026-01-06 04:41:00,-96.0,fit
129964_1767674100,129964,2026-01-06 04:35:00,53700336353,2026-01-06 04:46:00,34.0,fit
130238_1767674100,130238,2026-01-06 04:35:00,53698370197,2026-01-06 04:46:00,39.0,fit
135081_1767674100,135081,2026-01-06 04:35:00,53699790895,2026-01-06 04:46:00,71.0,fit
131672_1767674100,131672,2026-01-06 04:35:00,53700172846,2026-01-06 04:48:00,0.0,fit
133957_1767674100,133957,2026-01-06 04:35:00,53699456215,2026-01-06 04:47:00,-4.0,fit
133957_1767674400,133957,2026-01-06 04:40:00,53699456218,2026-01-06 04:51:00,-4.0,fit
135081_1767674400,135081,2026-01-06 04:40:00,53699790899,2026-01-06 04:52:00,133.0,fit
129964_1767674400,129964,2026-01-06 04:40:00,53700336395,2026-01-06 04:51:00,3.0,fit
131672_1767674400,131672,2026-01-06 04:40:00,53700172849,2026-01-06 04:51:00,-31.0,fit
130238_1767674400,130238,2026-01-06 04:40:00,53698370207,2026-01-06 04:51:00,-42.0,fit
130238_1767674700,130238,2026-01-06 04:45:00,53698370206,2026-01-06 04:56:00,139.0,fit
131672_1767674700,131672,2026-01-06 04:45:00,53700172844,2026-01-06 04:56:00,-73.0,fit
133957_1767674700,133957,2026-01-06 04:45:00,53699456222,2026-01-06 04:56:00,48.0,fit
135081_1767674700,135081,2026-01-06 04:45:00,53699790893,2026-01-06 04:56:00,82.0,fit
129964_1767674700,129964,2026-01-06 04:45:00,53700336392,2026-01-06 04:56:00,2.0,fit
130238_1767675000,130238,2026-01-06 04:50:00,53698370227,2026-01-06 05:02:00,179.0,fit
135081_1767675000,135081,2026-01-06 04:50:00,53699790897,2026-01-06 05:02:00,161.0,fit
129964_1767675000,129964,2026-01-06 04:50:00,53700336388,2026-01-06 05:02:00,38.0,fit
131672_1767675000,131672,2026-01-06 04:50:00,53700172864,2026-01-06 05:01:00,146.0,fit
133300_1767675000,133300,2026-01-06 04:50:00,53700641008,2026-01-06 05:05:00,0.0,fit
133957_1767675000,133957,2026-01-06 04:50:00,53699456210,2026-01-06 05:02:00,61.0,fit
135081_1767675300,135081,2026-01-06 04:55:00,53699790868,2026-01-06 05:06:00,114.0,fit
133300_1767675300,133300,2026-01-06 04:55:00,53700641002,2026-01-06 05:07:00,0.0,fit
131672_1767675300,131672,2026-01-06 04:55:00,53700172858,2026-01-06 05:06:00,108.0,fit
129964_1767675300,129964,2026-01-06 04:55:00,53700336385,2026-01-06 05:06:00,46.0,fit
133957_1767675300,133957,2026-01-06 04:55:00,53699456213,2026-01-06 05:06:00,123.0,fit
133957_1767675600,133957,2026-01-06 05:00:00,53699456206,2026-01-06 05:11:00,67.0,fit
122048_1767675600,122048,2026-01-06 05:00:00,53699018742,2026-01-06 05:11:00,2.0,fit
133300_1767675600,133300,2026-01-06 05:00:00,53700641003,2026-01-06 05:12:00,0.0,fit
129964_1767675600,129964,2026-01-06 05:00:00,53700336380,2026-01-06 05:13:00,28.0,fit
135081_1767675600,135081,2026-01-06 05:00:00,53699790864,2026-01-06 05:11:00,61.0,fit
133300_1767675900,133300,2026-01-06 05:05:00,53700641010,2026-01-06 05:16:00,99.0,fit
122048_1767675900,122048,2026-01-06 05:05:00,53699018718,2026-01-06 05:16:00,-51.0,fit
129964_1767675900,129964,2026-01-06 05:05:00,53700336378,2026-01-06 05:17:00,84.0,fit
133957_1767675900,133957,2026-01-06 05:05:00,53699456247,2026-01-06 05:17:00,35.0,fit
135081_1767675900,135081,2026-01-06 05:05:00,53699790881,2026-01-06 05:16:00,214.0,fit
133300_1767676200,133300,2026-01-06 05:10:00,53700641011,2026-01-06 05:21:00,253.0,fit
129964_1767676200,129964,2026-01-06 05:10:00,53700336375,2026-01-06 05:21:00,109.0,fit
135081_1767676200,135081,2026-01-06 05:10:00,53699790867,2026-01-06 05:21:00,320.0,fit
133957_1767676200,133957,2026-01-06 05:10:00,53699456261,2026-01-06 05:21:00,19.0,fit
122048_1767676200,122048,2026-01-06 05:10:00,53699018566,2026-01-06 05:21:00,-80.0,fit
135081_1767676500,135081,2026-01-06 05:15:00,53699790873,2026-01-06 05:26:00,236.0,fit
122048_1767676500,122048,2026-01-06 05:15:00,53699018544,2026-01-06 05:26:00,-19.0,fit
133300_1767676500,133300,2026-01-06 05:15:00,53700640995,2026-01-06 05:26:00,156.0,fit
133957_1767676500,133957,2026-01-06 05:15:00,53699456264,2026-01-06 05:26:00,-32.0,fit
133300_1767676800,133300,2026-01-06 05:20:00,53700640996,2026-01-06 05:31:00,137.0,fit
122048_1767676800,122048,2026-01-06 05:20:00,53699018565,2026-01-06 05:32:00,-56.0,fit
133957_1767676800,133957,2026-01-06 05:20:00,53699456252,2026-01-06 05:31:00,-39.0,fit
122048_1767677100,122048,2026-01-06 05:25:00,53699018576,2026-01-06 05:36:00,17.0,fit
133957_1767677100,133957,2026-01-06 05:25:00,53699456256,2026-01-06 05:37:00,111.0,fit
122048_1767677400,122048,2026-01-06 05:30:00,53699018563,2026-01-06 05:41:00,-113.0,fit
133957_1767677400,133957,2026-01-06 05:30:00,53699456259,2026-01-06 05:41:00,26.0,fit
133300_1767677400,133300,2026-01-06 05:30:00,53700641312,2026-01-06 05:45:00,296.0,fit
130238_1767677400,130238,2026-01-06 05:30:00,53698370096,2026-01-06 05:41:00,12.0,fit
134040_1767677400,134040,2026-01-06 05:30:00,53698328574,2026-01-06 05:41:00,189.0,fit
122048_1767677700,122048,2026-01-06 05:35:00,53699018556,2026-01-06 05:46:00,-203.0,fit
134040_1767677700,134040,2026-01-06 05:35:00,53698328587,2026-01-06 05:47:00,120.0,fit
133300_1767677700,133300,2026-01-06 05:35:00,53700641306,2026-01-06 05:47:00,284.0,fit
130238_1767677700,130238,2026-01-06 05:35:00,53698370095,2026-01-06 05:46:00,18.0,fit
130238_1767678000,130238,2026-01-06 05:40:00,53698370104,2026-01-06 05:51:00,57.0,fit
133300_1767678000,133300,2026-01-06 05:40:00,53700641307,2026-01-06 05:52:00,284.0,fit
134040_1767678000,134040,2026-01-06 05:40:00,53698328565,2026-01-06 05:52:00,71.0,fit
122048_1767678000,122048,2026-01-06 05:40:00,53699018571,2026-01-06 05:52:00,-78.0,fit
133300_1767678300,133300,2026-01-06 05:45:00,53700641314,2026-01-06 05:56:00,87.0,fit
130238_1767678300,130238,2026-01-06 05:45:00,53698370110,2026-01-06 05:57:00,-49.0,fit
122048_1767678300,122048,2026-01-06 05:45:00,53699018542,2026-01-06 05:57:00,-46.0,fit
133300_1767678600,133300,2026-01-06 05:50:00,53700641315,2026-01-06 06:01:00,178.0,fit
122048_1767678600,122048,2026-01-06 05:50:00,53699018554,2026-01-06 06:02:00,7.0,fit
133300_1767678900,133300,2026-01-06 05:55:00,53700641321,2026-01-06 06:06:00,76.0,fit
122048_1767678900,122048,2026-01-06 05:55:00,53699018552,2026-01-06 06:07:00,83.0,fit
133957_1767679500,133957,2026-01-06 06:05:00,53699456233,2026-01-06 06:18:00,-16.0,fit
130238_1767679500,130238,2026-01-06 06:05:00,53698370314,2026-01-06 06:18:00,-52.0,fit
130238_1767679800,130238,2026-01-06 06:10:00,53698370302,2026-01-06 06:21:00,-52.0,fit
133957_1767679800,133957,2026-01-06 06:10:00,53699456225,2026-01-06 06:21:00,-16.0,fit
132430_1767679800,132430,2026-01-06 06:10:00,53698549975,2026-01-06 06:25:00,0.0,fit
134040_1767679800,134040,2026-01-06 06:10:00,53698328541,2026-01-06 06:23:00,-25.0,fit
132430_1767680100,132430,2026-01-06 06:15:00,53698549972,2026-01-06 06:27:00,0.0,fit
134040_1767680100,134040,2026-01-06 06:15:00,53698328545,2026-01-06 06:26:00,-25.0,fit
133957_1767680100,133957,2026-01-06 06:15:00,53699456229,2026-01-06 06:26:00,-16.0,fit
130238_1767680100,130238,2026-01-06 06:15:00,53698370310,2026-01-06 06:26:00,-52.0,fit
134040_1767680400,134040,2026-01-06 06:20:00,53698328548,2026-01-06 06:31:00,-25.0,fit
133957_1767680400,133957,2026-01-06 06:20:00,53699456232,2026-01-06 06:31:00,58.0,fit
130238_1767680400,130238,2026-01-06 06:20:00,53698370324,2026-01-06 06:32:00,0.0,fit
132430_1767680400,132430,2026-01-06 06:20:00,53698549974,2026-01-06 06:32:00,0.0,fit
129964_1767680400,129964,2026-01-06 06:20:00,53700336475,2026-01-06 06:33:00,122.0,fit
134040_1767680700,134040,2026-01-06 06:25:00,53698328553,2026-01-06 06:37:00,32.0,fit
132430_1767680700,132430,2026-01-06 06:25:00,53698549981,2026-01-06 06:36:00,73.0,fit
133957_1767680700,133957,2026-01-06 06:25:00,53699456245,2026-01-06 06:37:00,99.0,fit
130238_1767680700,130238,2026-01-06 06:25:00,53698370303,2026-01-06 06:36:00,0.0,fit
129964_1767680700,129964,2026-01-06 06:25:00,53700336473,2026-01-06 06:36:00,122.0,fit
133957_1767681000,133957,2026-01-06 06:30:00,53699456238,2026-01-06 06:41:00,75.0,fit
129964_1767681000,129964,2026-01-06 06:30:00,53700336468,2026-01-06 06:41:00,122.0,fit
132430_1767681000,132430,2026-01-06 06:30:00,53698549976,2026-01-06 06:42:00,73.0,fit
130238_1767681000,130238,2026-01-06 06:30:00,53698370305,2026-01-06 06:42:00,0.0,fit
122658_1767681000,122658,2026-01-06 06:30:00,53699433974,2026-01-06 06:41:00,246.0,fit
133300_1767681000,133300,2026-01-06 06:30:00,53700641303,2026-01-06 06:41:00,36.0,fit
134040_1767681000,134040,2026-01-06 06:30:00,53698328556,2026-01-06 06:41:00,-7.0,fit
134040_1767681300,134040,2026-01-06 06:35:00,53698328543,2026-01-06 06:46:00,-72.0,fit
129964_1767681300,129964,2026-01-06 06:35:00,53700336465,2026-01-06 06:46:00,-51.0,fit
132430_1767681300,132430,2026-01-06 06:35:00,53698549988,2026-01-06 06:47:00,-11.0,fit
133300_1767681300,133300,2026-01-06 06:35:00,53700641287,2026-01-06 06:46:00,44.0,fit
122658_1767681300,122658,2026-01-06 06:35:00,53699433892,2026-01-06 06:47:00,181.0,fit
130238_1767681300,130238,2026-01-06 06:35:00,53698370308,2026-01-06 06:47:00,0.0,fit
133957_1767681300,133957,2026-01-06 06:35:00,53699456276,2026-01-06 06:46:00,25.0,fit
130238_1767681600,130238,2026-01-06 06:40:00,53698370322,2026-01-06 06:52:00,0.0,fit
133300_1767681600,133300,2026-01-06 06:40:00,53700641288,2026-01-06 06:51:00,-10.0,fit
134040_1767681600,134040,2026-01-06 06:40:00,53698328557,2026-01-06 06:51:00,-94.0,fit
133957_1767681600,133957,2026-01-06 06:40:00,53699456280,2026-01-06 06:52:00,-5.0,fit
132430_1767681600,132430,2026-01-06 06:40:00,53698549987,2026-01-06 06:52:00,-39.0,fit
122658_1767681600,122658,2026-01-06 06:40:00,53699433894,2026-01-06 06:52:00,181.0,fit
129964_1767681600,129964,2026-01-06 06:40:00,53700336460,2026-01-06 06:51:00,-38.0,fit
131672_1767681900,131672,2026-01-06 06:45:00,53700172889,2026-01-06 06:56:00,13.0,fit
133300_1767681900,133300,2026-01-06 06:45:00,53700641192,2026-01-06 07:00:00,-41.0,fit
130238_1767681900,130238,2026-01-06 06:45:00,53698370299,2026-01-06 06:56:00,0.0,fit
134040_1767681900,134040,2026-01-06 06:45:00,53698328532,2026-01-06 06:57:00,-79.0,fit
129964_1767681900,129964,2026-01-06 06:45:00,53700336456,2026-01-06 06:56:00,-4.0,fit
122658_1767681900,122658,2026-01-06 06:45:00,53699433885,2026-01-06 06:56:00,181.0,fit
133957_1767681900,133957,2026-01-06 06:45:00,53699456283,2026-01-06 06:57:00,-1.0,fit
132430_1767681900,132430,2026-01-06 06:45:00,53698549985,2026-01-06 06:56:00,60.0,fit
133957_1767682200,133957,2026-01-06 06:50:00,53699456270,2026-01-06 07:01:00,-57.0,fit
133300_1767682200,133300,2026-01-06 06:50:00,53700641186,2026-01-06 07:02:00,107.0,fit
131672_1767682200,131672,2026-01-06 06:50:00,53700172885,2026-01-06 07:01:00,13.0,fit
134040_1767682200,134040,2026-01-06 06:50:00,53698328533,2026-01-06 07:01:00,-45.0,fit
129964_1767682200,129964,2026-01-06 06:50:00,53700336453,2026-01-06 07:02:00,68.0,fit
132430_1767682200,132430,2026-01-06 06:50:00,53698549992,2026-01-06 07:01:00,104.0,fit
122658_1767682200,122658,2026-01-06 06:50:00,53699433880,2026-01-06 07:04:00,0.0,fit
129964_1767682500,129964,2026-01-06 06:55:00,53700336450,2026-01-06 07:06:00,102.0,fit
132430_1767682500,132430,2026-01-06 06:55:00,53698549558,2026-01-06 07:06:00,5.0,fit
133300_1767682500,133300,2026-01-06 06:55:00,53700641187,2026-01-06 07:07:00,158.0,fit
131672_1767682500,131672,2026-01-06 06:55:00,53700172905,2026-01-06 07:06:00,13.0,fit
133957_1767682500,133957,2026-01-06 06:55:00,53699456274,2026-01-06 07:06:00,-12.0,fit
122658_1767682500,122658,2026-01-06 06:55:00,53699433881,2026-01-06 07:07:00,0.0,fit
134040_1767682500,134040,2026-01-06 06:55:00,53698328635,2026-01-06 07:06:00,-31.0,fit
133957_1767682800,133957,2026-01-06 07:00:00,53699456285,2026-01-06 07:11:00,-58.0,fit
132430_1767682800,132430,2026-01-06 07:00:00,53698549566,2026-01-06 07:11:00,-16.0,fit
122658_1767682800,122658,2026-01-06 07:00:00,53699433888,2026-01-06 07:12:00,0.0,fit
133300_1767682800,133300,2026-01-06 07:00:00,53700641194,2026-01-06 07:11:00,79.0,fit
131672_1767682800,131672,2026-01-06 07:00:00,53700172908,2026-01-06 07:13:00,47.0,fit
129964_1767682800,129964,2026-01-06 07:00:00,53700336447,2026-01-06 07:11:00,194.0,fit
133957_1767683100,133957,2026-01-06 07:05:00,53699456289,2026-01-06 07:16:00,-37.0,fit
133300_1767683100,133300,2026-01-06 07:05:00,53700641195,2026-01-06 07:16:00,252.0,fit
131672_1767683100,131672,2026-01-06 07:05:00,53700172903,2026-01-06 07:16:00,20.0,fit
132430_1767683100,132430,2026-01-06 07:05:00,53698549563,2026-01-06 07:17:00,-53.0,fit
129964_1767683100,129964,2026-01-06 07:05:00,53700336487,2026-01-06 07:16:00,124.0,fit
122658_1767683100,122658,2026-01-06 07:05:00,53699433891,2026-01-06 07:16:00,0.0,fit
129964_1767683400,129964,2026-01-06 07:10:00,53700336484,2026-01-06 07:22:00,78.0,fit
131672_1767683400,131672,2026-01-06 07:10:00,53700172904,2026-01-06 07:22:00,24.0,fit
122658_1767683400,122658,2026-01-06 07:10:00,53699434027,2026-01-06 07:21:00,0.0,fit
132430_1767683400,132430,2026-01-06 07:10:00,53698549569,2026-01-06 07:22:00,291.0,fit
133300_1767683400,133300,2026-01-06 07:10:00,53700641201,2026-01-06 07:21:00,155.0,fit
129964_1767683700,129964,2026-01-06 07:15:00,53700336481,2026-01-06 07:27:00,193.0,fit
133300_1767683700,133300,2026-01-06 07:15:00,53700641202,2026-01-06 07:26:00,148.0,fit
133957_1767683700,133957,2026-01-06 07:15:00,53699456312,2026-01-06 07:26:00,-8.0,fit
122658_1767683700,122658,2026-01-06 07:15:00,53699434030,2026-01-06 07:27:00,0.0,fit
132430_1767683700,132430,2026-01-06 07:15:00,53698549575,2026-01-06 07:26:00,388.0,fit
131672_1767683700,131672,2026-01-06 07:15:00,53700172898,2026-01-06 07:26:00,-31.0,fit
122658_1767684000,122658,2026-01-06 07:20:00,53699434028,2026-01-06 07:32:00,0.0,fit
131672_1767684000,131672,2026-01-06 07:20:00,53700172893,2026-01-06 07:34:00,-52.0,fit
133957_1767684000,133957,2026-01-06 07:20:00,53699456316,2026-01-06 07:31:00,-8.0,fit
133300_1767684000,133300,2026-01-06 07:20:00,53700641180,2026-01-06 07:35:00,172.0,fit
129964_1767684000,129964,2026-01-06 07:20:00,53700336477,2026-01-06 07:31:00,90.0,fit
132430_1767684000,132430,2026-01-06 07:20:00,53698549571,2026-01-06 07:31:00,300.0,fit
133300_1767684300,133300,2026-01-06 07:25:00,53700641174,2026-01-06 07:37:00,250.0,fit
122658_1767684300,122658,2026-01-06 07:25:00,53699434017,2026-01-06 07:36:00,33.0,fit
132430_1767684300,132430,2026-01-06 07:25:00,53698549583,2026-01-06 07:36:00,200.0,fit
130238_1767684300,130238,2026-01-06 07:25:00,53698370376,2026-01-06 07:40:00,0.0,fit
133957_1767684300,133957,2026-01-06 07:25:00,53699456304,2026-01-06 07:36:00,-8.0,fit
131672_1767684300,131672,2026-01-06 07:25:00,53700172896,2026-01-06 07:36:00,-170.0,fit
131672_1767684600,131672,2026-01-06 07:30:00,53700172916,2026-01-06 07:41:00,-7.0,fit
129964_1767684600,129964,2026-01-06 07:30:00,53700336440,2026-01-06 07:42:00,156.0,fit
122658_1767684600,122658,2026-01-06 07:30:00,53699434021,2026-01-06 07:41:00,102.0,fit
135081_1767684600,135081,2026-01-06 07:30:00,53699790861,2026-01-06 07:41:00,-81.0,fit
132430_1767684600,132430,2026-01-06 07:30:00,53698549579,2026-01-06 07:42:00,175.0,fit
122048_1767684600,122048,2026-01-06 07:30:00,53699018662,2026-01-06 07:42:00,436.0,fit
133300_1767684600,133300,2026-01-06 07:30:00,53700641175,2026-01-06 07:42:00,281.0,fit
131672_1767684900,131672,2026-01-06 07:35:00,53700172912,2026-01-06 07:47:00,5.0,fit
135081_1767684900,135081,2026-01-06 07:35:00,53699790853,2026-01-06 07:46:00,-91.0,fit
122048_1767684900,122048,2026-01-06 07:35:00,53699018660,2026-01-06 07:46:00,466.0,fit
129964_1767684900,129964,2026-01-06 07:35:00,53700336437,2026-01-06 07:46:00,134.0,fit
132430_1767684900,132430,2026-01-06 07:35:00,53698549561,2026-01-06 07:47:00,234.0,fit
133300_1767684900,133300,2026-01-06 07:35:00,53700641182,2026-01-06 07:46:00,116.0,fit
122658_1767684900,122658,2026-01-06 07:35:00,53699434032,2026-01-06 07:46:00,188.0,fit
135081_1767685200,135081,2026-01-06 07:40:00,53699790826,2026-01-06 07:51:00,-83.0,fit
122048_1767685200,122048,2026-01-06 07:40:00,53699018648,2026-01-06 07:51:00,415.0,fit
133300_1767685200,133300,2026-01-06 07:40:00,53700641183,2026-01-06 07:51:00,263.0,fit
122658_1767685200,122658,2026-01-06 07:40:00,53699433994,2026-01-06 07:54:00,98.0,fit
131672_1767685200,131672,2026-01-06 07:40:00,53700172909,2026-01-06 07:52:00,7.0,fit
129964_1767685200,129964,2026-01-06 07:40:00,53700336432,2026-01-06 07:52:00,134.0,fit
122048_1767685500,122048,2026-01-06 07:45:00,53699018633,2026-01-06 07:57:00,347.0,fit
129964_1767685500,129964,2026-01-06 07:45:00,53700336429,2026-01-06 07:56:00,-89.0,fit
132430_1767685500,132430,2026-01-06 07:45:00,53698549928,2026-01-06 07:57:00,183.0,fit
135081_1767685500,135081,2026-01-06 07:45:00,53699790829,2026-01-06 07:56:00,-85.0,fit
122658_1767685500,122658,2026-01-06 07:45:00,53699433993,2026-01-06 07:56:00,97.0,fit
133300_1767685500,133300,2026-01-06 07:45:00,53700641167,2026-01-06 07:56:00,265.0,fit
135081_1767685800,135081,2026-01-06 07:50:00,53699790823,2026-01-06 08:01:00,18.0,fit
133300_1767685800,133300,2026-01-06 07:50:00,53700641168,2026-01-06 08:01:00,244.0,fit
132430_1767685800,132430,2026-01-06 07:50:00,53698549921,2026-01-06 08:04:00,183.0,fit
129964_1767685800,129964,2026-01-06 07:50:00,53700336424,2026-01-06 08:01:00,-51.0,fit
122048_1767685800,122048,2026-01-06 07:50:00,53699018631,2026-01-06 08:01:00,228.0,fit
122658_1767685800,122658,2026-01-06 07:50:00,53699433991,2026-01-06 08:01:00,97.0,fit
135081_1767686100,135081,2026-01-06 07:55:00,53699790827,2026-01-06 08:07:00,254.0,fit
132430_1767686100,132430,2026-01-06 07:55:00,53698549922,2026-01-06 08:06:00,183.0,fit
122048_1767686100,122048,2026-01-06 07:55:00,53699018646,2026-01-06 08:06:00,188.0,fit
122658_1767686100,122658,2026-01-06 07:55:00,53699433984,2026-01-06 08:06:00,0.0,fit
129964_1767686100,129964,2026-01-06 07:55:00,53700336420,2026-01-06 08:07:00,-2.0,fit
133300_1767686400,133300,2026-01-06 08:00:00,53700641179,2026-01-06 08:12:00,408.0,fit
132430_1767686400,132430,2026-01-06 08:00:00,53698549927,2026-01-06 08:11:00,167.0,fit
130238_1767686400,130238,2026-01-06 08:00:00,53698370382,2026-01-06 08:11:00,233.0,fit
129964_1767686400,129964,2026-01-06 08:00:00,53700336418,2026-01-06 08:11:00,8.0,fit
122048_1767686400,122048,2026-01-06 08:00:00,53699018627,2026-01-06 08:12:00,101.0,fit
130238_1767686700,130238,2026-01-06 08:05:00,53698370393,2026-01-06 08:18:00,202.0,fit
122048_1767686700,122048,2026-01-06 08:05:00,53699018591,2026-01-06 08:17:00,38.0,fit
132430_1767686700,132430,2026-01-06 08:05:00,53698549926,2026-01-06 08:16:00,64.0,fit
129964_1767686700,129964,2026-01-06 08:05:00,53700336414,2026-01-06 08:16:00,124.0,fit
122048_1767687000,122048,2026-01-06 08:10:00,53699018585,2026-01-06 08:22:00,18.0,fit
132430_1767687000,132430,2026-01-06 08:10:00,53698549938,2026-01-06 08:21:00,24.0,fit
129964_1767687000,129964,2026-01-06 08:10:00,53700336411,2026-01-06 08:21:00,109.0,fit
132430_1767687300,132430,2026-01-06 08:15:00,53698549939,2026-01-06 08:26:00,74.0,fit
122048_1767687300,122048,2026-01-06 08:15:00,53699018584,2026-01-06 08:26:00,-2.0,fit
129964_1767687300,129964,2026-01-06 08:15:00,53700336406,2026-01-06 08:26:00,42.0,fit
132430_1767687600,132430,2026-01-06 08:20:00,53698549931,2026-01-06 08:31:00,52.0,fit
122048_1767687600,122048,2026-01-06 08:20:00,53699018621,2026-01-06 08:31:00,133.0,fit
129964_1767687600,129964,2026-01-06 08:20:00,53700336404,2026-01-06 08:31:00,-4.0,fit
129964_1767687900,129964,2026-01-06 08:25:00,53700336401,2026-01-06 08:36:00,88.0,fit
132430_1767687900,132430,2026-01-06 08:25:00,53698549943,2026-01-06 08:36:00,-50.0,fit
122048_1767687900,122048,2026-01-06 08:25:00,53699018609,2026-01-06 08:37:00,146.0,fit
122658_1767688200,122658,2026-01-06 08:30:00,53699433998,2026-01-06 08:41:00,33.0,fit
131672_1767688200,131672,2026-01-06 08:30:00,53700172924,2026-01-06 08:44:00,-126.0,fit
130238_1767688200,130238,2026-01-06 08:30:00,53698370234,2026-01-06 08:43:00,40.0,fit
132430_1767688200,132430,2026-01-06 08:30:00,53698549382,2026-01-06 08:41:00,-161.0,fit
122048_1767688200,122048,2026-01-06 08:30:00,53699018616,2026-01-06 08:42:00,46.0,fit
134040_1767688200,134040,2026-01-06 08:30:00,53698328610,2026-01-06 08:42:00,-13.0,fit
122048_1767688500,122048,2026-01-06 08:35:00,53699018624,2026-01-06 08:46:00,125.0,fit
122658_1767688500,122658,2026-01-06 08:35:00,53699433997,2026-01-06 08:46:00,24.0,fit
134040_1767688500,134040,2026-01-06 08:35:00,53698328598,2026-01-06 08:49:00,105.0,fit
131672_1767688500,131672,2026-01-06 08:35:00,53700172926,2026-01-06 08:46:00,-126.0,fit
130238_1767688500,130238,2026-01-06 08:35:00,53698370254,2026-01-06 08:46:00,40.0,fit
132430_1767688500,132430,2026-01-06 08:35:00,53698549383,2026-01-06 08:46:00,-84.0,fit
122048_1767688800,122048,2026-01-06 08:40:00,53699018597,2026-01-06 08:51:00,98.0,fit
134040_1767688800,134040,2026-01-06 08:40:00,53698328608,2026-01-06 08:51:00,142.0,fit
132430_1767688800,132430,2026-01-06 08:40:00,53698549387,2026-01-06 08:52:00,257.0,fit
131672_1767688800,131672,2026-01-06 08:40:00,53700172922,2026-01-06 08:52:00,-126.0,fit
122658_1767688800,122658,2026-01-06 08:40:00,53699434001,2026-01-06 08:51:00,153.0,fit
130238_1767688800,130238,2026-01-06 08:40:00,53698370246,2026-01-06 08:51:00,40.0,fit
131672_1767689100,131672,2026-01-06 08:45:00,53700172947,2026-01-06 08:56:00,16.0,fit
122658_1767689100,122658,2026-01-06 08:45:00,53699433935,2026-01-06 08:59:00,-10.0,fit
134040_1767689100,134040,2026-01-06 08:45:00,53698328601,2026-01-06 08:57:00,187.0,fit
122048_1767689100,122048,2026-01-06 08:45:00,53699018619,2026-01-06 08:56:00,29.0,fit
132430_1767689100,132430,2026-01-06 08:45:00,53698549401,2026-01-06 08:56:00,257.0,fit
130238_1767689100,130238,2026-01-06 08:45:00,53698370255,2026-01-06 08:57:00,20.0,fit
122658_1767689400,122658,2026-01-06 08:50:00,53699433938,2026-01-06 09:01:00,-34.0,fit
131672_1767689400,131672,2026-01-06 08:50:00,53700172949,2026-01-06 09:01:00,17.0,fit
130238_1767689400,130238,2026-01-06 08:50:00,53698370248,2026-01-06 09:01:00,-82.0,fit
133300_1767689400,133300,2026-01-06 08:50:00,53700641021,2026-01-06 09:05:00,-26.0,fit
134040_1767689400,134040,2026-01-06 08:50:00,53698328605,2026-01-06 09:02:00,141.0,fit
132430_1767689400,132430,2026-01-06 08:50:00,53698549388,2026-01-06 09:01:00,380.0,fit
122048_1767689400,122048,2026-01-06 08:50:00,53699018594,2026-01-06 09:03:00,58.0,fit
130238_1767689700,130238,2026-01-06 08:55:00,53698370239,2026-01-06 09:06:00,-52.0,fit
122658_1767689700,122658,2026-01-06 08:55:00,53699433936,2026-01-06 09:06:00,-34.0,fit
122613_1767689700,122613,2026-01-06 08:55:00,53718539198,2026-01-06 09:06:00,0.0,fit
122048_1767689700,122048,2026-01-06 08:55:00,53699018604,2026-01-06 09:06:00,64.0,fit
132430_1767689700,132430,2026-01-06 08:55:00,53698549409,2026-01-06 09:07:00,215.0,fit
134040_1767689700,134040,2026-01-06 08:55:00,53698328599,2026-01-06 09:07:00,144.0,fit
133300_1767689700,133300,2026-01-06 08:55:00,53700641015,2026-01-06 09:07:00,-26.0,fit
131672_1767689700,131672,2026-01-06 08:55:00,53700172945,2026-01-06 09:10:00,56.0,fit
122048_1767690000,122048,2026-01-06 09:00:00,53699018607,2026-01-06 09:11:00,89.0,fit
134040_1767690000,134040,2026-01-06 09:00:00,53698328602,2026-01-06 09:11:00,102.0,fit
122658_1767690000,122658,2026-01-06 09:00:00,53699433950,2026-01-06 09:11:00,-34.0,fit
129964_1767690000,129964,2026-01-06 09:00:00,53700336520,2026-01-06 09:11:00,0.0,fit
131672_1767690000,131672,2026-01-06 09:00:00,53700172938,2026-01-06 09:12:00,26.0,fit
130238_1767690000,130238,2026-01-06 09:00:00,53698370243,2026-01-06 09:11:00,-7.0,fit
133300_1767690000,133300,2026-01-06 09:00:00,53700641022,2026-01-06 09:11:00,-26.0,fit
133957_1767690000,133957,2026-01-06 09:00:00,53699456369,2026-01-06 09:12:00,-9.0,fit
122048_1767690300,122048,2026-01-06 09:05:00,53699018589,2026-01-06 09:16:00,133.0,fit
129964_1767690300,129964,2026-01-06 09:05:00,53700336517,2026-01-06 09:16:00,26.0,fit
130238_1767690300,130238,2026-01-06 09:05:00,53698370229,2026-01-06 09:16:00,84.0,fit
133300_1767690300,133300,2026-01-06 09:05:00,53700641027,2026-01-06 09:16:00,9.0,fit
122658_1767690300,122658,2026-01-06 09:05:00,53699433949,2026-01-06 09:17:00,-34.0,fit
134040_1767690300,134040,2026-01-06 09:05:00,53698328606,2026-01-06 09:16:00,94.0,fit
131672_1767690300,131672,2026-01-06 09:05:00,53700172940,2026-01-06 09:17:00,-62.0,fit
133957_1767690300,133957,2026-01-06 09:05:00,53699456373,2026-01-06 09:16:00,-49.0,fit
130238_1767690600,130238,2026-01-06 09:10:00,53698370253,2026-01-06 09:21:00,64.0,fit
133300_1767690600,133300,2026-01-06 09:10:00,53700641028,2026-01-06 09:21:00,70.0,fit
131672_1767690600,131672,2026-01-06 09:10:00,53700172935,2026-01-06 09:22:00,-222.0,fit
122658_1767690600,122658,2026-01-06 09:10:00,53699433943,2026-01-06 09:22:00,-34.0,fit
129964_1767690600,129964,2026-01-06 09:10:00,53700336514,2026-01-06 09:22:00,79.0,fit
133957_1767690600,133957,2026-01-06 09:10:00,53699456382,2026-01-06 09:22:00,-114.0,fit
122658_1767690900,122658,2026-01-06 09:15:00,53699433941,2026-01-06 09:27:00,-34.0,fit
133300_1767690900,133300,2026-01-06 09:15:00,53700641034,2026-01-06 09:26:00,43.0,fit
133957_1767690900,133957,2026-01-06 09:15:00,53699456385,2026-01-06 09:27:00,-88.0,fit
131672_1767690900,131672,2026-01-06 09:15:00,53700172951,2026-01-06 09:29:00,-224.0,fit
129964_1767690900,129964,2026-01-06 09:15:00,53700336511,2026-01-06 09:27:00,119.0,fit
131672_1767691200,131672,2026-01-06 09:20:00,53700172952,2026-01-06 09:31:00,-76.0,fit
129964_1767691200,129964,2026-01-06 09:20:00,53700336508,2026-01-06 09:31:00,90.0,fit
133957_1767691200,133957,2026-01-06 09:20:00,53699456388,2026-01-06 09:31:00,-101.0,fit
130238_1767691200,130238,2026-01-06 09:20:00,53698370272,2026-01-06 09:32:00,31.0,fit
133300_1767691200,133300,2026-01-06 09:20:00,53700641035,2026-01-06 09:31:00,60.0,fit
129964_1767691500,129964,2026-01-06 09:25:00,53700336504,2026-01-06 09:36:00,72.0,fit
131672_1767691500,131672,2026-01-06 09:25:00,53700172932,2026-01-06 09:36:00,-17.0,fit
130238_1767691500,130238,2026-01-06 09:25:00,53698370290,2026-01-06 09:37:00,38.0,fit
133957_1767691800,133957,2026-01-06 09:30:00,53699456411,2026-01-06 09:41:00,9.0,fit
129964_1767691800,129964,2026-01-06 09:30:00,53700336500,2026-01-06 09:42:00,57.0,fit
122048_1767691800,122048,2026-01-06 09:30:00,53699019175,2026-01-06 09:42:00,35.0,fit
130238_1767691800,130238,2026-01-06 09:30:00,53698370266,2026-01-06 09:42:00,38.0,fit
130238_1767692100,130238,2026-01-06 09:35:00,53698370265,2026-01-06 09:46:00,0.0,fit
133957_1767692100,133957,2026-01-06 09:35:00,53699456415,2026-01-06 09:47:00,9.0,fit
129964_1767692100,129964,2026-01-06 09:35:00,53700336498,2026-01-06 09:46:00,78.0,fit
122048_1767692100,122048,2026-01-06 09:35:00,53699019152,2026-01-06 09:46:00,35.0,fit
129964_1767692400,129964,2026-01-06 09:40:00,53700336494,2026-01-06 09:52:00,100.0,fit
130238_1767692400,130238,2026-01-06 09:40:00,53698370275,2026-01-06 09:51:00,0.0,fit
133957_1767692400,133957,2026-01-06 09:40:00,53699456405,2026-01-06 09:52:00,9.0,fit
122048_1767692400,122048,2026-01-06 09:40:00,53699019156,2026-01-06 09:51:00,35.0,fit
130238_1767692700,130238,2026-01-06 09:45:00,53698370292,2026-01-06 09:56:00,0.0,fit
122048_1767692700,122048,2026-01-06 09:45:00,53699019154,2026-01-06 09:56:00,204.0,fit
133957_1767692700,133957,2026-01-06 09:45:00,53699456408,2026-01-06 09:56:00,40.0,fit
130238_1767693000,130238,2026-01-06 09:50:00,53698370285,2026-01-06 10:01:00,0.0,fit
122048_1767693000,122048,2026-01-06 09:50:00,53699019157,2026-01-06 10:02:00,98.0,fit
133957_1767693000,133957,2026-01-06 09:50:00,53699456396,2026-01-06 10:02:00,208.0,fit
130238_1767693300,130238,2026-01-06 09:55:00,53698370279,2026-01-06 10:06:00,0.0,fit
132430_1767693300,132430,2026-01-06 09:55:00,53698549361,2026-01-06 10:09:00,-212.0,fit
133957_1767693300,133957,2026-01-06 09:55:00,53699456399,2026-01-06 10:06:00,142.0,fit
122048_1767693300,122048,2026-01-06 09:55:00,53699019164,2026-01-06 10:07:00,-96.0,fit
122613_1767693600,122613,2026-01-06 10:00:00,53718539224,2026-01-06 10:11:00,-157.0,fit
122048_1767693600,122048,2026-01-06 10:00:00,53699019185,2026-01-06 10:11:00,-59.0,fit
133300_1767693600,133300,2026-01-06 10:00:00,53700641071,2026-01-06 10:11:00,-17.0,fit
132430_1767693600,132430,2026-01-06 10:00:00,53698549362,2026-01-06 10:11:00,-212.0,fit
133957_1767693600,133957,2026-01-06 10:00:00,53699456453,2026-01-06 10:11:00,132.0,fit
122613_1767693900,122613,2026-01-06 10:05:00,53718539217,2026-01-06 10:19:00,-191.0,fit
122048_1767693900,122048,2026-01-06 10:05:00,53699019188,2026-01-06 10:16:00,-81.0,fit
133957_1767693900,133957,2026-01-06 10:05:00,53699456457,2026-01-06 10:18:00,29.0,fit
132430_1767693900,132430,2026-01-06 10:05:00,53698549365,2026-01-06 10:16:00,-212.0,fit
133300_1767694200,133300,2026-01-06 10:10:00,53700641090,2026-01-06 10:25:00,104.0,fit
122613_1767694200,122613,2026-01-06 10:10:00,53718539218,2026-01-06 10:21:00,-181.0,fit
122048_1767694200,122048,2026-01-06 10:10:00,53699019168,2026-01-06 10:22:00,-91.0,fit
132430_1767694200,132430,2026-01-06 10:10:00,53698549366,2026-01-06 10:22:00,132.0,fit
133957_1767694200,133957,2026-01-06 10:10:00,53699456459,2026-01-06 10:21:00,45.0,fit
122613_1767694500,122613,2026-01-06 10:15:00,53718539230,2026-01-06 10:26:00,-185.0,fit
132430_1767694500,132430,2026-01-06 10:15:00,53698549374,2026-01-06 10:26:00,132.0,fit
133957_1767694500,133957,2026-01-06 10:15:00,53699456447,2026-01-06 10:26:00,-21.0,fit
122048_1767694500,122048,2026-01-06 10:15:00,53699019171,2026-01-06 10:27:00,-104.0,fit
133300_1767694500,133300,2026-01-06 10:15:00,53700641084,2026-01-06 10:27:00,183.0,fit
132430_1767694800,132430,2026-01-06 10:20:00,53698549370,2026-01-06 10:31:00,36.0,fit
133957_1767694800,133957,2026-01-06 10:20:00,53699456451,2026-01-06 10:31:00,42.0,fit
122048_1767694800,122048,2026-01-06 10:20:00,53699019169,2026-01-06 10:31:00,-106.0,fit
122613_1767694800,122613,2026-01-06 10:20:00,53718539208,2026-01-06 10:32:00,-108.0,fit
133300_1767694800,133300,2026-01-06 10:20:00,53700641091,2026-01-06 10:31:00,183.0,fit
122613_1767695100,122613,2026-01-06 10:25:00,53718539220,2026-01-06 10:36:00,-99.0,fit
122048_1767695100,122048,2026-01-06 10:25:00,53699019173,2026-01-06 10:37:00,-136.0,fit
133300_1767695100,133300,2026-01-06 10:25:00,53700641097,2026-01-06 10:36:00,-63.0,fit
132430_1767695100,132430,2026-01-06 10:25:00,53698549377,2026-01-06 10:36:00,106.0,fit
133957_1767695100,133957,2026-01-06 10:25:00,53699456439,2026-01-06 10:37:00,-15.0,fit
132430_1767695400,132430,2026-01-06 10:30:00,53698549355,2026-01-06 10:42:00,188.0,fit
129964_1767695400,129964,2026-01-06 10:30:00,53700336553,2026-01-06 10:45:00,90.0,fit
130238_1767695400,130238,2026-01-06 10:30:00,53698370404,2026-01-06 10:42:00,0.0,fit
122613_1767695400,122613,2026-01-06 10:30:00,53718539241,2026-01-06 10:41:00,-122.0,fit
133957_1767695400,133957,2026-01-06 10:30:00,53699456442,2026-01-06 10:41:00,-1.0,fit
129964_1767695700,129964,2026-01-06 10:35:00,53700336552,2026-01-06 10:46:00,90.0,fit
132430_1767695700,132430,2026-01-06 10:35:00,53698549379,2026-01-06 10:46:00,217.0,fit
130238_1767695700,130238,2026-01-06 10:35:00,53698370400,2026-01-06 10:46:00,0.0,fit
122613_1767695700,122613,2026-01-06 10:35:00,53718539212,2026-01-06 10:46:00,5.0,fit
129964_1767696000,129964,2026-01-06 10:40:00,53700336548,2026-01-06 10:51:00,90.0,fit
133957_1767696000,133957,2026-01-06 10:40:00,53699456417,2026-01-06 10:53:00,-7.0,fit
132430_1767696000,132430,2026-01-06 10:40:00,53698549455,2026-01-06 10:51:00,-5.0,fit
130238_1767696000,130238,2026-01-06 10:40:00,53698370415,2026-01-06 10:51:00,16.0,fit
132430_1767696300,132430,2026-01-06 10:45:00,53698549448,2026-01-06 10:56:00,14.0,fit
129964_1767696300,129964,2026-01-06 10:45:00,53700336544,2026-01-06 10:57:00,-51.0,fit
133957_1767696300,133957,2026-01-06 10:45:00,53699456419,2026-01-06 10:56:00,107.0,fit
130238_1767696300,130238,2026-01-06 10:45:00,53698370422,2026-01-06 10:56:00,-13.0,fit
132430_1767696600,132430,2026-01-06 10:50:00,53698549463,2026-01-06 11:02:00,48.0,fit
129964_1767696600,129964,2026-01-06 10:50:00,53700336539,2026-01-06 11:01:00,-10.0,fit
133957_1767696600,133957,2026-01-06 10:50:00,53699456423,2026-01-06 11:01:00,107.0,fit
130238_1767696600,130238,2026-01-06 10:50:00,53698370407,2026-01-06 11:01:00,16.0,fit
129964_1767696900,129964,2026-01-06 10:55:00,53700336580,2026-01-06 11:08:00,107.0,fit
122613_1767696900,122613,2026-01-06 10:55:00,53718539260,2026-01-06 11:06:00,31.0,fit
133957_1767696900,133957,2026-01-06 10:55:00,53699456433,2026-01-06 11:07:00,155.0,fit
132430_1767696900,132430,2026-01-06 10:55:00,53698549453,2026-01-06 11:07:00,237.0,fit
130238_1767696900,130238,2026-01-06 10:55:00,53698370414,2026-01-06 11:06:00,-74.0,fit
132430_1767697200,132430,2026-01-06 11:00:00,53698549459,2026-01-06 11:11:00,267.0,fit
133300_1767697200,133300,2026-01-06 11:00:00,53700641371,2026-01-06 11:11:00,243.0,fit
133957_1767697200,133957,2026-01-06 11:00:00,53699456436,2026-01-06 11:12:00,167.0,fit
129964_1767697200,129964,2026-01-06 11:00:00,53700336578,2026-01-06 11:12:00,120.0,fit
130238_1767697200,130238,2026-01-06 11:00:00,53698370398,2026-01-06 11:11:00,39.0,fit
129964_1767697500,129964,2026-01-06 11:05:00,53700336576,2026-01-06 11:16:00,169.0,fit
133957_1767697500,133957,2026-01-06 11:05:00,53699456425,2026-01-06 11:16:00,161.0,fit
132430_1767697500,132430,2026-01-06 11:05:00,53698549443,2026-01-06 11:16:00,159.0,fit
130238_1767697500,130238,2026-01-06 11:05:00,53698370411,2026-01-06 11:16:00,41.0,fit
133300_1767697500,133300,2026-01-06 11:05:00,53700641355,2026-01-06 11:16:00,-52.0,fit
133957_1767697800,133957,2026-01-06 11:10:00,53699456429,2026-01-06 11:21:00,86.0,fit
135081_1767697800,135081,2026-01-06 11:10:00,53718723956,2026-01-06 11:25:00,277.0,fit
132430_1767697800,132430,2026-01-06 11:10:00,53698549467,2026-01-06 11:21:00,62.0,fit
133300_1767697800,133300,2026-01-06 11:10:00,53700641356,2026-01-06 11:21:00,12.0,fit
129964_1767697800,129964,2026-01-06 11:10:00,53700336572,2026-01-06 11:21:00,138.0,fit
135081_1767698100,135081,2026-01-06 11:15:00,53718723950,2026-01-06 11:26:00,277.0,fit
133300_1767698100,133300,2026-01-06 11:15:00,53700641362,2026-01-06 11:26:00,28.0,fit
132430_1767698100,132430,2026-01-06 11:15:00,53698549449,2026-01-06 11:27:00,55.0,fit
133957_1767698100,133957,2026-01-06 11:15:00,53699456470,2026-01-06 11:26:00,21.0,fit
131672_1767698100,131672,2026-01-06 11:15:00,53718793654,2026-01-06 11:27:00,-92.0,fit
129964_1767698100,129964,2026-01-06 11:15:00,53700336569,2026-01-06 11:26:00,86.0,fit
135081_1767698400,135081,2026-01-06 11:20:00,53718723963,2026-01-06 11:31:00,277.0,fit
129964_1767698400,129964,2026-01-06 11:20:00,53700336564,2026-01-06 11:31:00,12.0,fit
132430_1767698400,132430,2026-01-06 11:20:00,53698549446,2026-01-06 11:32:00,96.0,fit
131672_1767698400,131672,2026-01-06 11:20:00,53718793644,2026-01-06 11:32:00,-92.0,fit
133957_1767698400,133957,2026-01-06 11:20:00,53699456461,2026-01-06 11:31:00,36.0,fit
133300_1767698400,133300,2026-01-06 11:20:00,53700641363,2026-01-06 11:31:00,60.0,fit
131672_1767698700,131672,2026-01-06 11:25:00,53718793647,2026-01-06 11:36:00,-92.0,fit
129964_1767698700,129964,2026-01-06 11:25:00,53700336562,2026-01-06 11:36:00,-27.0,fit
135081_1767698700,135081,2026-01-06 11:25:00,53718723953,2026-01-06 11:36:00,77.0,fit
133957_1767698700,133957,2026-01-06 11:25:00,53699456464,2026-01-06 11:37:00,-27.0,fit
133957_1767699000,133957,2026-01-06 11:30:00,53699456474,2026-01-06 11:41:00,-78.0,fit
129964_1767699000,129964,2026-01-06 11:30:00,53700336559,2026-01-06 11:41:00,19.0,fit
132430_1767699000,132430,2026-01-06 11:30:00,53698549527,2026-01-06 11:44:00,49.0,fit
135081_1767699000,135081,2026-01-06 11:30:00,53718723960,2026-01-06 11:42:00,242.0,fit
122613_1767699000,122613,2026-01-06 11:30:00,53718539277,2026-01-06 11:42:00,0.0,fit
131672_1767699000,131672,2026-01-06 11:30:00,53718793643,2026-01-06 11:44:00,59.0,fit
132430_1767699300,132430,2026-01-06 11:35:00,53698549528,2026-01-06 11:46:00,49.0,fit
122613_1767699300,122613,2026-01-06 11:35:00,53718539279,2026-01-06 11:46:00,0.0,fit
129964_1767699300,129964,2026-01-06 11:35:00,53700336555,2026-01-06 11:46:00,-49.0,fit
133957_1767699300,133957,2026-01-06 11:35:00,53699456477,2026-01-06 11:47:00,-169.0,fit
131672_1767699300,131672,2026-01-06 11:35:00,53718793637,2026-01-06 11:46:00,30.0,fit
135081_1767699300,135081,2026-01-06 11:35:00,53718723936,2026-01-06 11:46:00,132.0,fit
131672_1767699600,131672,2026-01-06 11:40:00,53718793639,2026-01-06 11:53:00,114.0,fit
133957_1767699600,133957,2026-01-06 11:40:00,53699456480,2026-01-06 11:52:00,-150.0,fit
135081_1767699600,135081,2026-01-06 11:40:00,53718723959,2026-01-06 11:51:00,50.0,fit
132430_1767699600,132430,2026-01-06 11:40:00,53698549525,2026-01-06 11:51:00,49.0,fit
122613_1767699600,122613,2026-01-06 11:40:00,53718539270,2026-01-06 11:52:00,0.0,fit
135081_1767699900,135081,2026-01-06 11:45:00,53718723937,2026-01-06 11:58:00,54.0,fit
129964_1767699900,129964,2026-01-06 11:45:00,53700336656,2026-01-06 11:57:00,53.0,fit
132430_1767699900,132430,2026-01-06 11:45:00,53698549521,2026-01-06 11:57:00,14.0,fit
131672_1767699900,131672,2026-01-06 11:45:00,53718793651,2026-01-06 11:57:00,14.0,fit
133957_1767699900,133957,2026-01-06 11:45:00,53699456473,2026-01-06 11:56:00,-181.0,fit
122613_1767699900,122613,2026-01-06 11:45:00,53718539307,2026-01-06 11:56:00,0.0,fit
131672_1767700200,131672,2026-01-06 11:50:00,53718793653,2026-01-06 12:01:00,53.0,fit
129964_1767700200,129964,2026-01-06 11:50:00,53700336653,2026-01-06 12:01:00,49.0,fit
133957_1767700200,133957,2026-01-06 11:50:00,53699456505,2026-01-06 12:05:00,-288.0,fit
135081_1767700200,135081,2026-01-06 11:50:00,53718723939,2026-01-06 12:02:00,36.0,fit
132430_1767700200,132430,2026-01-06 11:50:00,53698549505,2026-01-06 12:01:00,14.0,fit
122613_1767700200,122613,2026-01-06 11:50:00,53718539299,2026-01-06 12:01:00,-25.0,fit
129964_1767700500,129964,2026-01-06 11:55:00,53700336648,2026-01-06 12:07:00,49.0,fit
132430_1767700500,132430,2026-01-06 11:55:00,53698549504,2026-01-06 12:06:00,-115.0,fit
133957_1767700500,133957,2026-01-06 11:55:00,53699456506,2026-01-06 12:08:00,-158.0,fit
131672_1767700500,131672,2026-01-06 11:55:00,53718793648,2026-01-06 12:06:00,-13.0,fit
122613_1767700500,122613,2026-01-06 11:55:00,53718539309,2026-01-06 12:06:00,-265.0,fit
135081_1767700500,135081,2026-01-06 11:55:00,53718723968,2026-01-06 12:07:00,-18.0,fit
122048_1767700800,122048,2026-01-06 12:00:00,53699019078,2026-01-06 12:11:00,-314.0,fit
131672_1767700800,131672,2026-01-06 12:00:00,53718793665,2026-01-06 12:12:00,-70.0,fit
133300_1767700800,133300,2026-01-06 12:00:00,53700641057,2026-01-06 12:11:00,16.0,fit
122613_1767700800,122613,2026-01-06 12:00:00,53718539304,2026-01-06 12:11:00,-114.0,fit
122658_1767700800,122658,2026-01-06 12:00:00,53699433861,2026-01-06 12:12:00,50.0,fit
122048_1767701100,122048,2026-01-06 12:05:00,53699019067,2026-01-06 12:17:00,294.0,fit
122658_1767701100,122658,2026-01-06 12:05:00,53699433872,2026-01-06 12:17:00,216.0,fit
122613_1767701100,122613,2026-01-06 12:05:00,53718539300,2026-01-06 12:19:00,-156.0,fit
131672_1767701100,131672,2026-01-06 12:05:00,53718793660,2026-01-06 12:16:00,-83.0,fit
122613_1767701400,122613,2026-01-06 12:10:00,53718539301,2026-01-06 12:21:00,-83.0,fit
122048_1767701400,122048,2026-01-06 12:10:00,53699019081,2026-01-06 12:22:00,432.0,fit
133300_1767701400,133300,2026-01-06 12:10:00,53700641253,2026-01-06 12:25:00,140.0,fit
131672_1767701400,131672,2026-01-06 12:10:00,53718793658,2026-01-06 12:23:00,-31.0,fit
133300_1767701700,133300,2026-01-06 12:15:00,53700641247,2026-01-06 12:27:00,295.0,fit
122658_1767701700,122658,2026-01-06 12:15:00,53699433854,2026-01-06 12:26:00,121.0,fit
122048_1767701700,122048,2026-01-06 12:15:00,53699019080,2026-01-06 12:27:00,427.0,fit
122613_1767701700,122613,2026-01-06 12:15:00,53718539297,2026-01-06 12:26:00,-71.0,fit
122658_1767702000,122658,2026-01-06 12:20:00,53699433856,2026-01-06 12:31:00,121.0,fit
133300_1767702000,133300,2026-01-06 12:20:00,53700641254,2026-01-06 12:31:00,295.0,fit
122613_1767702000,122613,2026-01-06 12:20:00,53718539283,2026-01-06 12:32:00,-155.0,fit
122048_1767702000,122048,2026-01-06 12:20:00,53699019072,2026-01-06 12:31:00,345.0,fit
122658_1767702300,122658,2026-01-06 12:25:00,53699433849,2026-01-06 12:38:00,121.0,fit
122048_1767702300,122048,2026-01-06 12:25:00,53699019063,2026-01-06 12:37:00,320.0,fit
122613_1767702300,122613,2026-01-06 12:25:00,53718539295,2026-01-06 12:36:00,-90.0,fit
133300_1767702300,133300,2026-01-06 12:25:00,53700641238,2026-01-06 12:36:00,-7.0,fit
133957_1767702600,133957,2026-01-06 12:30:00,53699456551,2026-01-06 12:42:00,65.0,fit
133300_1767702600,133300,2026-01-06 12:30:00,53700641239,2026-01-06 12:41:00,60.0,fit
132430_1767702600,132430,2026-01-06 12:30:00,53698549414,2026-01-06 12:42:00,101.0,fit
122658_1767702600,122658,2026-01-06 12:30:00,53699433851,2026-01-06 12:44:00,0.0,fit
122048_1767702600,122048,2026-01-06 12:30:00,53699019094,2026-01-06 12:42:00,228.0,fit
135081_1767702600,135081,2026-01-06 12:30:00,53718723993,2026-01-06 12:43:00,-51.0,fit
135081_1767702900,135081,2026-01-06 12:35:00,53718723983,2026-01-06 12:46:00,-36.0,fit
133300_1767702900,133300,2026-01-06 12:35:00,53700641245,2026-01-06 12:46:00,51.0,fit
122658_1767702900,122658,2026-01-06 12:35:00,53699433852,2026-01-06 12:47:00,0.0,fit
122048_1767702900,122048,2026-01-06 12:35:00,53699019071,2026-01-06 12:47:00,207.0,fit
133957_1767702900,133957,2026-01-06 12:35:00,53699456541,2026-01-06 12:47:00,143.0,fit
132430_1767702900,132430,2026-01-06 12:35:00,53698549421,2026-01-06 12:46:00,104.0,fit
134040_1767703200,134040,2026-01-06 12:40:00,53698328493,2026-01-06 12:55:00,-28.0,fit
122658_1767703200,122658,2026-01-06 12:40:00,53699433841,2026-01-06 12:52:00,0.0,fit
131672_1767703200,131672,2026-01-06 12:40:00,53718793678,2026-01-06 12:53:00,-207.0,fit
132430_1767703200,132430,2026-01-06 12:40:00,53698549417,2026-01-06 12:51:00,0.0,fit
122048_1767703200,122048,2026-01-06 12:40:00,53699019069,2026-01-06 12:51:00,175.0,fit
133957_1767703200,133957,2026-01-06 12:40:00,53699456544,2026-01-06 12:51:00,157.0,fit
133300_1767703200,133300,2026-01-06 12:40:00,53700641246,2026-01-06 12:51:00,59.0,fit
135081_1767703200,135081,2026-01-06 12:40:00,53718723995,2026-01-06 12:51:00,-60.0,fit
133957_1767703500,133957,2026-01-06 12:45:00,53699456532,2026-01-06 12:56:00,164.0,fit
132430_1767703500,132430,2026-01-06 12:45:00,53698549428,2026-01-06 12:56:00,-120.0,fit
134040_1767703500,134040,2026-01-06 12:45:00,53698328476,2026-01-06 12:56:00,-28.0,fit
122658_1767703500,122658,2026-01-06 12:45:00,53699433844,2026-01-06 12:56:00,0.0,fit
131672_1767703500,131672,2026-01-06 12:45:00,53718793681,2026-01-06 12:56:00,-207.0,fit
122048_1767703500,122048,2026-01-06 12:45:00,53699019097,2026-01-06 12:56:00,197.0,fit
135081_1767703500,135081,2026-01-06 12:45:00,53718723999,2026-01-06 12:56:00,-131.0,fit
132430_1767703800,132430,2026-01-06 12:50:00,53698549429,2026-01-06 13:02:00,-140.0,fit
122658_1767703800,122658,2026-01-06 12:50:00,53699434102,2026-01-06 13:01:00,0.0,fit
135081_1767703800,135081,2026-01-06 12:50:00,53718724003,2026-01-06 13:02:00,-171.0,fit
131672_1767703800,131672,2026-01-06 12:50:00,53718793676,2026-01-06 13:01:00,-207.0,fit
134040_1767703800,134040,2026-01-06 12:50:00,53698328490,2026-01-06 13:01:00,-28.0,fit
133957_1767703800,133957,2026-01-06 12:50:00,53699456534,2026-01-06 13:01:00,77.0,fit
133300_1767703800,133300,2026-01-06 12:50:00,53700641252,2026-01-06 13:01:00,158.0,fit
122048_1767703800,122048,2026-01-06 12:50:00,53699019090,2026-01-06 13:01:00,98.0,fit
131672_1767704100,131672,2026-01-06 12:55:00,53718793672,2026-01-06 13:06:00,53.0,fit
132430_1767704100,132430,2026-01-06 12:55:00,53698549433,2026-01-06 13:07:00,-120.0,fit
133957_1767704100,133957,2026-01-06 12:55:00,53699456538,2026-01-06 13:07:00,170.0,fit
135081_1767704100,135081,2026-01-06 12:55:00,53718724004,2026-01-06 13:06:00,-93.0,fit
122658_1767704100,122658,2026-01-06 12:55:00,53699434098,2026-01-06 13:07:00,0.0,fit
134040_1767704100,134040,2026-01-06 12:55:00,53698328494,2026-01-06 13:06:00,-35.0,fit
122048_1767704100,122048,2026-01-06 12:55:00,53699019020,2026-01-06 13:10:00,84.0,fit
122048_1767704400,122048,2026-01-06 13:00:00,53699019021,2026-01-06 13:12:00,84.0,fit
134040_1767704400,134040,2026-01-06 13:00:00,53698328470,2026-01-06 13:11:00,78.0,fit
135081_1767704400,135081,2026-01-06 13:00:00,53718724008,2026-01-06 13:11:00,6.0,fit
122658_1767704400,122658,2026-01-06 13:00:00,53699434096,2026-01-06 13:12:00,0.0,fit
129964_1767704400,129964,2026-01-06 13:00:00,53700336626,2026-01-06 13:11:00,-57.0,fit
122048_1767704700,122048,2026-01-06 13:05:00,53699019024,2026-01-06 13:17:00,84.0,fit
132430_1767704700,132430,2026-01-06 13:05:00,53698549265,2026-01-06 13:19:00,-74.0,fit
134040_1767704700,134040,2026-01-06 13:05:00,53698328491,2026-01-06 13:16:00,76.0,fit
122658_1767704700,122658,2026-01-06 13:05:00,53699434095,2026-01-06 13:16:00,148.0,fit
129964_1767704700,129964,2026-01-06 13:05:00,53700336622,2026-01-06 13:16:00,-57.0,fit
134040_1767705000,134040,2026-01-06 13:10:00,53698328488,2026-01-06 13:22:00,83.0,fit
122658_1767705000,122658,2026-01-06 13:10:00,53699434091,2026-01-06 13:21:00,319.0,fit
122048_1767705000,122048,2026-01-06 13:10:00,53699019019,2026-01-06 13:21:00,0.0,fit
129964_1767705000,129964,2026-01-06 13:10:00,53700336618,2026-01-06 13:22:00,-106.0,fit
132430_1767705000,132430,2026-01-06 13:10:00,53698549268,2026-01-06 13:21:00,-74.0,fit
132430_1767705300,132430,2026-01-06 13:15:00,53698549267,2026-01-06 13:26:00,-74.0,fit
122048_1767705300,122048,2026-01-06 13:15:00,53699019022,2026-01-06 13:26:00,0.0,fit
129964_1767705300,129964,2026-01-06 13:15:00,53700336613,2026-01-06 13:26:00,-157.0,fit
134040_1767705300,134040,2026-01-06 13:15:00,53698328492,2026-01-06 13:26:00,-16.0,fit
132430_1767705600,132430,2026-01-06 13:20:00,53698549274,2026-01-06 13:32:00,16.0,fit
133957_1767705600,133957,2026-01-06 13:20:00,53699456510,2026-01-06 13:32:00,139.0,fit
129964_1767705600,129964,2026-01-06 13:20:00,53700336609,2026-01-06 13:33:00,-129.0,fit
122658_1767705600,122658,2026-01-06 13:20:00,53699434089,2026-01-06 13:33:00,413.0,fit
122048_1767705600,122048,2026-01-06 13:20:00,53699019042,2026-01-06 13:32:00,0.0,fit
134040_1767705600,134040,2026-01-06 13:20:00,53698328496,2026-01-06 13:32:00,27.0,fit
122613_1767705900,122613,2026-01-06 13:25:00,53718539331,2026-01-06 13:36:00,64.0,fit
133957_1767705900,133957,2026-01-06 13:25:00,53699456512,2026-01-06 13:36:00,139.0,fit
132430_1767705900,132430,2026-01-06 13:25:00,53698549260,2026-01-06 13:36:00,16.0,fit
129964_1767705900,129964,2026-01-06 13:25:00,53700336607,2026-01-06 13:37:00,-135.0,fit
122658_1767705900,122658,2026-01-06 13:25:00,53699434088,2026-01-06 13:38:00,406.0,fit
134040_1767705900,134040,2026-01-06 13:25:00,53698328472,2026-01-06 13:36:00,62.0,fit
122048_1767705900,122048,2026-01-06 13:25:00,53699019049,2026-01-06 13:37:00,0.0,fit
135081_1767705900,135081,2026-01-06 13:25:00,53718724043,2026-01-06 13:37:00,9.0,fit
122048_1767706200,122048,2026-01-06 13:30:00,53699019052,2026-01-06 13:42:00,0.0,fit
131672_1767706200,131672,2026-01-06 13:30:00,53718793683,2026-01-06 13:41:00,11.0,fit
129964_1767706200,129964,2026-01-06 13:30:00,53700336605,2026-01-06 13:41:00,-20.0,fit
132430_1767706200,132430,2026-01-06 13:30:00,53698549261,2026-01-06 13:41:00,31.0,fit
134040_1767706200,134040,2026-01-06 13:30:00,53698328695,2026-01-06 13:41:00,112.0,fit
134040_1767706500,134040,2026-01-06 13:35:00,53698328682,2026-01-06 13:47:00,75.0,fit
132430_1767706500,132430,2026-01-06 13:35:00,53698549279,2026-01-06 13:46:00,83.0,fit
131672_1767706500,131672,2026-01-06 13:35:00,53718793703,2026-01-06 13:46:00,82.0,fit
122048_1767706500,122048,2026-01-06 13:35:00,53699019051,2026-01-06 13:47:00,0.0,fit
129964_1767706500,129964,2026-01-06 13:35:00,53700336601,2026-01-06 13:46:00,26.0,fit
129964_1767706800,129964,2026-01-06 13:40:00,53700336598,2026-01-06 13:51:00,-73.0,fit
134040_1767706800,134040,2026-01-06 13:40:00,53698328686,2026-01-06 13:51:00,123.0,fit
122048_1767706800,122048,2026-01-06 13:40:00,53699019054,2026-01-06 13:51:00,0.0,fit
132430_1767706800,132430,2026-01-06 13:40:00,53698549275,2026-01-06 13:52:00,125.0,fit
134040_1767707100,134040,2026-01-06 13:45:00,53698328690,2026-01-06 13:57:00,109.0,fit
129964_1767707100,129964,2026-01-06 13:45:00,53700336593,2026-01-06 13:56:00,-133.0,fit
122048_1767707100,122048,2026-01-06 13:45:00,53699019029,2026-01-06 13:56:00,0.0,fit
132430_1767707100,132430,2026-01-06 13:45:00,53698549277,2026-01-06 13:56:00,165.0,fit
122048_1767707400,122048,2026-01-06 13:50:00,53699019027,2026-01-06 14:01:00,0.0,fit
134040_1767707400,134040,2026-01-06 13:50:00,53698328683,2026-01-06 14:01:00,231.0,fit
129964_1767707400,129964,2026-01-06 13:50:00,53700336591,2026-01-06 14:01:00,-88.0,fit
132430_1767707400,132430,2026-01-06 13:50:00,53698549675,2026-01-06 14:01:00,32.0,fit
122048_1767707700,122048,2026-01-06 13:55:00,53699019031,2026-01-06 14:08:00,0.0,fit
134040_1767707700,134040,2026-01-06 13:55:00,53698328677,2026-01-06 14:06:00,290.0,fit
132430_1767707700,132430,2026-01-06 13:55:00,53698549674,2026-01-06 14:06:00,74.0,fit
129964_1767707700,129964,2026-01-06 13:55:00,53700336588,2026-01-06 14:06:00,13.0,fit
133957_1767708000,133957,2026-01-06 14:00:00,53699456554,2026-01-06 14:12:00,251.0,fit
132430_1767708000,132430,2026-01-06 14:00:00,53698549693,2026-01-06 14:12:00,119.0,fit
129964_1767708000,129964,2026-01-06 14:00:00,53700336584,2026-01-06 14:11:00,-29.0,fit
122613_1767708000,122613,2026-01-06 14:00:00,53718539334,2026-01-06 14:12:00,0.0,fit
135081_1767708000,135081,2026-01-06 14:00:00,53718724022,2026-01-06 14:12:00,285.0,fit
133957_1767708300,133957,2026-01-06 14:05:00,53699456556,2026-01-06 14:16:00,262.0,fit
122613_1767708300,122613,2026-01-06 14:05:00,53718539340,2026-01-06 14:16:00,0.0,fit
132430_1767708300,132430,2026-01-06 14:05:00,53698549688,2026-01-06 14:17:00,44.0,fit
135081_1767708300,135081,2026-01-06 14:05:00,53718724030,2026-01-06 14:16:00,174.0,fit
129964_1767708600,129964,2026-01-06 14:10:00,53700336720,2026-01-06 14:22:00,-29.0,fit
122613_1767708600,122613,2026-01-06 14:10:00,53718539335,2026-01-06 14:22:00,0.0,fit
135081_1767708600,135081,2026-01-06 14:10:00,53718724034,2026-01-06 14:21:00,39.0,fit
131672_1767708600,131672,2026-01-06 14:10:00,53718793731,2026-01-06 14:23:00,51.0,fit
132430_1767708600,132430,2026-01-06 14:10:00,53698549697,2026-01-06 14:21:00,146.0,fit
133957_1767708600,133957,2026-01-06 14:10:00,53699456571,2026-01-06 14:22:00,222.0,fit
131672_1767708900,131672,2026-01-06 14:15:00,53718793734,2026-01-06 14:26:00,51.0,fit
132430_1767708900,132430,2026-01-06 14:15:00,53698549685,2026-01-06 14:26:00,98.0,fit
122613_1767708900,122613,2026-01-06 14:15:00,53718539356,2026-01-06 14:26:00,0.0,fit
135081_1767708900,135081,2026-01-06 14:15:00,53718724042,2026-01-06 14:26:00,-1.0,fit
129964_1767708900,129964,2026-01-06 14:15:00,53700336717,2026-01-06 14:26:00,-6.0,fit
133957_1767708900,133957,2026-01-06 14:15:00,53699456573,2026-01-06 14:26:00,225.0,fit
132430_1767709200,132430,2026-01-06 14:20:00,53698549689,2026-01-06 14:31:00,31.0,fit
122613_1767709200,122613,2026-01-06 14:20:00,53718539384,2026-01-06 14:31:00,0.0,fit
135081_1767709200,135081,2026-01-06 14:20:00,53718724083,2026-01-06 14:31:00,-85.0,fit
133957_1767709200,133957,2026-01-06 14:20:00,53699456564,2026-01-06 14:31:00,219.0,fit
131672_1767709200,131672,2026-01-06 14:20:00,53718793729,2026-01-06 14:31:00,51.0,fit
129964_1767709200,129964,2026-01-06 14:20:00,53700336712,2026-01-06 14:32:00,-6.0,fit
131672_1767709500,131672,2026-01-06 14:25:00,53718793743,2026-01-06 14:36:00,81.0,fit
132430_1767709500,132430,2026-01-06 14:25:00,53698549681,2026-01-06 14:37:00,93.0,fit
122613_1767709500,122613,2026-01-06 14:25:00,53718539386,2026-01-06 14:36:00,0.0,fit
135081_1767709500,135081,2026-01-06 14:25:00,53718724058,2026-01-06 14:37:00,-82.0,fit
129964_1767709500,129964,2026-01-06 14:25:00,53700336709,2026-01-06 14:36:00,-188.0,fit
122613_1767709800,122613,2026-01-06 14:30:00,53718539361,2026-01-06 14:41:00,0.0,fit
135081_1767709800,135081,2026-01-06 14:30:00,53718724056,2026-01-06 14:41:00,-13.0,fit
134040_1767709800,134040,2026-01-06 14:30:00,53698328716,2026-01-06 14:41:00,63.0,fit
132430_1767709800,132430,2026-01-06 14:30:00,53698549680,2026-01-06 14:42:00,119.0,fit
129964_1767709800,129964,2026-01-06 14:30:00,53700336704,2026-01-06 14:41:00,-75.0,fit
122613_1767710100,122613,2026-01-06 14:35:00,53718539377,2026-01-06 14:49:00,0.0,fit
129964_1767710100,129964,2026-01-06 14:35:00,53700336701,2026-01-06 14:46:00,-84.0,fit
135081_1767710100,135081,2026-01-06 14:35:00,53718724087,2026-01-06 14:46:00,-35.0,fit
134040_1767710100,134040,2026-01-06 14:35:00,53698328720,2026-01-06 14:46:00,31.0,fit
122613_1767710400,122613,2026-01-06 14:40:00,53718539378,2026-01-06 14:51:00,0.0,fit
132430_1767710400,132430,2026-01-06 14:40:00,53698549590,2026-01-06 14:55:00,137.0,fit
134040_1767710400,134040,2026-01-06 14:40:00,53698328706,2026-01-06 14:51:00,69.0,fit
129964_1767710400,129964,2026-01-06 14:40:00,53700336699,2026-01-06 14:51:00,-85.0,fit
135081_1767710400,135081,2026-01-06 14:40:00,53718724062,2026-01-06 14:52:00,-50.0,fit
135081_1767710700,135081,2026-01-06 14:45:00,53718724059,2026-01-06 14:58:00,-80.0,fit
122613_1767710700,122613,2026-01-06 14:45:00,53718539390,2026-01-06 14:56:00,0.0,fit
134040_1767710700,134040,2026-01-06 14:45:00,53698328721,2026-01-06 14:56:00,68.0,fit
132430_1767710700,132430,2026-01-06 14:45:00,53698549592,2026-01-06 14:57:00,137.0,fit
129964_1767710700,129964,2026-01-06 14:45:00,53700336696,2026-01-06 14:56:00,-53.0,fit
134040_1767711000,134040,2026-01-06 14:50:00,53698328724,2026-01-06 15:02:00,76.0,fit
129964_1767711000,129964,2026-01-06 14:50:00,53700336692,2026-01-06 15:02:00,-116.0,fit
132430_1767711000,132430,2026-01-06 14:50:00,53698549614,2026-01-06 15:02:00,137.0,fit
122613_1767711000,122613,2026-01-06 14:50:00,53718539372,2026-01-06 15:02:00,0.0,fit
135081_1767711000,135081,2026-01-06 14:50:00,53718724069,2026-01-06 15:02:00,-59.0,fit
134040_1767711300,134040,2026-01-06 14:55:00,53698328718,2026-01-06 15:06:00,78.0,fit
129964_1767711300,129964,2026-01-06 14:55:00,53700336688,2026-01-06 15:06:00,-142.0,fit
122613_1767711300,122613,2026-01-06 14:55:00,53718539380,2026-01-06 15:06:00,0.0,fit
132430_1767711300,132430,2026-01-06 14:55:00,53698549607,2026-01-06 15:06:00,23.0,fit
135081_1767711300,135081,2026-01-06 14:55:00,53718724070,2026-01-06 15:06:00,-197.0,fit
135081_1767711600,135081,2026-01-06 15:00:00,53718724076,2026-01-06 15:12:00,-140.0,fit
131672_1767711600,131672,2026-01-06 15:00:00,53718793713,2026-01-06 15:11:00,-71.0,fit
133957_1767711600,133957,2026-01-06 15:00:00,53699456589,2026-01-06 15:12:00,187.0,fit
132430_1767711600,132430,2026-01-06 15:00:00,53698549612,2026-01-06 15:12:00,23.0,fit
134040_1767711600,134040,2026-01-06 15:00:00,53698328520,2026-01-06 15:12:00,174.0,fit
133957_1767711900,133957,2026-01-06 15:05:00,53699456645,2026-01-06 15:17:00,149.0,fit
134040_1767711900,134040,2026-01-06 15:05:00,53698328508,2026-01-06 15:17:00,241.0,fit
131672_1767711900,131672,2026-01-06 15:05:00,53718793739,2026-01-06 15:16:00,-35.0,fit
132430_1767711900,132430,2026-01-06 15:05:00,53698549602,2026-01-06 15:17:00,56.0,fit
135081_1767711900,135081,2026-01-06 15:05:00,53718724080,2026-01-06 15:16:00,-156.0,fit
132430_1767712200,132430,2026-01-06 15:10:00,53698549609,2026-01-06 15:22:00,132.0,fit
135081_1767712200,135081,2026-01-06 15:10:00,53718724072,2026-01-06 15:21:00,22.0,fit
133300_1767712200,133300,2026-01-06 15:10:00,53700641268,2026-01-06 15:25:00,-25.0,fit
134040_1767712200,134040,2026-01-06 15:10:00,53698328511,2026-01-06 15:22:00,230.0,fit
133957_1767712200,133957,2026-01-06 15:10:00,53699456637,2026-01-06 15:21:00,47.0,fit
133957_1767712500,133957,2026-01-06 15:15:00,53699456640,2026-01-06 15:27:00,61.0,fit
135081_1767712500,135081,2026-01-06 15:15:00,53718724077,2026-01-06 15:26:00,-40.0,fit
133300_1767712500,133300,2026-01-06 15:15:00,53700641262,2026-01-06 15:27:00,-25.0,fit
132430_1767712500,132430,2026-01-06 15:15:00,53698549606,2026-01-06 15:26:00,277.0,fit
134040_1767712500,134040,2026-01-06 15:15:00,53698328525,2026-01-06 15:29:00,194.0,fit
130238_1767712500,130238,2026-01-06 15:15:00,53698370127,2026-01-06 15:28:00,-28.0,fit
134040_1767712800,134040,2026-01-06 15:20:00,53698328509,2026-01-06 15:31:00,175.0,fit
130238_1767712800,130238,2026-01-06 15:20:00,53698370145,2026-01-06 15:31:00,-28.0,fit
132430_1767712800,132430,2026-01-06 15:20:00,53698549595,2026-01-06 15:31:00,377.0,fit
133300_1767712800,133300,2026-01-06 15:20:00,53700641269,2026-01-06 15:31:00,-25.0,fit
133957_1767712800,133957,2026-01-06 15:20:00,53699456642,2026-01-06 15:31:00,23.0,fit
134040_1767713100,134040,2026-01-06 15:25:00,53698328528,2026-01-06 15:37:00,250.0,fit
130238_1767713100,130238,2026-01-06 15:25:00,53698370146,2026-01-06 15:36:00,-28.0,fit
132430_1767713100,132430,2026-01-06 15:25:00,53698549624,2026-01-06 15:37:00,237.0,fit
133300_1767713100,133300,2026-01-06 15:25:00,53700641275,2026-01-06 15:36:00,-35.0,fit
133957_1767713100,133957,2026-01-06 15:25:00,53699456631,2026-01-06 15:37:00,-16.0,fit
122658_1767713100,122658,2026-01-06 15:25:00,53699434068,2026-01-06 15:39:00,0.0,fit
122613_1767713400,122613,2026-01-06 15:30:00,53718539410,2026-01-06 15:41:00,0.0,fit
122658_1767713400,122658,2026-01-06 15:30:00,53699434071,2026-01-06 15:41:00,0.0,fit
131672_1767713400,131672,2026-01-06 15:30:00,53718793761,2026-01-06 15:43:00,-93.0,fit
130238_1767713400,130238,2026-01-06 15:30:00,53698370132,2026-01-06 15:41:00,10.0,fit
133957_1767713400,133957,2026-01-06 15:30:00,53699456633,2026-01-06 15:41:00,-71.0,fit
122048_1767713400,122048,2026-01-06 15:30:00,53699018886,2026-01-06 15:44:00,36.0,fit
129964_1767713400,129964,2026-01-06 15:30:00,53700336733,2026-01-06 15:41:00,290.0,fit
122613_1767713700,122613,2026-01-06 15:35:00,53718539414,2026-01-06 15:46:00,0.0,fit
131672_1767713700,131672,2026-01-06 15:35:00,53718793762,2026-01-06 15:46:00,-93.0,fit
129964_1767713700,129964,2026-01-06 15:35:00,53700336729,2026-01-06 15:47:00,-108.0,fit
133957_1767713700,133957,2026-01-06 15:35:00,53699456636,2026-01-06 15:46:00,5.0,fit
122658_1767713700,122658,2026-01-06 15:35:00,53699434062,2026-01-06 15:47:00,0.0,fit
122048_1767713700,122048,2026-01-06 15:35:00,53699018912,2026-01-06 15:46:00,45.0,fit
130238_1767713700,130238,2026-01-06 15:35:00,53698370142,2026-01-06 15:46:00,-119.0,fit
122613_1767714000,122613,2026-01-06 15:40:00,53718539418,2026-01-06 15:54:00,0.0,fit
131672_1767714000,131672,2026-01-06 15:40:00,53718793759,2026-01-06 15:51:00,-93.0,fit
122048_1767714000,122048,2026-01-06 15:40:00,53699018915,2026-01-06 15:51:00,37.0,fit
130238_1767714000,130238,2026-01-06 15:40:00,53698370122,2026-01-06 15:52:00,-98.0,fit
122658_1767714000,122658,2026-01-06 15:40:00,53699434064,2026-01-06 15:51:00,83.0,fit
129964_1767714000,129964,2026-01-06 15:40:00,53700336769,2026-01-06 15:51:00,-124.0,fit
122613_1767714300,122613,2026-01-06 15:45:00,53718539426,2026-01-06 15:56:00,0.0,fit
130238_1767714300,130238,2026-01-06 15:45:00,53698370134,2026-01-06 15:57:00,-130.0,fit
129964_1767714300,129964,2026-01-06 15:45:00,53700336765,2026-01-06 15:58:00,9.0,fit
122048_1767714300,122048,2026-01-06 15:45:00,53699018885,2026-01-06 15:57:00,0.0,fit
131672_1767714300,131672,2026-01-06 15:45:00,53718793755,2026-01-06 15:56:00,59.0,fit
122658_1767714300,122658,2026-01-06 15:45:00,53699434067,2026-01-06 15:56:00,82.0,fit
122048_1767714600,122048,2026-01-06 15:50:00,53699018926,2026-01-06 16:01:00,0.0,fit
129964_1767714600,129964,2026-01-06 15:50:00,53700336763,2026-01-06 16:02:00,26.0,fit
122613_1767714600,122613,2026-01-06 15:50:00,53718539420,2026-01-06 16:02:00,0.0,fit
130238_1767714600,130238,2026-01-06 15:50:00,53698370151,2026-01-06 16:01:00,-37.0,fit
122658_1767714600,122658,2026-01-06 15:50:00,53699434057,2026-01-06 16:01:00,150.0,fit
131672_1767714600,131672,2026-01-06 15:50:00,53718793777,2026-01-06 16:01:00,40.0,fit
122613_1767714900,122613,2026-01-06 15:55:00,53718539394,2026-01-06 16:06:00,0.0,fit
130238_1767714900,130238,2026-01-06 15:55:00,53698370123,2026-01-06 16:06:00,-6.0,fit
122658_1767714900,122658,2026-01-06 15:55:00,53699434046,2026-01-06 16:10:00,154.0,fit
129964_1767714900,129964,2026-01-06 15:55:00,53700336761,2026-01-06 16:06:00,70.0,fit
122048_1767714900,122048,2026-01-06 15:55:00,53699018913,2026-01-06 16:06:00,0.0,fit
131672_1767714900,131672,2026-01-06 15:55:00,53718793778,2026-01-06 16:09:00,59.0,fit
122048_1767715200,122048,2026-01-06 16:00:00,53699018900,2026-01-06 16:11:00,0.0,fit
122658_1767715200,122658,2026-01-06 16:00:00,53699434047,2026-01-06 16:12:00,362.0,fit
132430_1767715200,132430,2026-01-06 16:00:00,53698549632,2026-01-06 16:11:00,301.0,fit
122613_1767715200,122613,2026-01-06 16:00:00,53718539399,2026-01-06 16:13:00,0.0,fit
133300_1767715200,133300,2026-01-06 16:00:00,53700641347,2026-01-06 16:11:00,66.0,fit
129964_1767715200,129964,2026-01-06 16:00:00,53700336757,2026-01-06 16:11:00,15.0,fit
130238_1767715200,130238,2026-01-06 16:00:00,53698370129,2026-01-06 16:11:00,-66.0,fit
122658_1767715500,122658,2026-01-06 16:05:00,53699434049,2026-01-06 16:17:00,362.0,fit
132430_1767715500,132430,2026-01-06 16:05:00,53698549627,2026-01-06 16:16:00,356.0,fit
122048_1767715500,122048,2026-01-06 16:05:00,53699018904,2026-01-06 16:16:00,0.0,fit
129964_1767715500,129964,2026-01-06 16:05:00,53700336754,2026-01-06 16:16:00,-86.0,fit
122613_1767715500,122613,2026-01-06 16:05:00,53718539397,2026-01-06 16:16:00,0.0,fit
133300_1767715500,133300,2026-01-06 16:05:00,53700641331,2026-01-06 16:16:00,-7.0,fit
122613_1767715800,122613,2026-01-06 16:10:00,53718539429,2026-01-06 16:21:00,0.0,fit
133300_1767715800,133300,2026-01-06 16:10:00,53700641332,2026-01-06 16:21:00,-14.0,fit
122048_1767715800,122048,2026-01-06 16:10:00,53699018922,2026-01-06 16:21:00,0.0,fit
122658_1767715800,122658,2026-01-06 16:10:00,53699434052,2026-01-06 16:22:00,2.0,fit
129964_1767715800,129964,2026-01-06 16:10:00,53700336749,2026-01-06 16:21:00,-148.0,fit
133300_1767716100,133300,2026-01-06 16:15:00,53700641338,2026-01-06 16:26:00,-61.0,fit
122613_1767716100,122613,2026-01-06 16:15:00,53718539446,2026-01-06 16:27:00,0.0,fit
129964_1767716100,129964,2026-01-06 16:15:00,53700336747,2026-01-06 16:26:00,-162.0,fit
122048_1767716100,122048,2026-01-06 16:15:00,53699018910,2026-01-06 16:26:00,0.0,fit
122658_1767716100,122658,2026-01-06 16:15:00,53699434038,2026-01-06 16:28:00,0.0,fit
133300_1767716400,133300,2026-01-06 16:20:00,53700641339,2026-01-06 16:31:00,-79.0,fit
122048_1767716400,122048,2026-01-06 16:20:00,53699018901,2026-01-06 16:31:00,0.0,fit
129964_1767716400,129964,2026-01-06 16:20:00,53700336744,2026-01-06 16:31:00,-23.0,fit
133957_1767716400,133957,2026-01-06 16:20:00,53699456604,2026-01-06 16:32:00,66.0,fit
122613_1767716400,122613,2026-01-06 16:20:00,53718539444,2026-01-06 16:32:00,-35.0,fit
130238_1767716400,130238,2026-01-06 16:20:00,53698370186,2026-01-06 16:31:00,-97.0,fit
122658_1767716400,122658,2026-01-06 16:20:00,53699434039,2026-01-06 16:31:00,0.0,fit
122613_1767716700,122613,2026-01-06 16:25:00,53718539433,2026-01-06 16:36:00,70.0,purged
133957_1767716700,133957,2026-01-06 16:25:00,53699456616,2026-01-06 16:36:00,66.0,purged
130238_1767716700,130238,2026-01-06 16:25:00,53698370178,2026-01-06 16:36:00,-97.0,purged
122048_1767716700,122048,2026-01-06 16:25:00,53699018899,2026-01-06 16:36:00,0.0,purged
129964_1767716700,129964,2026-01-06 16:25:00,53700336740,2026-01-06 16:36:00,-44.0,purged
122658_1767716700,122658,2026-01-06 16:25:00,53699434041,2026-01-06 16:36:00,0.0,purged
122658_1767717000,122658,2026-01-06 16:30:00,53699434045,2026-01-06 16:41:00,0.0,purged
130238_1767717000,130238,2026-01-06 16:30:00,53698370184,2026-01-06 16:41:00,-97.0,purged
135081_1767717000,135081,2026-01-06 16:30:00,53718724130,2026-01-06 16:41:00,114.0,purged
122613_1767717000,122613,2026-01-06 16:30:00,53718539443,2026-01-06 16:43:00,-48.0,purged
129964_1767717300,129964,2026-01-06 16:35:00,53700336091,2026-01-06 16:47:00,-26.0,development
135081_1767717300,135081,2026-01-06 16:35:00,53718724104,2026-01-06 16:46:00,150.0,development
130238_1767717300,130238,2026-01-06 16:35:00,53698370161,2026-01-06 16:46:00,67.0,development
122613_1767717300,122613,2026-01-06 16:35:00,53718539441,2026-01-06 16:46:00,-15.0,development
122613_1767717600,122613,2026-01-06 16:40:00,53718539449,2026-01-06 16:52:00,-33.0,development
130238_1767717600,130238,2026-01-06 16:40:00,53698370169,2026-01-06 16:53:00,-45.0,development
135081_1767717600,135081,2026-01-06 16:40:00,53718724107,2026-01-06 16:51:00,153.0,development
129964_1767717600,129964,2026-01-06 16:40:00,53700336088,2026-01-06 16:51:00,-19.0,development
122658_1767717600,122658,2026-01-06 16:40:00,53699433929,2026-01-06 16:55:00,0.0,development
135081_1767717900,135081,2026-01-06 16:45:00,53718724105,2026-01-06 16:57:00,24.0,development
122613_1767717900,122613,2026-01-06 16:45:00,53718539454,2026-01-06 16:56:00,-90.0,development
122658_1767717900,122658,2026-01-06 16:45:00,53699433925,2026-01-06 16:56:00,0.0,development
129964_1767717900,129964,2026-01-06 16:45:00,53700336083,2026-01-06 16:57:00,-19.0,development
130238_1767717900,130238,2026-01-06 16:45:00,53698370166,2026-01-06 16:56:00,-76.0,development
129964_1767718200,129964,2026-01-06 16:50:00,53700336080,2026-01-06 17:01:00,-175.0,development
130238_1767718200,130238,2026-01-06 16:50:00,53698370190,2026-01-06 17:01:00,-43.0,development
122613_1767718200,122613,2026-01-06 16:50:00,53718539459,2026-01-06 17:02:00,31.0,development
122658_1767718200,122658,2026-01-06 16:50:00,53699433922,2026-01-06 17:01:00,0.0,development
135081_1767718200,135081,2026-01-06 16:50:00,53718724127,2026-01-06 17:01:00,-121.0,development
122658_1767718500,122658,2026-01-06 16:55:00,53699433924,2026-01-06 17:06:00,23.0,development
122613_1767718500,122613,2026-01-06 16:55:00,53718539447,2026-01-06 17:06:00,-11.0,development
129964_1767718500,129964,2026-01-06 16:55:00,53700336075,2026-01-06 17:06:00,22.0,development
135081_1767718500,135081,2026-01-06 16:55:00,53718724156,2026-01-06 17:08:00,-93.0,development
130238_1767718500,130238,2026-01-06 16:55:00,53698370179,2026-01-06 17:06:00,-74.0,development
130238_1767718800,130238,2026-01-06 17:00:00,53698370177,2026-01-06 17:12:00,-49.0,development
133957_1767718800,133957,2026-01-06 17:00:00,53699456650,2026-01-06 17:12:00,13.0,development
122658_1767718800,122658,2026-01-06 17:00:00,53699433920,2026-01-06 17:12:00,-28.0,development
129964_1767718800,129964,2026-01-06 17:00:00,53700336072,2026-01-06 17:11:00,80.0,development
135081_1767718800,135081,2026-01-06 17:00:00,53718724166,2026-01-06 17:11:00,-73.0,development
133300_1767718800,133300,2026-01-06 17:00:00,53700641226,2026-01-06 17:12:00,16.0,development
129964_1767719100,129964,2026-01-06 17:05:00,53700336070,2026-01-06 17:16:00,54.0,development
135081_1767719100,135081,2026-01-06 17:05:00,53718724172,2026-01-06 17:16:00,-77.0,development
130238_1767719100,130238,2026-01-06 17:05:00,53698370345,2026-01-06 17:17:00,-16.0,development
133957_1767719100,133957,2026-01-06 17:05:00,53699456652,2026-01-06 17:16:00,-35.0,development
122658_1767719100,122658,2026-01-06 17:05:00,53699433916,2026-01-06 17:17:00,90.0,development
122658_1767719400,122658,2026-01-06 17:10:00,53699433840,2026-01-06 17:25:00,169.0,development
135081_1767719400,135081,2026-01-06 17:10:00,53718724150,2026-01-06 17:21:00,-101.0,development
133957_1767719400,133957,2026-01-06 17:10:00,53699456667,2026-01-06 17:22:00,-8.0,development
130238_1767719400,130238,2026-01-06 17:10:00,53698370337,2026-01-06 17:22:00,-85.0,development
133300_1767719400,133300,2026-01-06 17:10:00,53700641150,2026-01-06 17:21:00,195.0,development
129964_1767719400,129964,2026-01-06 17:10:00,53700336067,2026-01-06 17:21:00,32.0,development
135081_1767719700,135081,2026-01-06 17:15:00,53718724171,2026-01-06 17:26:00,-152.0,development
122658_1767719700,122658,2026-01-06 17:15:00,53699433837,2026-01-06 17:27:00,88.0,development
130238_1767719700,130238,2026-01-06 17:15:00,53698370352,2026-01-06 17:27:00,-85.0,development
129964_1767719700,129964,2026-01-06 17:15:00,53700336063,2026-01-06 17:27:00,7.0,development
133957_1767719700,133957,2026-01-06 17:15:00,53699456669,2026-01-06 17:26:00,-78.0,development
133300_1767719700,133300,2026-01-06 17:15:00,53700641134,2026-01-06 17:26:00,231.0,development
133300_1767720000,133300,2026-01-06 17:20:00,53700641140,2026-01-06 17:31:00,231.0,development
122048_1767720000,122048,2026-01-06 17:20:00,53699019008,2026-01-06 17:31:00,0.0,development
133957_1767720000,133957,2026-01-06 17:20:00,53699456662,2026-01-06 17:31:00,-107.0,development
130238_1767720000,130238,2026-01-06 17:20:00,53698370346,2026-01-06 17:31:00,145.0,development
122658_1767720000,122658,2026-01-06 17:20:00,53699433839,2026-01-06 17:31:00,88.0,development
129964_1767720000,129964,2026-01-06 17:20:00,53700336104,2026-01-06 17:31:00,-78.0,development
135081_1767720000,135081,2026-01-06 17:20:00,53718724163,2026-01-06 17:32:00,-138.0,development
133300_1767720300,133300,2026-01-06 17:25:00,53700641141,2026-01-06 17:36:00,13.0,development
129964_1767720300,129964,2026-01-06 17:25:00,53700336101,2026-01-06 17:36:00,-109.0,development
135081_1767720300,135081,2026-01-06 17:25:00,53718724154,2026-01-06 17:36:00,-71.0,development
122048_1767720300,122048,2026-01-06 17:25:00,53699019012,2026-01-06 17:36:00,0.0,development
130238_1767720300,130238,2026-01-06 17:25:00,53698370362,2026-01-06 17:36:00,84.0,development
122658_1767720300,122658,2026-01-06 17:25:00,53699433832,2026-01-06 17:36:00,0.0,development
122048_1767720600,122048,2026-01-06 17:30:00,53699018987,2026-01-06 17:44:00,0.0,development
129964_1767720600,129964,2026-01-06 17:30:00,53700336098,2026-01-06 17:41:00,-46.0,development
122658_1767720600,122658,2026-01-06 17:30:00,53699433834,2026-01-06 17:41:00,0.0,development
135081_1767720600,135081,2026-01-06 17:30:00,53718724149,2026-01-06 17:41:00,-222.0,development
130238_1767720600,130238,2026-01-06 17:30:00,53698370335,2026-01-06 17:41:00,67.0,development
122048_1767720900,122048,2026-01-06 17:35:00,53699018985,2026-01-06 17:47:00,-196.0,development
135081_1767720900,135081,2026-01-06 17:35:00,53718724148,2026-01-06 17:46:00,-190.0,development
133957_1767720900,133957,2026-01-06 17:35:00,53699456685,2026-01-06 17:47:00,-39.0,development
130238_1767720900,130238,2026-01-06 17:35:00,53698370356,2026-01-06 17:46:00,47.0,development
122658_1767720900,122658,2026-01-06 17:35:00,53699433828,2026-01-06 17:46:00,0.0,development
129964_1767720900,129964,2026-01-06 17:35:00,53700336095,2026-01-06 17:46:00,-49.0,development
130238_1767721200,130238,2026-01-06 17:40:00,53698370341,2026-01-06 17:51:00,64.0,development
133957_1767721200,133957,2026-01-06 17:40:00,53699456687,2026-01-06 17:51:00,-39.0,development
122048_1767721200,122048,2026-01-06 17:40:00,53699018989,2026-01-06 17:51:00,79.0,development
122658_1767721200,122658,2026-01-06 17:40:00,53699433830,2026-01-06 17:51:00,0.0,development
135081_1767721200,135081,2026-01-06 17:40:00,53718724159,2026-01-06 17:52:00,-232.0,development
135081_1767721500,135081,2026-01-06 17:45:00,53718724145,2026-01-06 17:57:00,-54.0,development
122048_1767721500,122048,2026-01-06 17:45:00,53699018991,2026-01-06 17:56:00,-9.0,development
130238_1767721500,130238,2026-01-06 17:45:00,53698370350,2026-01-06 17:58:00,-59.0,development
133957_1767721500,133957,2026-01-06 17:45:00,53699456691,2026-01-06 17:56:00,-39.0,development
122048_1767721800,122048,2026-01-06 17:50:00,53699018982,2026-01-06 18:01:00,-68.0,development
133957_1767721800,133957,2026-01-06 17:50:00,53699456678,2026-01-06 18:01:00,18.0,development
135081_1767721800,135081,2026-01-06 17:50:00,53718724161,2026-01-06 18:01:00,18.0,development
122048_1767722100,122048,2026-01-06 17:55:00,53699018975,2026-01-06 18:06:00,-119.0,development
133957_1767722100,133957,2026-01-06 17:55:00,53699456682,2026-01-06 18:07:00,52.0,development
132430_1767722400,132430,2026-01-06 18:00:00,53698549762,2026-01-06 18:12:00,320.0,development
133300_1767722400,133300,2026-01-06 18:00:00,53700641131,2026-01-06 18:11:00,-28.0,development
134040_1767722400,134040,2026-01-06 18:00:00,53721480896,2026-01-06 18:11:00,50.0,development
122048_1767722400,122048,2026-01-06 18:00:00,53699019003,2026-01-06 18:11:00,-183.0,development
134040_1767722700,134040,2026-01-06 18:05:00,53721480900,2026-01-06 18:16:00,80.0,development
133300_1767722700,133300,2026-01-06 18:05:00,53700641132,2026-01-06 18:16:00,190.0,development
122048_1767722700,122048,2026-01-06 18:05:00,53699018978,2026-01-06 18:17:00,-139.0,development
132430_1767722700,132430,2026-01-06 18:05:00,53698549786,2026-01-06 18:16:00,385.0,development
133300_1767723000,133300,2026-01-06 18:10:00,53700641133,2026-01-06 18:21:00,296.0,development
134040_1767723000,134040,2026-01-06 18:10:00,53721480905,2026-01-06 18:21:00,132.0,development
122048_1767723000,122048,2026-01-06 18:10:00,53699019010,2026-01-06 18:21:00,-126.0,development
132430_1767723000,132430,2026-01-06 18:10:00,53698549761,2026-01-06 18:22:00,425.0,development
132430_1767723300,132430,2026-01-06 18:15:00,53698549780,2026-01-06 18:26:00,340.0,development
122048_1767723300,122048,2026-01-06 18:15:00,53699018999,2026-01-06 18:26:00,-73.0,development
134040_1767723300,134040,2026-01-06 18:15:00,53721480910,2026-01-06 18:28:00,181.0,development
122048_1767723600,122048,2026-01-06 18:20:00,53699018955,2026-01-06 18:31:00,-70.0,development
134040_1767723600,134040,2026-01-06 18:20:00,53721480915,2026-01-06 18:32:00,389.0,development
132430_1767723600,132430,2026-01-06 18:20:00,53698549784,2026-01-06 18:32:00,452.0,development
133300_1767723600,133300,2026-01-06 18:20:00,53700641117,2026-01-06 18:35:00,457.0,development
122048_1767723900,122048,2026-01-06 18:25:00,53699018938,2026-01-06 18:36:00,51.0,development
132430_1767723900,132430,2026-01-06 18:25:00,53698549772,2026-01-06 18:36:00,389.0,development
134040_1767723900,134040,2026-01-06 18:25:00,53721480912,2026-01-06 18:37:00,314.0,development
132430_1767724200,132430,2026-01-06 18:30:00,53698549776,2026-01-06 18:42:00,256.0,development
134040_1767724200,134040,2026-01-06 18:30:00,53721480917,2026-01-06 18:41:00,383.0,development
122048_1767724200,122048,2026-01-06 18:30:00,53699018954,2026-01-06 18:41:00,50.0,development
131672_1767724200,131672,2026-01-06 18:30:00,53718793794,2026-01-06 18:41:00,295.0,development
131672_1767724500,131672,2026-01-06 18:35:00,53718793814,2026-01-06 18:46:00,317.0,development
122048_1767724500,122048,2026-01-06 18:35:00,53699018941,2026-01-06 18:46:00,53.0,development
134040_1767724500,134040,2026-01-06 18:35:00,53721480921,2026-01-06 18:46:00,438.0,development
132430_1767724500,132430,2026-01-06 18:35:00,53698549773,2026-01-06 18:46:00,309.0,development
132430_1767724800,132430,2026-01-06 18:40:00,53698549304,2026-01-06 18:55:00,329.0,development
122048_1767724800,122048,2026-01-06 18:40:00,53699018933,2026-01-06 18:52:00,13.0,development
132430_1767725100,132430,2026-01-06 18:45:00,53698549306,2026-01-06 18:57:00,304.0,development
122048_1767725100,122048,2026-01-06 18:45:00,53699018970,2026-01-06 18:57:00,124.0,development
132430_1767725400,132430,2026-01-06 18:50:00,53698549300,2026-01-06 19:02:00,260.0,development
122048_1767725400,122048,2026-01-06 18:50:00,53699018960,2026-01-06 19:01:00,292.0,development
122048_1767725700,122048,2026-01-06 18:55:00,53699018948,2026-01-06 19:08:00,270.0,development
132430_1767725700,132430,2026-01-06 18:55:00,53698549301,2026-01-06 19:06:00,45.0,development
122048_1767726000,122048,2026-01-06 19:00:00,53699018965,2026-01-06 19:11:00,351.0,development
135081_1767726000,135081,2026-01-06 19:00:00,53718724184,2026-01-06 19:11:00,197.0,development
122048_1767726300,122048,2026-01-06 19:05:00,53699018972,2026-01-06 19:16:00,399.0,development
135081_1767726300,135081,2026-01-06 19:05:00,53718724185,2026-01-06 19:17:00,282.0,development
135081_1767726600,135081,2026-01-06 19:10:00,53718724194,2026-01-06 19:21:00,299.0,development
131672_1767726900,131672,2026-01-06 19:15:00,53718793842,2026-01-06 19:29:00,346.0,development
135081_1767726900,135081,2026-01-06 19:15:00,53718724191,2026-01-06 19:26:00,229.0,development
131672_1767727200,131672,2026-01-06 19:20:00,53718793855,2026-01-06 19:31:00,346.0,development
122048_1767727200,122048,2026-01-06 19:20:00,53699018950,2026-01-06 19:31:00,606.0,development
135081_1767727200,135081,2026-01-06 19:20:00,53718724202,2026-01-06 19:31:00,104.0,development
135081_1767727500,135081,2026-01-06 19:25:00,53718724250,2026-01-06 19:37:00,-22.0,development
131672_1767727500,131672,2026-01-06 19:25:00,53718793854,2026-01-06 19:36:00,346.0,development
131672_1767727800,131672,2026-01-06 19:30:00,53718793837,2026-01-06 19:41:00,-3.0,development
131672_1767728100,131672,2026-01-06 19:35:00,53718793843,2026-01-06 19:47:00,100.0,development
131672_1767728400,131672,2026-01-06 19:40:00,53718793845,2026-01-06 19:51:00,260.0,development
122048_1767728700,122048,2026-01-06 19:45:00,53699018776,2026-01-06 19:57:00,-54.0,development
131672_1767728700,131672,2026-01-06 19:45:00,53718793848,2026-01-06 19:57:00,359.0,development
133957_1767729000,133957,2026-01-06 19:50:00,53699456710,2026-01-06 20:02:00,211.0,development
122048_1767729000,122048,2026-01-06 19:50:00,53699018774,2026-01-06 20:01:00,-54.0,development
131672_1767729000,131672,2026-01-06 19:50:00,53718793825,2026-01-06 20:03:00,376.0,development
122048_1767729300,122048,2026-01-06 19:55:00,53699018778,2026-01-06 20:07:00,-54.0,development
131672_1767729300,131672,2026-01-06 19:55:00,53718793827,2026-01-06 20:06:00,432.0,development
133957_1767729300,133957,2026-01-06 19:55:00,53699456713,2026-01-06 20:07:00,211.0,development
131672_1767729600,131672,2026-01-06 20:00:00,53718793831,2026-01-06 20:11:00,541.0,development
133957_1767729600,133957,2026-01-06 20:00:00,53699456717,2026-01-06 20:12:00,211.0,development
122048_1767729600,122048,2026-01-06 20:00:00,53699018781,2026-01-06 20:11:00,-208.0,development
132430_1767729600,132430,2026-01-06 20:00:00,53698549338,2026-01-06 20:12:00,35.0,development
122048_1767729900,122048,2026-01-06 20:05:00,53699018786,2026-01-06 20:16:00,68.0,development
133957_1767729900,133957,2026-01-06 20:05:00,53699456705,2026-01-06 20:16:00,198.0,development
132430_1767729900,132430,2026-01-06 20:05:00,53698549556,2026-01-06 20:17:00,74.0,development
122048_1767730200,122048,2026-01-06 20:10:00,53699018758,2026-01-06 20:21:00,85.0,development
130072_1767730200,130072,2026-01-06 20:10:00,53698461638,2026-01-06 20:25:00,0.0,development
133957_1767730200,133957,2026-01-06 20:10:00,53699456709,2026-01-06 20:21:00,189.0,development
132430_1767730200,132430,2026-01-06 20:10:00,53698549554,2026-01-06 20:22:00,21.0,development
133957_1767730500,133957,2026-01-06 20:15:00,53699456701,2026-01-06 20:26:00,142.0,development
122048_1767730500,122048,2026-01-06 20:15:00,53699018762,2026-01-06 20:26:00,104.0,development
132430_1767730500,132430,2026-01-06 20:15:00,53698549545,2026-01-06 20:26:00,21.0,development
130072_1767730500,130072,2026-01-06 20:15:00,53698461640,2026-01-06 20:26:00,0.0,development
130072_1767730800,130072,2026-01-06 20:20:00,53698461652,2026-01-06 20:31:00,0.0,development
122048_1767730800,122048,2026-01-06 20:20:00,53699018767,2026-01-06 20:31:00,103.0,development
133957_1767730800,133957,2026-01-06 20:20:00,53699456741,2026-01-06 20:31:00,58.0,development
132430_1767730800,132430,2026-01-06 20:20:00,53698549541,2026-01-06 20:31:00,177.0,development
133957_1767731100,133957,2026-01-06 20:25:00,53699456744,2026-01-06 20:36:00,51.0,development
130072_1767731100,130072,2026-01-06 20:25:00,53698461653,2026-01-06 20:36:00,60.0,development
122048_1767731100,122048,2026-01-06 20:25:00,53699018754,2026-01-06 20:36:00,49.0,development
132430_1767731100,132430,2026-01-06 20:25:00,53698549553,2026-01-06 20:36:00,174.0,development
132430_1767731400,132430,2026-01-06 20:30:00,53698549548,2026-01-06 20:41:00,219.0,development
133957_1767731400,133957,2026-01-06 20:30:00,53699456754,2026-01-06 20:41:00,16.0,development
130072_1767731400,130072,2026-01-06 20:30:00,53698461657,2026-01-06 20:41:00,92.0,development
133957_1767731700,133957,2026-01-06 20:35:00,53699456759,2026-01-06 20:47:00,96.0,development
130072_1767731700,130072,2026-01-06 20:35:00,53698461643,2026-01-06 20:46:00,3.0,development
132430_1767731700,132430,2026-01-06 20:35:00,53698549547,2026-01-06 20:46:00,268.0,development
131672_1767732000,131672,2026-01-06 20:40:00,53718793879,2026-01-06 20:54:00,606.0,development
132430_1767732000,132430,2026-01-06 20:40:00,53698549533,2026-01-06 20:51:00,235.0,development
130072_1767732000,130072,2026-01-06 20:40:00,53698461648,2026-01-06 20:53:00,58.0,development
133957_1767732000,133957,2026-01-06 20:40:00,53699456751,2026-01-06 20:51:00,29.0,development
130072_1767732300,130072,2026-01-06 20:45:00,53698461650,2026-01-06 20:56:00,31.0,development
132430_1767732300,132430,2026-01-06 20:45:00,53698549651,2026-01-06 20:56:00,163.0,development
131672_1767732300,131672,2026-01-06 20:45:00,53718793886,2026-01-06 20:56:00,606.0,development
132430_1767732600,132430,2026-01-06 20:50:00,53698549644,2026-01-06 21:01:00,194.0,development
133957_1767732600,133957,2026-01-06 20:50:00,53699456777,2026-01-06 21:02:00,121.0,development
131672_1767732600,131672,2026-01-06 20:50:00,53718793891,2026-01-06 21:01:00,606.0,development
135081_1767732600,135081,2026-01-06 20:50:00,53718724291,2026-01-06 21:01:00,234.0,development
130072_1767732600,130072,2026-01-06 20:50:00,53698461670,2026-01-06 21:01:00,204.0,development
131672_1767732900,131672,2026-01-06 20:55:00,53718793873,2026-01-06 21:06:00,32.0,development
133957_1767732900,133957,2026-01-06 20:55:00,53699456780,2026-01-06 21:07:00,108.0,development
130072_1767732900,130072,2026-01-06 20:55:00,53698461672,2026-01-06 21:06:00,170.0,development
132430_1767732900,132430,2026-01-06 20:55:00,53698549666,2026-01-06 21:07:00,346.0,development
135081_1767732900,135081,2026-01-06 20:55:00,53718724265,2026-01-06 21:06:00,234.0,development
130072_1767733200,130072,2026-01-06 21:00:00,53698461673,2026-01-06 21:14:00,206.0,development
135081_1767733200,135081,2026-01-06 21:00:00,53718724289,2026-01-06 21:11:00,234.0,development
133957_1767733200,133957,2026-01-06 21:00:00,53699456770,2026-01-06 21:12:00,108.0,development
122048_1767733200,122048,2026-01-06 21:00:00,53699018870,2026-01-06 21:11:00,0.0,development
132430_1767733200,132430,2026-01-06 21:00:00,53698549661,2026-01-06 21:11:00,327.0,development
130072_1767733500,130072,2026-01-06 21:05:00,53698461659,2026-01-06 21:18:00,194.0,development
122048_1767733500,122048,2026-01-06 21:05:00,53699018871,2026-01-06 21:16:00,0.0,development
132430_1767733500,132430,2026-01-06 21:05:00,53698549669,2026-01-06 21:16:00,306.0,development
133957_1767733500,133957,2026-01-06 21:05:00,53699456774,2026-01-06 21:16:00,-19.0,development
135081_1767733500,135081,2026-01-06 21:05:00,53718724266,2026-01-06 21:16:00,176.0,development
130072_1767733800,130072,2026-01-06 21:10:00,53698461661,2026-01-06 21:24:00,182.0,development
135081_1767733800,135081,2026-01-06 21:10:00,53718724268,2026-01-06 21:21:00,82.0,development
133957_1767733800,133957,2026-01-06 21:10:00,53699456784,2026-01-06 21:21:00,4.0,development
122048_1767733800,122048,2026-01-06 21:10:00,53699018876,2026-01-06 21:22:00,0.0,development
132430_1767733800,132430,2026-01-06 21:10:00,53698549658,2026-01-06 21:21:00,181.0,development
135081_1767734100,135081,2026-01-06 21:15:00,53718724277,2026-01-06 21:27:00,-32.0,development
133957_1767734100,133957,2026-01-06 21:15:00,53699456788,2026-01-06 21:26:00,44.0,development
130072_1767734100,130072,2026-01-06 21:15:00,53698461663,2026-01-06 21:27:00,113.0,development
122048_1767734100,122048,2026-01-06 21:15:00,53699018882,2026-01-06 21:26:00,0.0,development
132430_1767734100,132430,2026-01-06 21:15:00,53698549654,2026-01-06 21:27:00,200.0,development
133957_1767734400,133957,2026-01-06 21:20:00,53699456828,2026-01-06 21:31:00,3.0,development
135081_1767734400,135081,2026-01-06 21:20:00,53718724283,2026-01-06 21:31:00,71.0,development
122048_1767734400,122048,2026-01-06 21:20:00,53699018861,2026-01-06 21:31:00,0.0,development
130072_1767734400,130072,2026-01-06 21:20:00,53698461637,2026-01-06 21:33:00,93.0,development
135081_1767734700,135081,2026-01-06 21:25:00,53718724292,2026-01-06 21:37:00,55.0,development
130072_1767734700,130072,2026-01-06 21:25:00,53698461685,2026-01-06 21:40:00,181.0,development
122048_1767734700,122048,2026-01-06 21:25:00,53699018863,2026-01-06 21:36:00,0.0,development
133957_1767734700,133957,2026-01-06 21:25:00,53699456831,2026-01-06 21:36:00,51.0,development
134040_1767735000,134040,2026-01-06 21:30:00,53721480999,2026-01-06 21:41:00,434.0,development
133957_1767735000,133957,2026-01-06 21:30:00,53699456820,2026-01-06 21:41:00,-41.0,development
130072_1767735000,130072,2026-01-06 21:30:00,53698461687,2026-01-06 21:41:00,163.0,development
130072_1767735300,130072,2026-01-06 21:35:00,53698461689,2026-01-06 21:46:00,163.0,development
134040_1767735300,134040,2026-01-06 21:35:00,53721481002,2026-01-06 21:46:00,434.0,development
133957_1767735300,133957,2026-01-06 21:35:00,53699456810,2026-01-06 21:47:00,57.0,development
133957_1767735600,133957,2026-01-06 21:40:00,53699456814,2026-01-06 21:51:00,21.0,development
130072_1767735600,130072,2026-01-06 21:40:00,53698461678,2026-01-06 21:51:00,0.0,development
134040_1767735900,134040,2026-01-06 21:45:00,53721481025,2026-01-06 22:00:00,434.0,development
130072_1767735900,130072,2026-01-06 21:45:00,53698461677,2026-01-06 21:56:00,0.0,development
134040_1767736200,134040,2026-01-06 21:50:00,53721481023,2026-01-06 22:02:00,434.0,development
130072_1767736200,130072,2026-01-06 21:50:00,53698461679,2026-01-06 22:01:00,0.0,development
134040_1767736500,134040,2026-01-06 21:55:00,53721481062,2026-01-06 22:06:00,434.0,development
130072_1767736500,130072,2026-01-06 21:55:00,53698461681,2026-01-06 22:07:00,0.0,development
134040_1767736800,134040,2026-01-06 22:00:00,53721481067,2026-01-06 22:11:00,0.0,development
135081_1767736800,135081,2026-01-06 22:00:00,53718724302,2026-01-06 22:11:00,-159.0,development
133957_1767736800,133957,2026-01-06 22:00:00,53699456803,2026-01-06 22:11:00,180.0,development
133957_1767737100,133957,2026-01-06 22:05:00,53699456807,2026-01-06 22:16:00,180.0,development
135081_1767737100,135081,2026-01-06 22:05:00,53718724309,2026-01-06 22:16:00,-207.0,development
134040_1767737100,134040,2026-01-06 22:05:00,53721481070,2026-01-06 22:16:00,0.0,development
133957_1767737400,133957,2026-01-06 22:10:00,53699456796,2026-01-06 22:21:00,180.0,development
135081_1767737400,135081,2026-01-06 22:10:00,53718724300,2026-01-06 22:21:00,-68.0,development
134040_1767737400,134040,2026-01-06 22:10:00,53721481010,2026-01-06 22:21:00,0.0,development
133957_1767737700,133957,2026-01-06 22:15:00,53699456801,2026-01-06 22:27:00,26.0,development
135081_1767737700,135081,2026-01-06 22:15:00,53718724315,2026-01-06 22:26:00,49.0,development
134040_1767737700,134040,2026-01-06 22:15:00,53721481012,2026-01-06 22:26:00,0.0,development
134040_1767738000,134040,2026-01-06 22:20:00,53721481021,2026-01-06 22:31:00,0.0,development
134494_1767738000,134494,2026-01-06 22:20:00,53698426129,2026-01-06 22:35:00,0.0,development
132430_1767738000,132430,2026-01-06 22:20:00,53698549723,2026-01-06 22:31:00,96.0,development
135081_1767738000,135081,2026-01-06 22:20:00,53718724318,2026-01-06 22:31:00,19.0,development
133957_1767738000,133957,2026-01-06 22:20:00,53699456791,2026-01-06 22:32:00,20.0,development
135081_1767738300,135081,2026-01-06 22:25:00,53718724316,2026-01-06 22:36:00,90.0,development
134040_1767738300,134040,2026-01-06 22:25:00,53721481036,2026-01-06 22:36:00,0.0,development
132430_1767738300,132430,2026-01-06 22:25:00,53698549722,2026-01-06 22:36:00,96.0,development
134494_1767738300,134494,2026-01-06 22:25:00,53698426128,2026-01-06 22:37:00,0.0,development
134494_1767738600,134494,2026-01-06 22:30:00,53698426124,2026-01-06 22:42:00,0.0,development
134040_1767738600,134040,2026-01-06 22:30:00,53721481039,2026-01-06 22:41:00,0.0,development
134494_1767738900,134494,2026-01-06 22:35:00,53698426134,2026-01-06 22:47:00,0.0,development
134040_1767738900,134040,2026-01-06 22:35:00,53721481044,2026-01-06 22:46:00,0.0,development
134494_1767739200,134494,2026-01-06 22:40:00,53698426132,2026-01-06 22:51:00,0.0,development
134040_1767739200,134040,2026-01-06 22:40:00,53721481048,2026-01-06 22:51:00,0.0,development
134040_1767739500,134040,2026-01-06 22:45:00,53721481051,2026-01-06 22:56:00,0.0,development
134494_1767739500,134494,2026-01-06 22:45:00,53698426143,2026-01-06 22:57:00,0.0,development
134040_1767739800,134040,2026-01-06 22:50:00,53721481054,2026-01-06 23:01:00,0.0,development
134494_1767739800,134494,2026-01-06 22:50:00,53698426141,2026-01-06 23:03:00,0.0,development
134494_1767740100,134494,2026-01-06 22:55:00,53698426138,2026-01-06 23:06:00,0.0,development
134040_1767740100,134040,2026-01-06 22:55:00,53721481028,2026-01-06 23:07:00,0.0,development
134040_1767740400,134040,2026-01-06 23:00:00,53721481026,2026-01-06 23:12:00,0.0,development
132430_1767740400,132430,2026-01-06 23:00:00,53698549789,2026-01-06 23:11:00,19.0,development
130072_1767740700,130072,2026-01-06 23:05:00,53698461587,2026-01-06 23:20:00,0.0,development
132430_1767740700,132430,2026-01-06 23:05:00,53698549794,2026-01-06 23:17:00,-13.0,development
134040_1767740700,134040,2026-01-06 23:05:00,53721481031,2026-01-06 23:17:00,0.0,development
132430_1767741000,132430,2026-01-06 23:10:00,53698549792,2026-01-06 23:21:00,168.0,development
130072_1767741000,130072,2026-01-06 23:10:00,53698461586,2026-01-06 23:21:00,0.0,development
130072_1767741300,130072,2026-01-06 23:15:00,53698461582,2026-01-06 23:26:00,0.0,development
132430_1767741300,132430,2026-01-06 23:15:00,53698549804,2026-01-06 23:27:00,127.0,development
132430_1767741600,132430,2026-01-06 23:20:00,53698549801,2026-01-06 23:32:00,99.0,development
130072_1767741600,130072,2026-01-06 23:20:00,53698461578,2026-01-06 23:31:00,0.0,development
132430_1767741900,132430,2026-01-06 23:25:00,53698549813,2026-01-06 23:36:00,29.0,development
130072_1767741900,130072,2026-01-06 23:25:00,53698461574,2026-01-06 23:37:00,0.0,development
132430_1767742200,132430,2026-01-06 23:30:00,53698549808,2026-01-06 23:41:00,147.0,development
134494_1767742200,134494,2026-01-06 23:30:00,53698426111,2026-01-06 23:42:00,0.0,development
134494_1767742500,134494,2026-01-06 23:35:00,53698426108,2026-01-06 23:46:00,0.0,development
134494_1767742800,134494,2026-01-06 23:40:00,53698426116,2026-01-06 23:51:00,0.0,development
134494_1767743100,134494,2026-01-06 23:45:00,53698426113,2026-01-06 23:57:00,0.0,development
132430_1767743400,132430,2026-01-06 23:50:00,53698549833,2026-01-07 00:01:00,74.0,development
132430_1767743700,132430,2026-01-06 23:55:00,53698549831,2026-01-07 00:06:00,74.0,development
