sample_id,tr_id,T,target_stop_id,target_time_begin,cur_dev_s,split,role
122048_1767665400,122048,2026-01-06 02:10:00,53699018679,2026-01-06 02:22:00.000000000,0.0,train,fit
122048_1767665700,122048,2026-01-06 02:15:00,53699018678,2026-01-06 02:26:00.000000000,0.0,train,fit
122048_1767666000,122048,2026-01-06 02:20:00,53699018687,2026-01-06 02:32:00.000000000,0.0,train,fit
122048_1767666300,122048,2026-01-06 02:25:00,53699018692,2026-01-06 02:37:00.000000000,0.0,train,fit
122048_1767666600,122048,2026-01-06 02:30:00,53699018689,2026-01-06 02:41:00.000000000,0.0,train,fit
133957_1767666600,133957,2026-01-06 02:30:00,53699456164,2026-01-06 02:45:00.000000000,0.0,train,fit
129964_1767666600,129964,2026-01-06 02:30:00,53700336279,2026-01-06 02:41:00.000000000,-97.0,train,fit
133957_1767666900,133957,2026-01-06 02:35:00,53699456165,2026-01-06 02:47:00.000000000,0.0,train,fit
132430_1767666900,132430,2026-01-06 02:35:00,53698549255,2026-01-06 02:46:00.000000000,5.0,train,fit
122048_1767666900,122048,2026-01-06 02:35:00,53699018674,2026-01-06 02:46:00.000000000,0.0,train,fit
129964_1767666900,129964,2026-01-06 02:35:00,53700336275,2026-01-06 02:47:00.000000000,-51.0,train,fit
133957_1767667200,133957,2026-01-06 02:40:00,53699456169,2026-01-06 02:51:00.000000000,0.0,train,fit
132430_1767667200,132430,2026-01-06 02:40:00,53698549241,2026-01-06 02:51:00.000000000,22.0,train,fit
122048_1767667200,122048,2026-01-06 02:40:00,53699018698,2026-01-06 02:51:00.000000000,0.0,train,fit
129964_1767667200,129964,2026-01-06 02:40:00,53700336272,2026-01-06 02:51:00.000000000,5.0,train,fit
132430_1767667500,132430,2026-01-06 02:45:00,53698549239,2026-01-06 02:57:00.000000000,28.0,train,fit
122048_1767667500,122048,2026-01-06 02:45:00,53699018670,2026-01-06 02:56:00.000000000,0.0,train,fit
129964_1767667500,129964,2026-01-06 02:45:00,53700336268,2026-01-06 02:56:00.000000000,46.0,train,fit
133957_1767667500,133957,2026-01-06 02:45:00,53699456157,2026-01-06 02:56:00.000000000,-32.0,train,fit
122048_1767667800,122048,2026-01-06 02:50:00,53699018706,2026-01-06 03:01:00.000000000,0.0,train,fit
133957_1767667800,133957,2026-01-06 02:50:00,53699456162,2026-01-06 03:01:00.000000000,24.0,train,fit
132430_1767667800,132430,2026-01-06 02:50:00,53698549244,2026-01-06 03:01:00.000000000,93.0,train,fit
129964_1767667800,129964,2026-01-06 02:50:00,53700336264,2026-01-06 03:02:00.000000000,6.0,train,fit
134040_1767667800,134040,2026-01-06 02:50:00,53698328425,2026-01-06 03:03:00.000000000,0.0,train,fit
129964_1767668100,129964,2026-01-06 02:55:00,53700336262,2026-01-06 03:06:00.000000000,-7.0,train,fit
132430_1767668100,132430,2026-01-06 02:55:00,53698549731,2026-01-06 03:06:00.000000000,40.0,train,fit
122048_1767668100,122048,2026-01-06 02:55:00,53699018694,2026-01-06 03:07:00.000000000,0.0,train,fit
133957_1767668100,133957,2026-01-06 02:55:00,53699456173,2026-01-06 03:06:00.000000000,-7.0,train,fit
134040_1767668100,134040,2026-01-06 02:55:00,53698328422,2026-01-06 03:06:00.000000000,0.0,train,fit
132430_1767668400,132430,2026-01-06 03:00:00,53698549732,2026-01-06 03:11:00.000000000,25.0,train,fit
122048_1767668400,122048,2026-01-06 03:00:00,53699018704,2026-01-06 03:11:00.000000000,0.0,train,fit
133957_1767668400,133957,2026-01-06 03:00:00,53699456177,2026-01-06 03:11:00.000000000,-109.0,train,fit
122048_1767668700,122048,2026-01-06 03:05:00,53699018826,2026-01-06 03:16:00.000000000,0.0,train,fit
132430_1767668700,132430,2026-01-06 03:05:00,53698549735,2026-01-06 03:16:00.000000000,10.0,train,fit
122048_1767669000,122048,2026-01-06 03:10:00,53699018813,2026-01-06 03:21:00.000000000,0.0,train,fit
132430_1767669000,132430,2026-01-06 03:10:00,53698549747,2026-01-06 03:21:00.000000000,20.0,train,fit
133957_1767669300,133957,2026-01-06 03:15:00,53699456195,2026-01-06 03:30:00.000000000,-34.0,train,fit
132430_1767669300,132430,2026-01-06 03:15:00,53698549752,2026-01-06 03:26:00.000000000,136.0,train,fit
122048_1767669300,122048,2026-01-06 03:15:00,53699018801,2026-01-06 03:26:00.000000000,0.0,train,fit
122048_1767669600,122048,2026-01-06 03:20:00,53699018821,2026-01-06 03:31:00.000000000,0.0,train,fit
133957_1767669600,133957,2026-01-06 03:20:00,53699456196,2026-01-06 03:32:00.000000000,-34.0,train,fit
132430_1767669600,132430,2026-01-06 03:20:00,53698549748,2026-01-06 03:31:00.000000000,11.0,train,fit
133957_1767669900,133957,2026-01-06 03:25:00,53699456199,2026-01-06 03:36:00.000000000,-34.0,train,fit
122048_1767669900,122048,2026-01-06 03:25:00,53699018809,2026-01-06 03:37:00.000000000,0.0,train,fit
132430_1767669900,132430,2026-01-06 03:25:00,53698549730,2026-01-06 03:37:00.000000000,-8.0,train,fit
133957_1767670200,133957,2026-01-06 03:30:00,53699456188,2026-01-06 03:41:00.000000000,21.0,train,fit
134040_1767670200,134040,2026-01-06 03:30:00,53698328448,2026-01-06 03:43:00.000000000,135.0,train,fit
129964_1767670200,129964,2026-01-06 03:30:00,53700336333,2026-01-06 03:41:00.000000000,28.0,train,fit
135081_1767670200,135081,2026-01-06 03:30:00,53699791146,2026-01-06 03:42:00.000000000,0.0,train,fit
122048_1767670200,122048,2026-01-06 03:30:00,53699018797,2026-01-06 03:41:00.000000000,0.0,train,fit
122048_1767670500,122048,2026-01-06 03:35:00,53699018837,2026-01-06 03:46:00.000000000,0.0,train,fit
129964_1767670500,129964,2026-01-06 03:35:00,53700336329,2026-01-06 03:47:00.000000000,-13.0,train,fit
133957_1767670500,133957,2026-01-06 03:35:00,53699456192,2026-01-06 03:46:00.000000000,36.0,train,fit
134040_1767670500,134040,2026-01-06 03:35:00,53698328462,2026-01-06 03:47:00.000000000,125.0,train,fit
135081_1767670500,135081,2026-01-06 03:35:00,53699791126,2026-01-06 03:47:00.000000000,0.0,train,fit
132430_1767670500,132430,2026-01-06 03:35:00,53698549967,2026-01-06 03:48:00.000000000,99.0,train,fit
135081_1767670800,135081,2026-01-06 03:40:00,53699791118,2026-01-06 03:52:00.000000000,0.0,train,fit
129964_1767670800,129964,2026-01-06 03:40:00,53700336326,2026-01-06 03:51:00.000000000,103.0,train,fit
133957_1767670800,133957,2026-01-06 03:40:00,53699456182,2026-01-06 03:51:00.000000000,112.0,train,fit
122048_1767670800,122048,2026-01-06 03:40:00,53699018805,2026-01-06 03:51:00.000000000,0.0,train,fit
134040_1767670800,134040,2026-01-06 03:40:00,53698328439,2026-01-06 03:52:00.000000000,111.0,train,fit
132430_1767670800,132430,2026-01-06 03:40:00,53698549965,2026-01-06 03:53:00.000000000,58.0,train,fit
134040_1767671100,134040,2026-01-06 03:45:00,53698328453,2026-01-06 03:59:00.000000000,179.0,train,fit
133957_1767671100,133957,2026-01-06 03:45:00,53699456148,2026-01-06 04:00:00.000000000,82.0,train,fit
129964_1767671100,129964,2026-01-06 03:45:00,53700336323,2026-01-06 03:56:00.000000000,75.0,train,fit
132430_1767671100,132430,2026-01-06 03:45:00,53698549947,2026-01-06 03:56:00.000000000,58.0,train,fit
122048_1767671100,122048,2026-01-06 03:45:00,53699018832,2026-01-06 03:56:00.000000000,0.0,train,fit
135081_1767671100,135081,2026-01-06 03:45:00,53699791128,2026-01-06 03:57:00.000000000,59.0,train,fit
122048_1767671400,122048,2026-01-06 03:50:00,53699018836,2026-01-06 04:01:00.000000000,0.0,train,fit
129964_1767671400,129964,2026-01-06 03:50:00,53700336318,2026-01-06 04:01:00.000000000,4.0,train,fit
132430_1767671400,132430,2026-01-06 03:50:00,53698549968,2026-01-06 04:01:00.000000000,215.0,train,fit
134040_1767671400,134040,2026-01-06 03:50:00,53698328463,2026-01-06 04:01:00.000000000,140.0,train,fit
133957_1767671400,133957,2026-01-06 03:50:00,53699456149,2026-01-06 04:02:00.000000000,19.0,train,fit
135081_1767671400,135081,2026-01-06 03:50:00,53699791143,2026-01-06 04:01:00.000000000,73.0,train,fit
135081_1767671700,135081,2026-01-06 03:55:00,53699791117,2026-01-06 04:06:00.000000000,29.0,train,fit
132430_1767671700,132430,2026-01-06 03:55:00,53698549955,2026-01-06 04:06:00.000000000,143.0,train,fit
133957_1767671700,133957,2026-01-06 03:55:00,53699456142,2026-01-06 04:06:00.000000000,-64.0,train,fit
134040_1767671700,134040,2026-01-06 03:55:00,53698328456,2026-01-06 04:07:00.000000000,146.0,train,fit
122048_1767671700,122048,2026-01-06 03:55:00,53699018833,2026-01-06 04:06:00.000000000,0.0,train,fit
129964_1767671700,129964,2026-01-06 03:55:00,53700336315,2026-01-06 04:07:00.000000000,-25.0,train,fit
135081_1767672000,135081,2026-01-06 04:00:00,53699791152,2026-01-06 04:12:00.000000000,47.0,train,fit
132430_1767672000,132430,2026-01-06 04:00:00,53698549954,2026-01-06 04:11:00.000000000,215.0,train,fit
129964_1767672000,129964,2026-01-06 04:00:00,53700336312,2026-01-06 04:12:00.000000000,60.0,train,fit
133957_1767672000,133957,2026-01-06 04:00:00,53699456145,2026-01-06 04:11:00.000000000,-86.0,train,fit
135081_1767672300,135081,2026-01-06 04:05:00,53699791130,2026-01-06 04:16:00.000000000,41.0,train,fit
133957_1767672300,133957,2026-01-06 04:05:00,53699456133,2026-01-06 04:16:00.000000000,-118.0,train,fit
122048_1767672300,122048,2026-01-06 04:05:00,53699018745,2026-01-06 04:19:00.000000000,0.0,train,fit
132430_1767672300,132430,2026-01-06 04:05:00,53698549949,2026-01-06 04:17:00.000000000,276.0,train,fit
129964_1767672300,129964,2026-01-06 04:05:00,53700336308,2026-01-06 04:16:00.000000000,-37.0,train,fit
133957_1767672600,133957,2026-01-06 04:10:00,53699456137,2026-01-06 04:22:00.000000000,-14.0,train,fit
135081_1767672600,135081,2026-01-06 04:10:00,53699791141,2026-01-06 04:21:00.000000000,49.0,train,fit
122048_1767672600,122048,2026-01-06 04:10:00,53699018748,2026-01-06 04:21:00.000000000,0.0,train,fit
132430_1767672600,132430,2026-01-06 04:10:00,53698549961,2026-01-06 04:21:00.000000000,319.0,train,fit
133957_1767672900,133957,2026-01-06 04:15:00,53699456150,2026-01-06 04:26:00.000000000,-41.0,train,fit
122048_1767672900,122048,2026-01-06 04:15:00,53699018739,2026-01-06 04:26:00.000000000,0.0,train,fit
132430_1767672900,132430,2026-01-06 04:15:00,53698549497,2026-01-06 04:28:00.000000000,242.0,train,fit
130238_1767672900,130238,2026-01-06 04:15:00,53698370214,2026-01-06 04:27:00.000000000,0.0,train,fit
135081_1767672900,135081,2026-01-06 04:15:00,53699791138,2026-01-06 04:26:00.000000000,-32.0,train,fit
129964_1767672900,129964,2026-01-06 04:15:00,53700336370,2026-01-06 04:26:00.000000000,7.0,train,fit
129964_1767673200,129964,2026-01-06 04:20:00,53700336366,2026-01-06 04:31:00.000000000,-9.0,train,fit
130238_1767673200,130238,2026-01-06 04:20:00,53698370216,2026-01-06 04:31:00.000000000,0.0,train,fit
122048_1767673200,122048,2026-01-06 04:20:00,53699018727,2026-01-06 04:31:00.000000000,66.0,train,fit
132430_1767673200,132430,2026-01-06 04:20:00,53698549492,2026-01-06 04:31:00.000000000,310.0,train,fit
135081_1767673200,135081,2026-01-06 04:20:00,53699790882,2026-01-06 04:32:00.000000000,-103.0,train,fit
129964_1767673500,129964,2026-01-06 04:25:00,53700336362,2026-01-06 04:36:00.000000000,-9.0,train,fit
122048_1767673500,122048,2026-01-06 04:25:00,53699018726,2026-01-06 04:36:00.000000000,169.0,train,fit
132430_1767673500,132430,2026-01-06 04:25:00,53698549476,2026-01-06 04:36:00.000000000,229.0,train,fit
130238_1767673500,130238,2026-01-06 04:25:00,53698370199,2026-01-06 04:36:00.000000000,0.0,train,fit
135081_1767673500,135081,2026-01-06 04:25:00,53699790888,2026-01-06 04:36:00.000000000,-120.0,train,fit
130238_1767673800,130238,2026-01-06 04:30:00,53698370210,2026-01-06 04:41:00.000000000,90.0,train,fit
131672_1767673800,131672,2026-01-06 04:30:00,53700172804,2026-01-06 04:41:00.000000000,-6.0,train,fit
133957_1767673800,133957,2026-01-06 04:30:00,53699456223,2026-01-06 04:45:00.000000000,-4.0,train,fit
129964_1767673800,129964,2026-01-06 04:30:00,53700336358,2026-01-06 04:41:00.000000000,-64.0,train,fit
135081_1767673800,135081,2026-01-06 04:30:00,53699790891,2026-01-06 04:41:00.000000000,-96.0,train,fit
129964_1767674100,129964,2026-01-06 04:35:00,53700336353,2026-01-06 04:46:00.000000000,34.0,train,fit
130238_1767674100,130238,2026-01-06 04:35:00,53698370197,2026-01-06 04:46:00.000000000,39.0,train,fit
135081_1767674100,135081,2026-01-06 04:35:00,53699790895,2026-01-06 04:46:00.000000000,71.0,train,fit
131672_1767674100,131672,2026-01-06 04:35:00,53700172846,2026-01-06 04:48:00.000000000,0.0,train,fit
133957_1767674100,133957,2026-01-06 04:35:00,53699456215,2026-01-06 04:47:00.000000000,-4.0,train,fit
133957_1767674400,133957,2026-01-06 04:40:00,53699456218,2026-01-06 04:51:00.000000000,-4.0,train,fit
135081_1767674400,135081,2026-01-06 04:40:00,53699790899,2026-01-06 04:52:00.000000000,133.0,train,fit
129964_1767674400,129964,2026-01-06 04:40:00,53700336395,2026-01-06 04:51:00.000000000,3.0,train,fit
131672_1767674400,131672,2026-01-06 04:40:00,53700172849,2026-01-06 04:51:00.000000000,-31.0,train,fit
130238_1767674400,130238,2026-01-06 04:40:00,53698370207,2026-01-06 04:51:00.000000000,-42.0,train,fit
130238_1767674700,130238,2026-01-06 04:45:00,53698370206,2026-01-06 04:56:00.000000000,139.0,train,fit
131672_1767674700,131672,2026-01-06 04:45:00,53700172844,2026-01-06 04:56:00.000000000,-73.0,train,fit
133957_1767674700,133957,2026-01-06 04:45:00,53699456222,2026-01-06 04:56:00.000000000,48.0,train,fit
135081_1767674700,135081,2026-01-06 04:45:00,53699790893,2026-01-06 04:56:00.000000000,82.0,train,fit
129964_1767674700,129964,2026-01-06 04:45:00,53700336392,2026-01-06 04:56:00.000000000,2.0,train,fit
130238_1767675000,130238,2026-01-06 04:50:00,53698370227,2026-01-06 05:02:00.000000000,179.0,train,fit
135081_1767675000,135081,2026-01-06 04:50:00,53699790897,2026-01-06 05:02:00.000000000,161.0,train,fit
129964_1767675000,129964,2026-01-06 04:50:00,53700336388,2026-01-06 05:02:00.000000000,38.0,train,fit
131672_1767675000,131672,2026-01-06 04:50:00,53700172864,2026-01-06 05:01:00.000000000,146.0,train,fit
133300_1767675000,133300,2026-01-06 04:50:00,53700641008,2026-01-06 05:05:00.000000000,0.0,train,fit
133957_1767675000,133957,2026-01-06 04:50:00,53699456210,2026-01-06 05:02:00.000000000,61.0,train,fit
135081_1767675300,135081,2026-01-06 04:55:00,53699790868,2026-01-06 05:06:00.000000000,114.0,train,fit
133300_1767675300,133300,2026-01-06 04:55:00,53700641002,2026-01-06 05:07:00.000000000,0.0,train,fit
131672_1767675300,131672,2026-01-06 04:55:00,53700172858,2026-01-06 05:06:00.000000000,108.0,train,fit
129964_1767675300,129964,2026-01-06 04:55:00,53700336385,2026-01-06 05:06:00.000000000,46.0,train,fit
133957_1767675300,133957,2026-01-06 04:55:00,53699456213,2026-01-06 05:06:00.000000000,123.0,train,fit
133957_1767675600,133957,2026-01-06 05:00:00,53699456206,2026-01-06 05:11:00.000000000,67.0,train,fit
122048_1767675600,122048,2026-01-06 05:00:00,53699018742,2026-01-06 05:11:00.000000000,2.0,train,fit
133300_1767675600,133300,2026-01-06 05:00:00,53700641003,2026-01-06 05:12:00.000000000,0.0,train,fit
129964_1767675600,129964,2026-01-06 05:00:00,53700336380,2026-01-06 05:13:00.000000000,28.0,train,fit
135081_1767675600,135081,2026-01-06 05:00:00,53699790864,2026-01-06 05:11:00.000000000,61.0,train,fit
133300_1767675900,133300,2026-01-06 05:05:00,53700641010,2026-01-06 05:16:00.000000000,99.0,train,fit
122048_1767675900,122048,2026-01-06 05:05:00,53699018718,2026-01-06 05:16:00.000000000,-51.0,train,fit
129964_1767675900,129964,2026-01-06 05:05:00,53700336378,2026-01-06 05:17:00.000000000,84.0,train,fit
133957_1767675900,133957,2026-01-06 05:05:00,53699456247,2026-01-06 05:17:00.000000000,35.0,train,fit
135081_1767675900,135081,2026-01-06 05:05:00,53699790881,2026-01-06 05:16:00.000000000,214.0,train,fit
133300_1767676200,133300,2026-01-06 05:10:00,53700641011,2026-01-06 05:21:00.000000000,253.0,train,fit
129964_1767676200,129964,2026-01-06 05:10:00,53700336375,2026-01-06 05:21:00.000000000,109.0,train,fit
135081_1767676200,135081,2026-01-06 05:10:00,53699790867,2026-01-06 05:21:00.000000000,320.0,train,fit
133957_1767676200,133957,2026-01-06 05:10:00,53699456261,2026-01-06 05:21:00.000000000,19.0,train,fit
122048_1767676200,122048,2026-01-06 05:10:00,53699018566,2026-01-06 05:21:00.000000000,-80.0,train,fit
135081_1767676500,135081,2026-01-06 05:15:00,53699790873,2026-01-06 05:26:00.000000000,236.0,train,fit
122048_1767676500,122048,2026-01-06 05:15:00,53699018544,2026-01-06 05:26:00.000000000,-19.0,train,fit
133300_1767676500,133300,2026-01-06 05:15:00,53700640995,2026-01-06 05:26:00.000000000,156.0,train,fit
133957_1767676500,133957,2026-01-06 05:15:00,53699456264,2026-01-06 05:26:00.000000000,-32.0,train,fit
133300_1767676800,133300,2026-01-06 05:20:00,53700640996,2026-01-06 05:31:00.000000000,137.0,train,fit
122048_1767676800,122048,2026-01-06 05:20:00,53699018565,2026-01-06 05:32:00.000000000,-56.0,train,fit
133957_1767676800,133957,2026-01-06 05:20:00,53699456252,2026-01-06 05:31:00.000000000,-39.0,train,fit
122048_1767677100,122048,2026-01-06 05:25:00,53699018576,2026-01-06 05:36:00.000000000,17.0,train,fit
133957_1767677100,133957,2026-01-06 05:25:00,53699456256,2026-01-06 05:37:00.000000000,111.0,train,fit
122048_1767677400,122048,2026-01-06 05:30:00,53699018563,2026-01-06 05:41:00.000000000,-113.0,train,fit
133957_1767677400,133957,2026-01-06 05:30:00,53699456259,2026-01-06 05:41:00.000000000,26.0,train,fit
133300_1767677400,133300,2026-01-06 05:30:00,53700641312,2026-01-06 05:45:00.000000000,296.0,train,fit
130238_1767677400,130238,2026-01-06 05:30:00,53698370096,2026-01-06 05:41:00.000000000,12.0,train,fit
134040_1767677400,134040,2026-01-06 05:30:00,53698328574,2026-01-06 05:41:00.000000000,189.0,train,fit
122048_1767677700,122048,2026-01-06 05:35:00,53699018556,2026-01-06 05:46:00.000000000,-203.0,train,fit
134040_1767677700,134040,2026-01-06 05:35:00,53698328587,2026-01-06 05:47:00.000000000,120.0,train,fit
133300_1767677700,133300,2026-01-06 05:35:00,53700641306,2026-01-06 05:47:00.000000000,284.0,train,fit
130238_1767677700,130238,2026-01-06 05:35:00,53698370095,2026-01-06 05:46:00.000000000,18.0,train,fit
130238_1767678000,130238,2026-01-06 05:40:00,53698370104,2026-01-06 05:51:00.000000000,57.0,train,fit
133300_1767678000,133300,2026-01-06 05:40:00,53700641307,2026-01-06 05:52:00.000000000,284.0,train,fit
134040_1767678000,134040,2026-01-06 05:40:00,53698328565,2026-01-06 05:52:00.000000000,71.0,train,fit
122048_1767678000,122048,2026-01-06 05:40:00,53699018571,2026-01-06 05:52:00.000000000,-78.0,train,fit
133300_1767678300,133300,2026-01-06 05:45:00,53700641314,2026-01-06 05:56:00.000000000,87.0,train,fit
130238_1767678300,130238,2026-01-06 05:45:00,53698370110,2026-01-06 05:57:00.000000000,-49.0,train,fit
122048_1767678300,122048,2026-01-06 05:45:00,53699018542,2026-01-06 05:57:00.000000000,-46.0,train,fit
133300_1767678600,133300,2026-01-06 05:50:00,53700641315,2026-01-06 06:01:00.000000000,178.0,train,fit
122048_1767678600,122048,2026-01-06 05:50:00,53699018554,2026-01-06 06:02:00.000000000,7.0,train,fit
133300_1767678900,133300,2026-01-06 05:55:00,53700641321,2026-01-06 06:06:00.000000000,76.0,train,fit
122048_1767678900,122048,2026-01-06 05:55:00,53699018552,2026-01-06 06:07:00.000000000,83.0,train,fit
133957_1767679500,133957,2026-01-06 06:05:00,53699456233,2026-01-06 06:18:00.000000000,-16.0,train,fit
130238_1767679500,130238,2026-01-06 06:05:00,53698370314,2026-01-06 06:18:00.000000000,-52.0,train,fit
130238_1767679800,130238,2026-01-06 06:10:00,53698370302,2026-01-06 06:21:00.000000000,-52.0,train,fit
133957_1767679800,133957,2026-01-06 06:10:00,53699456225,2026-01-06 06:21:00.000000000,-16.0,train,fit
132430_1767679800,132430,2026-01-06 06:10:00,53698549975,2026-01-06 06:25:00.000000000,0.0,train,fit
134040_1767679800,134040,2026-01-06 06:10:00,53698328541,2026-01-06 06:23:00.000000000,-25.0,train,fit
132430_1767680100,132430,2026-01-06 06:15:00,53698549972,2026-01-06 06:27:00.000000000,0.0,train,fit
134040_1767680100,134040,2026-01-06 06:15:00,53698328545,2026-01-06 06:26:00.000000000,-25.0,train,fit
133957_1767680100,133957,2026-01-06 06:15:00,53699456229,2026-01-06 06:26:00.000000000,-16.0,train,fit
130238_1767680100,130238,2026-01-06 06:15:00,53698370310,2026-01-06 06:26:00.000000000,-52.0,train,fit
134040_1767680400,134040,2026-01-06 06:20:00,53698328548,2026-01-06 06:31:00.000000000,-25.0,train,fit
133957_1767680400,133957,2026-01-06 06:20:00,53699456232,2026-01-06 06:31:00.000000000,58.0,train,fit
130238_1767680400,130238,2026-01-06 06:20:00,53698370324,2026-01-06 06:32:00.000000000,0.0,train,fit
132430_1767680400,132430,2026-01-06 06:20:00,53698549974,2026-01-06 06:32:00.000000000,0.0,train,fit
129964_1767680400,129964,2026-01-06 06:20:00,53700336475,2026-01-06 06:33:00.000000000,122.0,train,fit
134040_1767680700,134040,2026-01-06 06:25:00,53698328553,2026-01-06 06:37:00.000000000,32.0,train,fit
132430_1767680700,132430,2026-01-06 06:25:00,53698549981,2026-01-06 06:36:00.000000000,73.0,train,fit
133957_1767680700,133957,2026-01-06 06:25:00,53699456245,2026-01-06 06:37:00.000000000,99.0,train,fit
130238_1767680700,130238,2026-01-06 06:25:00,53698370303,2026-01-06 06:36:00.000000000,0.0,train,fit
129964_1767680700,129964,2026-01-06 06:25:00,53700336473,2026-01-06 06:36:00.000000000,122.0,train,fit
133957_1767681000,133957,2026-01-06 06:30:00,53699456238,2026-01-06 06:41:00.000000000,75.0,train,fit
129964_1767681000,129964,2026-01-06 06:30:00,53700336468,2026-01-06 06:41:00.000000000,122.0,train,fit
132430_1767681000,132430,2026-01-06 06:30:00,53698549976,2026-01-06 06:42:00.000000000,73.0,train,fit
130238_1767681000,130238,2026-01-06 06:30:00,53698370305,2026-01-06 06:42:00.000000000,0.0,train,fit
122658_1767681000,122658,2026-01-06 06:30:00,53699433974,2026-01-06 06:41:00.000000000,246.0,train,fit
133300_1767681000,133300,2026-01-06 06:30:00,53700641303,2026-01-06 06:41:00.000000000,36.0,train,fit
134040_1767681000,134040,2026-01-06 06:30:00,53698328556,2026-01-06 06:41:00.000000000,-7.0,train,fit
134040_1767681300,134040,2026-01-06 06:35:00,53698328543,2026-01-06 06:46:00.000000000,-72.0,train,fit
129964_1767681300,129964,2026-01-06 06:35:00,53700336465,2026-01-06 06:46:00.000000000,-51.0,train,fit
132430_1767681300,132430,2026-01-06 06:35:00,53698549988,2026-01-06 06:47:00.000000000,-11.0,train,fit
133300_1767681300,133300,2026-01-06 06:35:00,53700641287,2026-01-06 06:46:00.000000000,44.0,train,fit
122658_1767681300,122658,2026-01-06 06:35:00,53699433892,2026-01-06 06:47:00.000000000,181.0,train,fit
130238_1767681300,130238,2026-01-06 06:35:00,53698370308,2026-01-06 06:47:00.000000000,0.0,train,fit
133957_1767681300,133957,2026-01-06 06:35:00,53699456276,2026-01-06 06:46:00.000000000,25.0,train,fit
130238_1767681600,130238,2026-01-06 06:40:00,53698370322,2026-01-06 06:52:00.000000000,0.0,train,fit
133300_1767681600,133300,2026-01-06 06:40:00,53700641288,2026-01-06 06:51:00.000000000,-10.0,train,fit
134040_1767681600,134040,2026-01-06 06:40:00,53698328557,2026-01-06 06:51:00.000000000,-94.0,train,fit
133957_1767681600,133957,2026-01-06 06:40:00,53699456280,2026-01-06 06:52:00.000000000,-5.0,train,fit
132430_1767681600,132430,2026-01-06 06:40:00,53698549987,2026-01-06 06:52:00.000000000,-39.0,train,fit
122658_1767681600,122658,2026-01-06 06:40:00,53699433894,2026-01-06 06:52:00.000000000,181.0,train,fit
129964_1767681600,129964,2026-01-06 06:40:00,53700336460,2026-01-06 06:51:00.000000000,-38.0,train,fit
131672_1767681900,131672,2026-01-06 06:45:00,53700172889,2026-01-06 06:56:00.000000000,13.0,train,fit
133300_1767681900,133300,2026-01-06 06:45:00,53700641192,2026-01-06 07:00:00.000000000,-41.0,train,fit
130238_1767681900,130238,2026-01-06 06:45:00,53698370299,2026-01-06 06:56:00.000000000,0.0,train,fit
134040_1767681900,134040,2026-01-06 06:45:00,53698328532,2026-01-06 06:57:00.000000000,-79.0,train,fit
129964_1767681900,129964,2026-01-06 06:45:00,53700336456,2026-01-06 06:56:00.000000000,-4.0,train,fit
122658_1767681900,122658,2026-01-06 06:45:00,53699433885,2026-01-06 06:56:00.000000000,181.0,train,fit
133957_1767681900,133957,2026-01-06 06:45:00,53699456283,2026-01-06 06:57:00.000000000,-1.0,train,fit
132430_1767681900,132430,2026-01-06 06:45:00,53698549985,2026-01-06 06:56:00.000000000,60.0,train,fit
133957_1767682200,133957,2026-01-06 06:50:00,53699456270,2026-01-06 07:01:00.000000000,-57.0,train,fit
133300_1767682200,133300,2026-01-06 06:50:00,53700641186,2026-01-06 07:02:00.000000000,107.0,train,fit
131672_1767682200,131672,2026-01-06 06:50:00,53700172885,2026-01-06 07:01:00.000000000,13.0,train,fit
134040_1767682200,134040,2026-01-06 06:50:00,53698328533,2026-01-06 07:01:00.000000000,-45.0,train,fit
129964_1767682200,129964,2026-01-06 06:50:00,53700336453,2026-01-06 07:02:00.000000000,68.0,train,fit
132430_1767682200,132430,2026-01-06 06:50:00,53698549992,2026-01-06 07:01:00.000000000,104.0,train,fit
122658_1767682200,122658,2026-01-06 06:50:00,53699433880,2026-01-06 07:04:00.000000000,0.0,train,fit
129964_1767682500,129964,2026-01-06 06:55:00,53700336450,2026-01-06 07:06:00.000000000,102.0,train,fit
132430_1767682500,132430,2026-01-06 06:55:00,53698549558,2026-01-06 07:06:00.000000000,5.0,train,fit
133300_1767682500,133300,2026-01-06 06:55:00,53700641187,2026-01-06 07:07:00.000000000,158.0,train,fit
131672_1767682500,131672,2026-01-06 06:55:00,53700172905,2026-01-06 07:06:00.000000000,13.0,train,fit
133957_1767682500,133957,2026-01-06 06:55:00,53699456274,2026-01-06 07:06:00.000000000,-12.0,train,fit
122658_1767682500,122658,2026-01-06 06:55:00,53699433881,2026-01-06 07:07:00.000000000,0.0,train,fit
134040_1767682500,134040,2026-01-06 06:55:00,53698328635,2026-01-06 07:06:00.000000000,-31.0,train,fit
133957_1767682800,133957,2026-01-06 07:00:00,53699456285,2026-01-06 07:11:00.000000000,-58.0,train,fit
132430_1767682800,132430,2026-01-06 07:00:00,53698549566,2026-01-06 07:11:00.000000000,-16.0,train,fit
122658_1767682800,122658,2026-01-06 07:00:00,53699433888,2026-01-06 07:12:00.000000000,0.0,train,fit
133300_1767682800,133300,2026-01-06 07:00:00,53700641194,2026-01-06 07:11:00.000000000,79.0,train,fit
131672_1767682800,131672,2026-01-06 07:00:00,53700172908,2026-01-06 07:13:00.000000000,47.0,train,fit
129964_1767682800,129964,2026-01-06 07:00:00,53700336447,2026-01-06 07:11:00.000000000,194.0,train,fit
133957_1767683100,133957,2026-01-06 07:05:00,53699456289,2026-01-06 07:16:00.000000000,-37.0,train,fit
133300_1767683100,133300,2026-01-06 07:05:00,53700641195,2026-01-06 07:16:00.000000000,252.0,train,fit
131672_1767683100,131672,2026-01-06 07:05:00,53700172903,2026-01-06 07:16:00.000000000,20.0,train,fit
132430_1767683100,132430,2026-01-06 07:05:00,53698549563,2026-01-06 07:17:00.000000000,-53.0,train,fit
129964_1767683100,129964,2026-01-06 07:05:00,53700336487,2026-01-06 07:16:00.000000000,124.0,train,fit
122658_1767683100,122658,2026-01-06 07:05:00,53699433891,2026-01-06 07:16:00.000000000,0.0,train,fit
129964_1767683400,129964,2026-01-06 07:10:00,53700336484,2026-01-06 07:22:00.000000000,78.0,train,fit
131672_1767683400,131672,2026-01-06 07:10:00,53700172904,2026-01-06 07:22:00.000000000,24.0,train,fit
122658_1767683400,122658,2026-01-06 07:10:00,53699434027,2026-01-06 07:21:00.000000000,0.0,train,fit
132430_1767683400,132430,2026-01-06 07:10:00,53698549569,2026-01-06 07:22:00.000000000,291.0,train,fit
133300_1767683400,133300,2026-01-06 07:10:00,53700641201,2026-01-06 07:21:00.000000000,155.0,train,fit
129964_1767683700,129964,2026-01-06 07:15:00,53700336481,2026-01-06 07:27:00.000000000,193.0,train,fit
133300_1767683700,133300,2026-01-06 07:15:00,53700641202,2026-01-06 07:26:00.000000000,148.0,train,fit
133957_1767683700,133957,2026-01-06 07:15:00,53699456312,2026-01-06 07:26:00.000000000,-8.0,train,fit
122658_1767683700,122658,2026-01-06 07:15:00,53699434030,2026-01-06 07:27:00.000000000,0.0,train,fit
132430_1767683700,132430,2026-01-06 07:15:00,53698549575,2026-01-06 07:26:00.000000000,388.0,train,fit
131672_1767683700,131672,2026-01-06 07:15:00,53700172898,2026-01-06 07:26:00.000000000,-31.0,train,fit
122658_1767684000,122658,2026-01-06 07:20:00,53699434028,2026-01-06 07:32:00.000000000,0.0,train,fit
131672_1767684000,131672,2026-01-06 07:20:00,53700172893,2026-01-06 07:34:00.000000000,-52.0,train,fit
133957_1767684000,133957,2026-01-06 07:20:00,53699456316,2026-01-06 07:31:00.000000000,-8.0,train,fit
133300_1767684000,133300,2026-01-06 07:20:00,53700641180,2026-01-06 07:35:00.000000000,172.0,train,fit
129964_1767684000,129964,2026-01-06 07:20:00,53700336477,2026-01-06 07:31:00.000000000,90.0,train,fit
132430_1767684000,132430,2026-01-06 07:20:00,53698549571,2026-01-06 07:31:00.000000000,300.0,train,fit
133300_1767684300,133300,2026-01-06 07:25:00,53700641174,2026-01-06 07:37:00.000000000,250.0,train,fit
122658_1767684300,122658,2026-01-06 07:25:00,53699434017,2026-01-06 07:36:00.000000000,33.0,train,fit
132430_1767684300,132430,2026-01-06 07:25:00,53698549583,2026-01-06 07:36:00.000000000,200.0,train,fit
130238_1767684300,130238,2026-01-06 07:25:00,53698370376,2026-01-06 07:40:00.000000000,0.0,train,fit
133957_1767684300,133957,2026-01-06 07:25:00,53699456304,2026-01-06 07:36:00.000000000,-8.0,train,fit
131672_1767684300,131672,2026-01-06 07:25:00,53700172896,2026-01-06 07:36:00.000000000,-170.0,train,fit
131672_1767684600,131672,2026-01-06 07:30:00,53700172916,2026-01-06 07:41:00.000000000,-7.0,train,fit
129964_1767684600,129964,2026-01-06 07:30:00,53700336440,2026-01-06 07:42:00.000000000,156.0,train,fit
122658_1767684600,122658,2026-01-06 07:30:00,53699434021,2026-01-06 07:41:00.000000000,102.0,train,fit
135081_1767684600,135081,2026-01-06 07:30:00,53699790861,2026-01-06 07:41:00.000000000,-81.0,train,fit
132430_1767684600,132430,2026-01-06 07:30:00,53698549579,2026-01-06 07:42:00.000000000,175.0,train,fit
122048_1767684600,122048,2026-01-06 07:30:00,53699018662,2026-01-06 07:42:00.000000000,436.0,train,fit
133300_1767684600,133300,2026-01-06 07:30:00,53700641175,2026-01-06 07:42:00.000000000,281.0,train,fit
131672_1767684900,131672,2026-01-06 07:35:00,53700172912,2026-01-06 07:47:00.000000000,5.0,train,fit
135081_1767684900,135081,2026-01-06 07:35:00,53699790853,2026-01-06 07:46:00.000000000,-91.0,train,fit
122048_1767684900,122048,2026-01-06 07:35:00,53699018660,2026-01-06 07:46:00.000000000,466.0,train,fit
129964_1767684900,129964,2026-01-06 07:35:00,53700336437,2026-01-06 07:46:00.000000000,134.0,train,fit
132430_1767684900,132430,2026-01-06 07:35:00,53698549561,2026-01-06 07:47:00.000000000,234.0,train,fit
133300_1767684900,133300,2026-01-06 07:35:00,53700641182,2026-01-06 07:46:00.000000000,116.0,train,fit
122658_1767684900,122658,2026-01-06 07:35:00,53699434032,2026-01-06 07:46:00.000000000,188.0,train,fit
135081_1767685200,135081,2026-01-06 07:40:00,53699790826,2026-01-06 07:51:00.000000000,-83.0,train,fit
122048_1767685200,122048,2026-01-06 07:40:00,53699018648,2026-01-06 07:51:00.000000000,415.0,train,fit
133300_1767685200,133300,2026-01-06 07:40:00,53700641183,2026-01-06 07:51:00.000000000,263.0,train,fit
122658_1767685200,122658,2026-01-06 07:40:00,53699433994,2026-01-06 07:54:00.000000000,98.0,train,fit
131672_1767685200,131672,2026-01-06 07:40:00,53700172909,2026-01-06 07:52:00.000000000,7.0,train,fit
129964_1767685200,129964,2026-01-06 07:40:00,53700336432,2026-01-06 07:52:00.000000000,134.0,train,fit
122048_1767685500,122048,2026-01-06 07:45:00,53699018633,2026-01-06 07:57:00.000000000,347.0,train,fit
129964_1767685500,129964,2026-01-06 07:45:00,53700336429,2026-01-06 07:56:00.000000000,-89.0,train,fit
132430_1767685500,132430,2026-01-06 07:45:00,53698549928,2026-01-06 07:57:00.000000000,183.0,train,fit
135081_1767685500,135081,2026-01-06 07:45:00,53699790829,2026-01-06 07:56:00.000000000,-85.0,train,fit
122658_1767685500,122658,2026-01-06 07:45:00,53699433993,2026-01-06 07:56:00.000000000,97.0,train,fit
133300_1767685500,133300,2026-01-06 07:45:00,53700641167,2026-01-06 07:56:00.000000000,265.0,train,fit
135081_1767685800,135081,2026-01-06 07:50:00,53699790823,2026-01-06 08:01:00.000000000,18.0,train,fit
133300_1767685800,133300,2026-01-06 07:50:00,53700641168,2026-01-06 08:01:00.000000000,244.0,train,fit
132430_1767685800,132430,2026-01-06 07:50:00,53698549921,2026-01-06 08:04:00.000000000,183.0,train,fit
129964_1767685800,129964,2026-01-06 07:50:00,53700336424,2026-01-06 08:01:00.000000000,-51.0,train,fit
122048_1767685800,122048,2026-01-06 07:50:00,53699018631,2026-01-06 08:01:00.000000000,228.0,train,fit
122658_1767685800,122658,2026-01-06 07:50:00,53699433991,2026-01-06 08:01:00.000000000,97.0,train,fit
135081_1767686100,135081,2026-01-06 07:55:00,53699790827,2026-01-06 08:07:00.000000000,254.0,train,fit
132430_1767686100,132430,2026-01-06 07:55:00,53698549922,2026-01-06 08:06:00.000000000,183.0,train,fit
122048_1767686100,122048,2026-01-06 07:55:00,53699018646,2026-01-06 08:06:00.000000000,188.0,train,fit
122658_1767686100,122658,2026-01-06 07:55:00,53699433984,2026-01-06 08:06:00.000000000,0.0,train,fit
129964_1767686100,129964,2026-01-06 07:55:00,53700336420,2026-01-06 08:07:00.000000000,-2.0,train,fit
133300_1767686400,133300,2026-01-06 08:00:00,53700641179,2026-01-06 08:12:00.000000000,408.0,train,fit
132430_1767686400,132430,2026-01-06 08:00:00,53698549927,2026-01-06 08:11:00.000000000,167.0,train,fit
130238_1767686400,130238,2026-01-06 08:00:00,53698370382,2026-01-06 08:11:00.000000000,233.0,train,fit
129964_1767686400,129964,2026-01-06 08:00:00,53700336418,2026-01-06 08:11:00.000000000,8.0,train,fit
122048_1767686400,122048,2026-01-06 08:00:00,53699018627,2026-01-06 08:12:00.000000000,101.0,train,fit
130238_1767686700,130238,2026-01-06 08:05:00,53698370393,2026-01-06 08:18:00.000000000,202.0,train,fit
122048_1767686700,122048,2026-01-06 08:05:00,53699018591,2026-01-06 08:17:00.000000000,38.0,train,fit
132430_1767686700,132430,2026-01-06 08:05:00,53698549926,2026-01-06 08:16:00.000000000,64.0,train,fit
129964_1767686700,129964,2026-01-06 08:05:00,53700336414,2026-01-06 08:16:00.000000000,124.0,train,fit
122048_1767687000,122048,2026-01-06 08:10:00,53699018585,2026-01-06 08:22:00.000000000,18.0,train,fit
132430_1767687000,132430,2026-01-06 08:10:00,53698549938,2026-01-06 08:21:00.000000000,24.0,train,fit
129964_1767687000,129964,2026-01-06 08:10:00,53700336411,2026-01-06 08:21:00.000000000,109.0,train,fit
132430_1767687300,132430,2026-01-06 08:15:00,53698549939,2026-01-06 08:26:00.000000000,74.0,train,fit
122048_1767687300,122048,2026-01-06 08:15:00,53699018584,2026-01-06 08:26:00.000000000,-2.0,train,fit
129964_1767687300,129964,2026-01-06 08:15:00,53700336406,2026-01-06 08:26:00.000000000,42.0,train,fit
132430_1767687600,132430,2026-01-06 08:20:00,53698549931,2026-01-06 08:31:00.000000000,52.0,train,fit
122048_1767687600,122048,2026-01-06 08:20:00,53699018621,2026-01-06 08:31:00.000000000,133.0,train,fit
129964_1767687600,129964,2026-01-06 08:20:00,53700336404,2026-01-06 08:31:00.000000000,-4.0,train,fit
129964_1767687900,129964,2026-01-06 08:25:00,53700336401,2026-01-06 08:36:00.000000000,88.0,train,fit
132430_1767687900,132430,2026-01-06 08:25:00,53698549943,2026-01-06 08:36:00.000000000,-50.0,train,fit
122048_1767687900,122048,2026-01-06 08:25:00,53699018609,2026-01-06 08:37:00.000000000,146.0,train,fit
122658_1767688200,122658,2026-01-06 08:30:00,53699433998,2026-01-06 08:41:00.000000000,33.0,train,fit
131672_1767688200,131672,2026-01-06 08:30:00,53700172924,2026-01-06 08:44:00.000000000,-126.0,train,fit
130238_1767688200,130238,2026-01-06 08:30:00,53698370234,2026-01-06 08:43:00.000000000,40.0,train,fit
132430_1767688200,132430,2026-01-06 08:30:00,53698549382,2026-01-06 08:41:00.000000000,-161.0,train,fit
122048_1767688200,122048,2026-01-06 08:30:00,53699018616,2026-01-06 08:42:00.000000000,46.0,train,fit
134040_1767688200,134040,2026-01-06 08:30:00,53698328610,2026-01-06 08:42:00.000000000,-13.0,train,fit
122048_1767688500,122048,2026-01-06 08:35:00,53699018624,2026-01-06 08:46:00.000000000,125.0,train,fit
122658_1767688500,122658,2026-01-06 08:35:00,53699433997,2026-01-06 08:46:00.000000000,24.0,train,fit
134040_1767688500,134040,2026-01-06 08:35:00,53698328598,2026-01-06 08:49:00.000000000,105.0,train,fit
131672_1767688500,131672,2026-01-06 08:35:00,53700172926,2026-01-06 08:46:00.000000000,-126.0,train,fit
130238_1767688500,130238,2026-01-06 08:35:00,53698370254,2026-01-06 08:46:00.000000000,40.0,train,fit
132430_1767688500,132430,2026-01-06 08:35:00,53698549383,2026-01-06 08:46:00.000000000,-84.0,train,fit
122048_1767688800,122048,2026-01-06 08:40:00,53699018597,2026-01-06 08:51:00.000000000,98.0,train,fit
134040_1767688800,134040,2026-01-06 08:40:00,53698328608,2026-01-06 08:51:00.000000000,142.0,train,fit
132430_1767688800,132430,2026-01-06 08:40:00,53698549387,2026-01-06 08:52:00.000000000,257.0,train,fit
131672_1767688800,131672,2026-01-06 08:40:00,53700172922,2026-01-06 08:52:00.000000000,-126.0,train,fit
122658_1767688800,122658,2026-01-06 08:40:00,53699434001,2026-01-06 08:51:00.000000000,153.0,train,fit
130238_1767688800,130238,2026-01-06 08:40:00,53698370246,2026-01-06 08:51:00.000000000,40.0,train,fit
131672_1767689100,131672,2026-01-06 08:45:00,53700172947,2026-01-06 08:56:00.000000000,16.0,train,fit
122658_1767689100,122658,2026-01-06 08:45:00,53699433935,2026-01-06 08:59:00.000000000,-10.0,train,fit
134040_1767689100,134040,2026-01-06 08:45:00,53698328601,2026-01-06 08:57:00.000000000,187.0,train,fit
122048_1767689100,122048,2026-01-06 08:45:00,53699018619,2026-01-06 08:56:00.000000000,29.0,train,fit
132430_1767689100,132430,2026-01-06 08:45:00,53698549401,2026-01-06 08:56:00.000000000,257.0,train,fit
130238_1767689100,130238,2026-01-06 08:45:00,53698370255,2026-01-06 08:57:00.000000000,20.0,train,fit
122658_1767689400,122658,2026-01-06 08:50:00,53699433938,2026-01-06 09:01:00.000000000,-34.0,train,fit
131672_1767689400,131672,2026-01-06 08:50:00,53700172949,2026-01-06 09:01:00.000000000,17.0,train,fit
130238_1767689400,130238,2026-01-06 08:50:00,53698370248,2026-01-06 09:01:00.000000000,-82.0,train,fit
133300_1767689400,133300,2026-01-06 08:50:00,53700641021,2026-01-06 09:05:00.000000000,-26.0,train,fit
134040_1767689400,134040,2026-01-06 08:50:00,53698328605,2026-01-06 09:02:00.000000000,141.0,train,fit
132430_1767689400,132430,2026-01-06 08:50:00,53698549388,2026-01-06 09:01:00.000000000,380.0,train,fit
122048_1767689400,122048,2026-01-06 08:50:00,53699018594,2026-01-06 09:03:00.000000000,58.0,train,fit
130238_1767689700,130238,2026-01-06 08:55:00,53698370239,2026-01-06 09:06:00.000000000,-52.0,train,fit
122658_1767689700,122658,2026-01-06 08:55:00,53699433936,2026-01-06 09:06:00.000000000,-34.0,train,fit
122613_1767689700,122613,2026-01-06 08:55:00,53718539198,2026-01-06 09:06:00.000000000,0.0,train,fit
122048_1767689700,122048,2026-01-06 08:55:00,53699018604,2026-01-06 09:06:00.000000000,64.0,train,fit
132430_1767689700,132430,2026-01-06 08:55:00,53698549409,2026-01-06 09:07:00.000000000,215.0,train,fit
134040_1767689700,134040,2026-01-06 08:55:00,53698328599,2026-01-06 09:07:00.000000000,144.0,train,fit
133300_1767689700,133300,2026-01-06 08:55:00,53700641015,2026-01-06 09:07:00.000000000,-26.0,train,fit
131672_1767689700,131672,2026-01-06 08:55:00,53700172945,2026-01-06 09:10:00.000000000,56.0,train,fit
122048_1767690000,122048,2026-01-06 09:00:00,53699018607,2026-01-06 09:11:00.000000000,89.0,train,fit
134040_1767690000,134040,2026-01-06 09:00:00,53698328602,2026-01-06 09:11:00.000000000,102.0,train,fit
122658_1767690000,122658,2026-01-06 09:00:00,53699433950,2026-01-06 09:11:00.000000000,-34.0,train,fit
129964_1767690000,129964,2026-01-06 09:00:00,53700336520,2026-01-06 09:11:00.000000000,0.0,train,fit
131672_1767690000,131672,2026-01-06 09:00:00,53700172938,2026-01-06 09:12:00.000000000,26.0,train,fit
130238_1767690000,130238,2026-01-06 09:00:00,53698370243,2026-01-06 09:11:00.000000000,-7.0,train,fit
133300_1767690000,133300,2026-01-06 09:00:00,53700641022,2026-01-06 09:11:00.000000000,-26.0,train,fit
133957_1767690000,133957,2026-01-06 09:00:00,53699456369,2026-01-06 09:12:00.000000000,-9.0,train,fit
122048_1767690300,122048,2026-01-06 09:05:00,53699018589,2026-01-06 09:16:00.000000000,133.0,train,fit
129964_1767690300,129964,2026-01-06 09:05:00,53700336517,2026-01-06 09:16:00.000000000,26.0,train,fit
130238_1767690300,130238,2026-01-06 09:05:00,53698370229,2026-01-06 09:16:00.000000000,84.0,train,fit
133300_1767690300,133300,2026-01-06 09:05:00,53700641027,2026-01-06 09:16:00.000000000,9.0,train,fit
122658_1767690300,122658,2026-01-06 09:05:00,53699433949,2026-01-06 09:17:00.000000000,-34.0,train,fit
134040_1767690300,134040,2026-01-06 09:05:00,53698328606,2026-01-06 09:16:00.000000000,94.0,train,fit
131672_1767690300,131672,2026-01-06 09:05:00,53700172940,2026-01-06 09:17:00.000000000,-62.0,train,fit
133957_1767690300,133957,2026-01-06 09:05:00,53699456373,2026-01-06 09:16:00.000000000,-49.0,train,fit
130238_1767690600,130238,2026-01-06 09:10:00,53698370253,2026-01-06 09:21:00.000000000,64.0,train,fit
133300_1767690600,133300,2026-01-06 09:10:00,53700641028,2026-01-06 09:21:00.000000000,70.0,train,fit
131672_1767690600,131672,2026-01-06 09:10:00,53700172935,2026-01-06 09:22:00.000000000,-222.0,train,fit
122658_1767690600,122658,2026-01-06 09:10:00,53699433943,2026-01-06 09:22:00.000000000,-34.0,train,fit
129964_1767690600,129964,2026-01-06 09:10:00,53700336514,2026-01-06 09:22:00.000000000,79.0,train,fit
133957_1767690600,133957,2026-01-06 09:10:00,53699456382,2026-01-06 09:22:00.000000000,-114.0,train,fit
122658_1767690900,122658,2026-01-06 09:15:00,53699433941,2026-01-06 09:27:00.000000000,-34.0,train,fit
133300_1767690900,133300,2026-01-06 09:15:00,53700641034,2026-01-06 09:26:00.000000000,43.0,train,fit
133957_1767690900,133957,2026-01-06 09:15:00,53699456385,2026-01-06 09:27:00.000000000,-88.0,train,fit
131672_1767690900,131672,2026-01-06 09:15:00,53700172951,2026-01-06 09:29:00.000000000,-224.0,train,fit
129964_1767690900,129964,2026-01-06 09:15:00,53700336511,2026-01-06 09:27:00.000000000,119.0,train,fit
131672_1767691200,131672,2026-01-06 09:20:00,53700172952,2026-01-06 09:31:00.000000000,-76.0,train,fit
129964_1767691200,129964,2026-01-06 09:20:00,53700336508,2026-01-06 09:31:00.000000000,90.0,train,fit
133957_1767691200,133957,2026-01-06 09:20:00,53699456388,2026-01-06 09:31:00.000000000,-101.0,train,fit
130238_1767691200,130238,2026-01-06 09:20:00,53698370272,2026-01-06 09:32:00.000000000,31.0,train,fit
133300_1767691200,133300,2026-01-06 09:20:00,53700641035,2026-01-06 09:31:00.000000000,60.0,train,fit
129964_1767691500,129964,2026-01-06 09:25:00,53700336504,2026-01-06 09:36:00.000000000,72.0,train,fit
131672_1767691500,131672,2026-01-06 09:25:00,53700172932,2026-01-06 09:36:00.000000000,-17.0,train,fit
130238_1767691500,130238,2026-01-06 09:25:00,53698370290,2026-01-06 09:37:00.000000000,38.0,train,fit
133957_1767691800,133957,2026-01-06 09:30:00,53699456411,2026-01-06 09:41:00.000000000,9.0,train,fit
129964_1767691800,129964,2026-01-06 09:30:00,53700336500,2026-01-06 09:42:00.000000000,57.0,train,fit
122048_1767691800,122048,2026-01-06 09:30:00,53699019175,2026-01-06 09:42:00.000000000,35.0,train,fit
130238_1767691800,130238,2026-01-06 09:30:00,53698370266,2026-01-06 09:42:00.000000000,38.0,train,fit
130238_1767692100,130238,2026-01-06 09:35:00,53698370265,2026-01-06 09:46:00.000000000,0.0,train,fit
133957_1767692100,133957,2026-01-06 09:35:00,53699456415,2026-01-06 09:47:00.000000000,9.0,train,fit
129964_1767692100,129964,2026-01-06 09:35:00,53700336498,2026-01-06 09:46:00.000000000,78.0,train,fit
122048_1767692100,122048,2026-01-06 09:35:00,53699019152,2026-01-06 09:46:00.000000000,35.0,train,fit
129964_1767692400,129964,2026-01-06 09:40:00,53700336494,2026-01-06 09:52:00.000000000,100.0,train,fit
130238_1767692400,130238,2026-01-06 09:40:00,53698370275,2026-01-06 09:51:00.000000000,0.0,train,fit
133957_1767692400,133957,2026-01-06 09:40:00,53699456405,2026-01-06 09:52:00.000000000,9.0,train,fit
122048_1767692400,122048,2026-01-06 09:40:00,53699019156,2026-01-06 09:51:00.000000000,35.0,train,fit
130238_1767692700,130238,2026-01-06 09:45:00,53698370292,2026-01-06 09:56:00.000000000,0.0,train,fit
122048_1767692700,122048,2026-01-06 09:45:00,53699019154,2026-01-06 09:56:00.000000000,204.0,train,fit
133957_1767692700,133957,2026-01-06 09:45:00,53699456408,2026-01-06 09:56:00.000000000,40.0,train,fit
130238_1767693000,130238,2026-01-06 09:50:00,53698370285,2026-01-06 10:01:00.000000000,0.0,train,fit
122048_1767693000,122048,2026-01-06 09:50:00,53699019157,2026-01-06 10:02:00.000000000,98.0,train,fit
133957_1767693000,133957,2026-01-06 09:50:00,53699456396,2026-01-06 10:02:00.000000000,208.0,train,fit
130238_1767693300,130238,2026-01-06 09:55:00,53698370279,2026-01-06 10:06:00.000000000,0.0,train,fit
132430_1767693300,132430,2026-01-06 09:55:00,53698549361,2026-01-06 10:09:00.000000000,-212.0,train,fit
133957_1767693300,133957,2026-01-06 09:55:00,53699456399,2026-01-06 10:06:00.000000000,142.0,train,fit
122048_1767693300,122048,2026-01-06 09:55:00,53699019164,2026-01-06 10:07:00.000000000,-96.0,train,fit
122613_1767693600,122613,2026-01-06 10:00:00,53718539224,2026-01-06 10:11:00.000000000,-157.0,train,fit
122048_1767693600,122048,2026-01-06 10:00:00,53699019185,2026-01-06 10:11:00.000000000,-59.0,train,fit
133300_1767693600,133300,2026-01-06 10:00:00,53700641071,2026-01-06 10:11:00.000000000,-17.0,train,fit
132430_1767693600,132430,2026-01-06 10:00:00,53698549362,2026-01-06 10:11:00.000000000,-212.0,train,fit
133957_1767693600,133957,2026-01-06 10:00:00,53699456453,2026-01-06 10:11:00.000000000,132.0,train,fit
122613_1767693900,122613,2026-01-06 10:05:00,53718539217,2026-01-06 10:19:00.000000000,-191.0,train,fit
122048_1767693900,122048,2026-01-06 10:05:00,53699019188,2026-01-06 10:16:00.000000000,-81.0,train,fit
133957_1767693900,133957,2026-01-06 10:05:00,53699456457,2026-01-06 10:18:00.000000000,29.0,train,fit
132430_1767693900,132430,2026-01-06 10:05:00,53698549365,2026-01-06 10:16:00.000000000,-212.0,train,fit
133300_1767694200,133300,2026-01-06 10:10:00,53700641090,2026-01-06 10:25:00.000000000,104.0,train,fit
122613_1767694200,122613,2026-01-06 10:10:00,53718539218,2026-01-06 10:21:00.000000000,-181.0,train,fit
122048_1767694200,122048,2026-01-06 10:10:00,53699019168,2026-01-06 10:22:00.000000000,-91.0,train,fit
132430_1767694200,132430,2026-01-06 10:10:00,53698549366,2026-01-06 10:22:00.000000000,132.0,train,fit
133957_1767694200,133957,2026-01-06 10:10:00,53699456459,2026-01-06 10:21:00.000000000,45.0,train,fit
122613_1767694500,122613,2026-01-06 10:15:00,53718539230,2026-01-06 10:26:00.000000000,-185.0,train,fit
132430_1767694500,132430,2026-01-06 10:15:00,53698549374,2026-01-06 10:26:00.000000000,132.0,train,fit
133957_1767694500,133957,2026-01-06 10:15:00,53699456447,2026-01-06 10:26:00.000000000,-21.0,train,fit
122048_1767694500,122048,2026-01-06 10:15:00,53699019171,2026-01-06 10:27:00.000000000,-104.0,train,fit
133300_1767694500,133300,2026-01-06 10:15:00,53700641084,2026-01-06 10:27:00.000000000,183.0,train,fit
132430_1767694800,132430,2026-01-06 10:20:00,53698549370,2026-01-06 10:31:00.000000000,36.0,train,fit
133957_1767694800,133957,2026-01-06 10:20:00,53699456451,2026-01-06 10:31:00.000000000,42.0,train,fit
122048_1767694800,122048,2026-01-06 10:20:00,53699019169,2026-01-06 10:31:00.000000000,-106.0,train,fit
122613_1767694800,122613,2026-01-06 10:20:00,53718539208,2026-01-06 10:32:00.000000000,-108.0,train,fit
133300_1767694800,133300,2026-01-06 10:20:00,53700641091,2026-01-06 10:31:00.000000000,183.0,train,fit
122613_1767695100,122613,2026-01-06 10:25:00,53718539220,2026-01-06 10:36:00.000000000,-99.0,train,fit
122048_1767695100,122048,2026-01-06 10:25:00,53699019173,2026-01-06 10:37:00.000000000,-136.0,train,fit
133300_1767695100,133300,2026-01-06 10:25:00,53700641097,2026-01-06 10:36:00.000000000,-63.0,train,fit
132430_1767695100,132430,2026-01-06 10:25:00,53698549377,2026-01-06 10:36:00.000000000,106.0,train,fit
133957_1767695100,133957,2026-01-06 10:25:00,53699456439,2026-01-06 10:37:00.000000000,-15.0,train,fit
132430_1767695400,132430,2026-01-06 10:30:00,53698549355,2026-01-06 10:42:00.000000000,188.0,train,fit
129964_1767695400,129964,2026-01-06 10:30:00,53700336553,2026-01-06 10:45:00.000000000,90.0,train,fit
130238_1767695400,130238,2026-01-06 10:30:00,53698370404,2026-01-06 10:42:00.000000000,0.0,train,fit
122613_1767695400,122613,2026-01-06 10:30:00,53718539241,2026-01-06 10:41:00.000000000,-122.0,train,fit
133957_1767695400,133957,2026-01-06 10:30:00,53699456442,2026-01-06 10:41:00.000000000,-1.0,train,fit
129964_1767695700,129964,2026-01-06 10:35:00,53700336552,2026-01-06 10:46:00.000000000,90.0,train,fit
132430_1767695700,132430,2026-01-06 10:35:00,53698549379,2026-01-06 10:46:00.000000000,217.0,train,fit
130238_1767695700,130238,2026-01-06 10:35:00,53698370400,2026-01-06 10:46:00.000000000,0.0,train,fit
122613_1767695700,122613,2026-01-06 10:35:00,53718539212,2026-01-06 10:46:00.000000000,5.0,train,fit
129964_1767696000,129964,2026-01-06 10:40:00,53700336548,2026-01-06 10:51:00.000000000,90.0,train,fit
133957_1767696000,133957,2026-01-06 10:40:00,53699456417,2026-01-06 10:53:00.000000000,-7.0,train,fit
132430_1767696000,132430,2026-01-06 10:40:00,53698549455,2026-01-06 10:51:00.000000000,-5.0,train,fit
130238_1767696000,130238,2026-01-06 10:40:00,53698370415,2026-01-06 10:51:00.000000000,16.0,train,fit
132430_1767696300,132430,2026-01-06 10:45:00,53698549448,2026-01-06 10:56:00.000000000,14.0,train,fit
129964_1767696300,129964,2026-01-06 10:45:00,53700336544,2026-01-06 10:57:00.000000000,-51.0,train,fit
133957_1767696300,133957,2026-01-06 10:45:00,53699456419,2026-01-06 10:56:00.000000000,107.0,train,fit
130238_1767696300,130238,2026-01-06 10:45:00,53698370422,2026-01-06 10:56:00.000000000,-13.0,train,fit
132430_1767696600,132430,2026-01-06 10:50:00,53698549463,2026-01-06 11:02:00.000000000,48.0,train,fit
129964_1767696600,129964,2026-01-06 10:50:00,53700336539,2026-01-06 11:01:00.000000000,-10.0,train,fit
133957_1767696600,133957,2026-01-06 10:50:00,53699456423,2026-01-06 11:01:00.000000000,107.0,train,fit
130238_1767696600,130238,2026-01-06 10:50:00,53698370407,2026-01-06 11:01:00.000000000,16.0,train,fit
129964_1767696900,129964,2026-01-06 10:55:00,53700336580,2026-01-06 11:08:00.000000000,107.0,train,fit
122613_1767696900,122613,2026-01-06 10:55:00,53718539260,2026-01-06 11:06:00.000000000,31.0,train,fit
133957_1767696900,133957,2026-01-06 10:55:00,53699456433,2026-01-06 11:07:00.000000000,155.0,train,fit
132430_1767696900,132430,2026-01-06 10:55:00,53698549453,2026-01-06 11:07:00.000000000,237.0,train,fit
130238_1767696900,130238,2026-01-06 10:55:00,53698370414,2026-01-06 11:06:00.000000000,-74.0,train,fit
132430_1767697200,132430,2026-01-06 11:00:00,53698549459,2026-01-06 11:11:00.000000000,267.0,train,fit
133300_1767697200,133300,2026-01-06 11:00:00,53700641371,2026-01-06 11:11:00.000000000,243.0,train,fit
133957_1767697200,133957,2026-01-06 11:00:00,53699456436,2026-01-06 11:12:00.000000000,167.0,train,fit
129964_1767697200,129964,2026-01-06 11:00:00,53700336578,2026-01-06 11:12:00.000000000,120.0,train,fit
130238_1767697200,130238,2026-01-06 11:00:00,53698370398,2026-01-06 11:11:00.000000000,39.0,train,fit
129964_1767697500,129964,2026-01-06 11:05:00,53700336576,2026-01-06 11:16:00.000000000,169.0,train,fit
133957_1767697500,133957,2026-01-06 11:05:00,53699456425,2026-01-06 11:16:00.000000000,161.0,train,fit
132430_1767697500,132430,2026-01-06 11:05:00,53698549443,2026-01-06 11:16:00.000000000,159.0,train,fit
130238_1767697500,130238,2026-01-06 11:05:00,53698370411,2026-01-06 11:16:00.000000000,41.0,train,fit
133300_1767697500,133300,2026-01-06 11:05:00,53700641355,2026-01-06 11:16:00.000000000,-52.0,train,fit
133957_1767697800,133957,2026-01-06 11:10:00,53699456429,2026-01-06 11:21:00.000000000,86.0,train,fit
135081_1767697800,135081,2026-01-06 11:10:00,53718723956,2026-01-06 11:25:00.000000000,277.0,train,fit
132430_1767697800,132430,2026-01-06 11:10:00,53698549467,2026-01-06 11:21:00.000000000,62.0,train,fit
133300_1767697800,133300,2026-01-06 11:10:00,53700641356,2026-01-06 11:21:00.000000000,12.0,train,fit
129964_1767697800,129964,2026-01-06 11:10:00,53700336572,2026-01-06 11:21:00.000000000,138.0,train,fit
135081_1767698100,135081,2026-01-06 11:15:00,53718723950,2026-01-06 11:26:00.000000000,277.0,train,fit
133300_1767698100,133300,2026-01-06 11:15:00,53700641362,2026-01-06 11:26:00.000000000,28.0,train,fit
132430_1767698100,132430,2026-01-06 11:15:00,53698549449,2026-01-06 11:27:00.000000000,55.0,train,fit
133957_1767698100,133957,2026-01-06 11:15:00,53699456470,2026-01-06 11:26:00.000000000,21.0,train,fit
131672_1767698100,131672,2026-01-06 11:15:00,53718793654,2026-01-06 11:27:00.000000000,-92.0,train,fit
129964_1767698100,129964,2026-01-06 11:15:00,53700336569,2026-01-06 11:26:00.000000000,86.0,train,fit
135081_1767698400,135081,2026-01-06 11:20:00,53718723963,2026-01-06 11:31:00.000000000,277.0,train,fit
129964_1767698400,129964,2026-01-06 11:20:00,53700336564,2026-01-06 11:31:00.000000000,12.0,train,fit
132430_1767698400,132430,2026-01-06 11:20:00,53698549446,2026-01-06 11:32:00.000000000,96.0,train,fit
131672_1767698400,131672,2026-01-06 11:20:00,53718793644,2026-01-06 11:32:00.000000000,-92.0,train,fit
133957_1767698400,133957,2026-01-06 11:20:00,53699456461,2026-01-06 11:31:00.000000000,36.0,train,fit
133300_1767698400,133300,2026-01-06 11:20:00,53700641363,2026-01-06 11:31:00.000000000,60.0,train,fit
131672_1767698700,131672,2026-01-06 11:25:00,53718793647,2026-01-06 11:36:00.000000000,-92.0,train,fit
129964_1767698700,129964,2026-01-06 11:25:00,53700336562,2026-01-06 11:36:00.000000000,-27.0,train,fit
135081_1767698700,135081,2026-01-06 11:25:00,53718723953,2026-01-06 11:36:00.000000000,77.0,train,fit
133957_1767698700,133957,2026-01-06 11:25:00,53699456464,2026-01-06 11:37:00.000000000,-27.0,train,fit
133957_1767699000,133957,2026-01-06 11:30:00,53699456474,2026-01-06 11:41:00.000000000,-78.0,train,fit
129964_1767699000,129964,2026-01-06 11:30:00,53700336559,2026-01-06 11:41:00.000000000,19.0,train,fit
132430_1767699000,132430,2026-01-06 11:30:00,53698549527,2026-01-06 11:44:00.000000000,49.0,train,fit
135081_1767699000,135081,2026-01-06 11:30:00,53718723960,2026-01-06 11:42:00.000000000,242.0,train,fit
122613_1767699000,122613,2026-01-06 11:30:00,53718539277,2026-01-06 11:42:00.000000000,0.0,train,fit
131672_1767699000,131672,2026-01-06 11:30:00,53718793643,2026-01-06 11:44:00.000000000,59.0,train,fit
132430_1767699300,132430,2026-01-06 11:35:00,53698549528,2026-01-06 11:46:00.000000000,49.0,train,fit
122613_1767699300,122613,2026-01-06 11:35:00,53718539279,2026-01-06 11:46:00.000000000,0.0,train,fit
129964_1767699300,129964,2026-01-06 11:35:00,53700336555,2026-01-06 11:46:00.000000000,-49.0,train,fit
133957_1767699300,133957,2026-01-06 11:35:00,53699456477,2026-01-06 11:47:00.000000000,-169.0,train,fit
131672_1767699300,131672,2026-01-06 11:35:00,53718793637,2026-01-06 11:46:00.000000000,30.0,train,fit
135081_1767699300,135081,2026-01-06 11:35:00,53718723936,2026-01-06 11:46:00.000000000,132.0,train,fit
131672_1767699600,131672,2026-01-06 11:40:00,53718793639,2026-01-06 11:53:00.000000000,114.0,train,fit
133957_1767699600,133957,2026-01-06 11:40:00,53699456480,2026-01-06 11:52:00.000000000,-150.0,train,fit
135081_1767699600,135081,2026-01-06 11:40:00,53718723959,2026-01-06 11:51:00.000000000,50.0,train,fit
132430_1767699600,132430,2026-01-06 11:40:00,53698549525,2026-01-06 11:51:00.000000000,49.0,train,fit
122613_1767699600,122613,2026-01-06 11:40:00,53718539270,2026-01-06 11:52:00.000000000,0.0,train,fit
135081_1767699900,135081,2026-01-06 11:45:00,53718723937,2026-01-06 11:58:00.000000000,54.0,train,fit
129964_1767699900,129964,2026-01-06 11:45:00,53700336656,2026-01-06 11:57:00.000000000,53.0,train,fit
132430_1767699900,132430,2026-01-06 11:45:00,53698549521,2026-01-06 11:57:00.000000000,14.0,train,fit
131672_1767699900,131672,2026-01-06 11:45:00,53718793651,2026-01-06 11:57:00.000000000,14.0,train,fit
133957_1767699900,133957,2026-01-06 11:45:00,53699456473,2026-01-06 11:56:00.000000000,-181.0,train,fit
122613_1767699900,122613,2026-01-06 11:45:00,53718539307,2026-01-06 11:56:00.000000000,0.0,train,fit
131672_1767700200,131672,2026-01-06 11:50:00,53718793653,2026-01-06 12:01:00.000000000,53.0,train,fit
129964_1767700200,129964,2026-01-06 11:50:00,53700336653,2026-01-06 12:01:00.000000000,49.0,train,fit
133957_1767700200,133957,2026-01-06 11:50:00,53699456505,2026-01-06 12:05:00.000000000,-288.0,train,fit
135081_1767700200,135081,2026-01-06 11:50:00,53718723939,2026-01-06 12:02:00.000000000,36.0,train,fit
132430_1767700200,132430,2026-01-06 11:50:00,53698549505,2026-01-06 12:01:00.000000000,14.0,train,fit
122613_1767700200,122613,2026-01-06 11:50:00,53718539299,2026-01-06 12:01:00.000000000,-25.0,train,fit
129964_1767700500,129964,2026-01-06 11:55:00,53700336648,2026-01-06 12:07:00.000000000,49.0,train,fit
132430_1767700500,132430,2026-01-06 11:55:00,53698549504,2026-01-06 12:06:00.000000000,-115.0,train,fit
133957_1767700500,133957,2026-01-06 11:55:00,53699456506,2026-01-06 12:08:00.000000000,-158.0,train,fit
131672_1767700500,131672,2026-01-06 11:55:00,53718793648,2026-01-06 12:06:00.000000000,-13.0,train,fit
122613_1767700500,122613,2026-01-06 11:55:00,53718539309,2026-01-06 12:06:00.000000000,-265.0,train,fit
135081_1767700500,135081,2026-01-06 11:55:00,53718723968,2026-01-06 12:07:00.000000000,-18.0,train,fit
122048_1767700800,122048,2026-01-06 12:00:00,53699019078,2026-01-06 12:11:00.000000000,-314.0,train,fit
131672_1767700800,131672,2026-01-06 12:00:00,53718793665,2026-01-06 12:12:00.000000000,-70.0,train,fit
133300_1767700800,133300,2026-01-06 12:00:00,53700641057,2026-01-06 12:11:00.000000000,16.0,train,fit
122613_1767700800,122613,2026-01-06 12:00:00,53718539304,2026-01-06 12:11:00.000000000,-114.0,train,fit
122658_1767700800,122658,2026-01-06 12:00:00,53699433861,2026-01-06 12:12:00.000000000,50.0,train,fit
122048_1767701100,122048,2026-01-06 12:05:00,53699019067,2026-01-06 12:17:00.000000000,294.0,train,fit
122658_1767701100,122658,2026-01-06 12:05:00,53699433872,2026-01-06 12:17:00.000000000,216.0,train,fit
122613_1767701100,122613,2026-01-06 12:05:00,53718539300,2026-01-06 12:19:00.000000000,-156.0,train,fit
131672_1767701100,131672,2026-01-06 12:05:00,53718793660,2026-01-06 12:16:00.000000000,-83.0,train,fit
122613_1767701400,122613,2026-01-06 12:10:00,53718539301,2026-01-06 12:21:00.000000000,-83.0,train,fit
122048_1767701400,122048,2026-01-06 12:10:00,53699019081,2026-01-06 12:22:00.000000000,432.0,train,fit
133300_1767701400,133300,2026-01-06 12:10:00,53700641253,2026-01-06 12:25:00.000000000,140.0,train,fit
131672_1767701400,131672,2026-01-06 12:10:00,53718793658,2026-01-06 12:23:00.000000000,-31.0,train,fit
133300_1767701700,133300,2026-01-06 12:15:00,53700641247,2026-01-06 12:27:00.000000000,295.0,train,fit
122658_1767701700,122658,2026-01-06 12:15:00,53699433854,2026-01-06 12:26:00.000000000,121.0,train,fit
122048_1767701700,122048,2026-01-06 12:15:00,53699019080,2026-01-06 12:27:00.000000000,427.0,train,fit
122613_1767701700,122613,2026-01-06 12:15:00,53718539297,2026-01-06 12:26:00.000000000,-71.0,train,fit
122658_1767702000,122658,2026-01-06 12:20:00,53699433856,2026-01-06 12:31:00.000000000,121.0,train,fit
133300_1767702000,133300,2026-01-06 12:20:00,53700641254,2026-01-06 12:31:00.000000000,295.0,train,fit
122613_1767702000,122613,2026-01-06 12:20:00,53718539283,2026-01-06 12:32:00.000000000,-155.0,train,fit
122048_1767702000,122048,2026-01-06 12:20:00,53699019072,2026-01-06 12:31:00.000000000,345.0,train,fit
122658_1767702300,122658,2026-01-06 12:25:00,53699433849,2026-01-06 12:38:00.000000000,121.0,train,fit
122048_1767702300,122048,2026-01-06 12:25:00,53699019063,2026-01-06 12:37:00.000000000,320.0,train,fit
122613_1767702300,122613,2026-01-06 12:25:00,53718539295,2026-01-06 12:36:00.000000000,-90.0,train,fit
133300_1767702300,133300,2026-01-06 12:25:00,53700641238,2026-01-06 12:36:00.000000000,-7.0,train,fit
133957_1767702600,133957,2026-01-06 12:30:00,53699456551,2026-01-06 12:42:00.000000000,65.0,train,fit
133300_1767702600,133300,2026-01-06 12:30:00,53700641239,2026-01-06 12:41:00.000000000,60.0,train,fit
132430_1767702600,132430,2026-01-06 12:30:00,53698549414,2026-01-06 12:42:00.000000000,101.0,train,fit
122658_1767702600,122658,2026-01-06 12:30:00,53699433851,2026-01-06 12:44:00.000000000,0.0,train,fit
122048_1767702600,122048,2026-01-06 12:30:00,53699019094,2026-01-06 12:42:00.000000000,228.0,train,fit
135081_1767702600,135081,2026-01-06 12:30:00,53718723993,2026-01-06 12:43:00.000000000,-51.0,train,fit
135081_1767702900,135081,2026-01-06 12:35:00,53718723983,2026-01-06 12:46:00.000000000,-36.0,train,fit
133300_1767702900,133300,2026-01-06 12:35:00,53700641245,2026-01-06 12:46:00.000000000,51.0,train,fit
122658_1767702900,122658,2026-01-06 12:35:00,53699433852,2026-01-06 12:47:00.000000000,0.0,train,fit
122048_1767702900,122048,2026-01-06 12:35:00,53699019071,2026-01-06 12:47:00.000000000,207.0,train,fit
133957_1767702900,133957,2026-01-06 12:35:00,53699456541,2026-01-06 12:47:00.000000000,143.0,train,fit
132430_1767702900,132430,2026-01-06 12:35:00,53698549421,2026-01-06 12:46:00.000000000,104.0,train,fit
134040_1767703200,134040,2026-01-06 12:40:00,53698328493,2026-01-06 12:55:00.000000000,-28.0,train,fit
122658_1767703200,122658,2026-01-06 12:40:00,53699433841,2026-01-06 12:52:00.000000000,0.0,train,fit
131672_1767703200,131672,2026-01-06 12:40:00,53718793678,2026-01-06 12:53:00.000000000,-207.0,train,fit
132430_1767703200,132430,2026-01-06 12:40:00,53698549417,2026-01-06 12:51:00.000000000,0.0,train,fit
122048_1767703200,122048,2026-01-06 12:40:00,53699019069,2026-01-06 12:51:00.000000000,175.0,train,fit
133957_1767703200,133957,2026-01-06 12:40:00,53699456544,2026-01-06 12:51:00.000000000,157.0,train,fit
133300_1767703200,133300,2026-01-06 12:40:00,53700641246,2026-01-06 12:51:00.000000000,59.0,train,fit
135081_1767703200,135081,2026-01-06 12:40:00,53718723995,2026-01-06 12:51:00.000000000,-60.0,train,fit
133957_1767703500,133957,2026-01-06 12:45:00,53699456532,2026-01-06 12:56:00.000000000,164.0,train,fit
132430_1767703500,132430,2026-01-06 12:45:00,53698549428,2026-01-06 12:56:00.000000000,-120.0,train,fit
134040_1767703500,134040,2026-01-06 12:45:00,53698328476,2026-01-06 12:56:00.000000000,-28.0,train,fit
122658_1767703500,122658,2026-01-06 12:45:00,53699433844,2026-01-06 12:56:00.000000000,0.0,train,fit
131672_1767703500,131672,2026-01-06 12:45:00,53718793681,2026-01-06 12:56:00.000000000,-207.0,train,fit
122048_1767703500,122048,2026-01-06 12:45:00,53699019097,2026-01-06 12:56:00.000000000,197.0,train,fit
135081_1767703500,135081,2026-01-06 12:45:00,53718723999,2026-01-06 12:56:00.000000000,-131.0,train,fit
132430_1767703800,132430,2026-01-06 12:50:00,53698549429,2026-01-06 13:02:00.000000000,-140.0,train,fit
122658_1767703800,122658,2026-01-06 12:50:00,53699434102,2026-01-06 13:01:00.000000000,0.0,train,fit
135081_1767703800,135081,2026-01-06 12:50:00,53718724003,2026-01-06 13:02:00.000000000,-171.0,train,fit
131672_1767703800,131672,2026-01-06 12:50:00,53718793676,2026-01-06 13:01:00.000000000,-207.0,train,fit
134040_1767703800,134040,2026-01-06 12:50:00,53698328490,2026-01-06 13:01:00.000000000,-28.0,train,fit
133957_1767703800,133957,2026-01-06 12:50:00,53699456534,2026-01-06 13:01:00.000000000,77.0,train,fit
133300_1767703800,133300,2026-01-06 12:50:00,53700641252,2026-01-06 13:01:00.000000000,158.0,train,fit
122048_1767703800,122048,2026-01-06 12:50:00,53699019090,2026-01-06 13:01:00.000000000,98.0,train,fit
131672_1767704100,131672,2026-01-06 12:55:00,53718793672,2026-01-06 13:06:00.000000000,53.0,train,fit
132430_1767704100,132430,2026-01-06 12:55:00,53698549433,2026-01-06 13:07:00.000000000,-120.0,train,fit
133957_1767704100,133957,2026-01-06 12:55:00,53699456538,2026-01-06 13:07:00.000000000,170.0,train,fit
135081_1767704100,135081,2026-01-06 12:55:00,53718724004,2026-01-06 13:06:00.000000000,-93.0,train,fit
122658_1767704100,122658,2026-01-06 12:55:00,53699434098,2026-01-06 13:07:00.000000000,0.0,train,fit
134040_1767704100,134040,2026-01-06 12:55:00,53698328494,2026-01-06 13:06:00.000000000,-35.0,train,fit
122048_1767704100,122048,2026-01-06 12:55:00,53699019020,2026-01-06 13:10:00.000000000,84.0,train,fit
122048_1767704400,122048,2026-01-06 13:00:00,53699019021,2026-01-06 13:12:00.000000000,84.0,train,fit
134040_1767704400,134040,2026-01-06 13:00:00,53698328470,2026-01-06 13:11:00.000000000,78.0,train,fit
135081_1767704400,135081,2026-01-06 13:00:00,53718724008,2026-01-06 13:11:00.000000000,6.0,train,fit
122658_1767704400,122658,2026-01-06 13:00:00,53699434096,2026-01-06 13:12:00.000000000,0.0,train,fit
129964_1767704400,129964,2026-01-06 13:00:00,53700336626,2026-01-06 13:11:00.000000000,-57.0,train,fit
122048_1767704700,122048,2026-01-06 13:05:00,53699019024,2026-01-06 13:17:00.000000000,84.0,train,fit
132430_1767704700,132430,2026-01-06 13:05:00,53698549265,2026-01-06 13:19:00.000000000,-74.0,train,fit
134040_1767704700,134040,2026-01-06 13:05:00,53698328491,2026-01-06 13:16:00.000000000,76.0,train,fit
122658_1767704700,122658,2026-01-06 13:05:00,53699434095,2026-01-06 13:16:00.000000000,148.0,train,fit
129964_1767704700,129964,2026-01-06 13:05:00,53700336622,2026-01-06 13:16:00.000000000,-57.0,train,fit
134040_1767705000,134040,2026-01-06 13:10:00,53698328488,2026-01-06 13:22:00.000000000,83.0,train,fit
122658_1767705000,122658,2026-01-06 13:10:00,53699434091,2026-01-06 13:21:00.000000000,319.0,train,fit
122048_1767705000,122048,2026-01-06 13:10:00,53699019019,2026-01-06 13:21:00.000000000,0.0,train,fit
129964_1767705000,129964,2026-01-06 13:10:00,53700336618,2026-01-06 13:22:00.000000000,-106.0,train,fit
132430_1767705000,132430,2026-01-06 13:10:00,53698549268,2026-01-06 13:21:00.000000000,-74.0,train,fit
132430_1767705300,132430,2026-01-06 13:15:00,53698549267,2026-01-06 13:26:00.000000000,-74.0,train,fit
122048_1767705300,122048,2026-01-06 13:15:00,53699019022,2026-01-06 13:26:00.000000000,0.0,train,fit
129964_1767705300,129964,2026-01-06 13:15:00,53700336613,2026-01-06 13:26:00.000000000,-157.0,train,fit
134040_1767705300,134040,2026-01-06 13:15:00,53698328492,2026-01-06 13:26:00.000000000,-16.0,train,fit
132430_1767705600,132430,2026-01-06 13:20:00,53698549274,2026-01-06 13:32:00.000000000,16.0,train,fit
133957_1767705600,133957,2026-01-06 13:20:00,53699456510,2026-01-06 13:32:00.000000000,139.0,train,fit
129964_1767705600,129964,2026-01-06 13:20:00,53700336609,2026-01-06 13:33:00.000000000,-129.0,train,fit
122658_1767705600,122658,2026-01-06 13:20:00,53699434089,2026-01-06 13:33:00.000000000,413.0,train,fit
122048_1767705600,122048,2026-01-06 13:20:00,53699019042,2026-01-06 13:32:00.000000000,0.0,train,fit
134040_1767705600,134040,2026-01-06 13:20:00,53698328496,2026-01-06 13:32:00.000000000,27.0,train,fit
122613_1767705900,122613,2026-01-06 13:25:00,53718539331,2026-01-06 13:36:00.000000000,64.0,train,fit
133957_1767705900,133957,2026-01-06 13:25:00,53699456512,2026-01-06 13:36:00.000000000,139.0,train,fit
132430_1767705900,132430,2026-01-06 13:25:00,53698549260,2026-01-06 13:36:00.000000000,16.0,train,fit
129964_1767705900,129964,2026-01-06 13:25:00,53700336607,2026-01-06 13:37:00.000000000,-135.0,train,fit
122658_1767705900,122658,2026-01-06 13:25:00,53699434088,2026-01-06 13:38:00.000000000,406.0,train,fit
134040_1767705900,134040,2026-01-06 13:25:00,53698328472,2026-01-06 13:36:00.000000000,62.0,train,fit
122048_1767705900,122048,2026-01-06 13:25:00,53699019049,2026-01-06 13:37:00.000000000,0.0,train,fit
135081_1767705900,135081,2026-01-06 13:25:00,53718724043,2026-01-06 13:37:00.000000000,9.0,train,fit
122048_1767706200,122048,2026-01-06 13:30:00,53699019052,2026-01-06 13:42:00.000000000,0.0,train,fit
131672_1767706200,131672,2026-01-06 13:30:00,53718793683,2026-01-06 13:41:00.000000000,11.0,train,fit
129964_1767706200,129964,2026-01-06 13:30:00,53700336605,2026-01-06 13:41:00.000000000,-20.0,train,fit
132430_1767706200,132430,2026-01-06 13:30:00,53698549261,2026-01-06 13:41:00.000000000,31.0,train,fit
134040_1767706200,134040,2026-01-06 13:30:00,53698328695,2026-01-06 13:41:00.000000000,112.0,train,fit
134040_1767706500,134040,2026-01-06 13:35:00,53698328682,2026-01-06 13:47:00.000000000,75.0,train,fit
132430_1767706500,132430,2026-01-06 13:35:00,53698549279,2026-01-06 13:46:00.000000000,83.0,train,fit
131672_1767706500,131672,2026-01-06 13:35:00,53718793703,2026-01-06 13:46:00.000000000,82.0,train,fit
122048_1767706500,122048,2026-01-06 13:35:00,53699019051,2026-01-06 13:47:00.000000000,0.0,train,fit
129964_1767706500,129964,2026-01-06 13:35:00,53700336601,2026-01-06 13:46:00.000000000,26.0,train,fit
129964_1767706800,129964,2026-01-06 13:40:00,53700336598,2026-01-06 13:51:00.000000000,-73.0,train,fit
134040_1767706800,134040,2026-01-06 13:40:00,53698328686,2026-01-06 13:51:00.000000000,123.0,train,fit
122048_1767706800,122048,2026-01-06 13:40:00,53699019054,2026-01-06 13:51:00.000000000,0.0,train,fit
132430_1767706800,132430,2026-01-06 13:40:00,53698549275,2026-01-06 13:52:00.000000000,125.0,train,fit
134040_1767707100,134040,2026-01-06 13:45:00,53698328690,2026-01-06 13:57:00.000000000,109.0,train,fit
129964_1767707100,129964,2026-01-06 13:45:00,53700336593,2026-01-06 13:56:00.000000000,-133.0,train,fit
122048_1767707100,122048,2026-01-06 13:45:00,53699019029,2026-01-06 13:56:00.000000000,0.0,train,fit
132430_1767707100,132430,2026-01-06 13:45:00,53698549277,2026-01-06 13:56:00.000000000,165.0,train,fit
122048_1767707400,122048,2026-01-06 13:50:00,53699019027,2026-01-06 14:01:00.000000000,0.0,train,fit
134040_1767707400,134040,2026-01-06 13:50:00,53698328683,2026-01-06 14:01:00.000000000,231.0,train,fit
129964_1767707400,129964,2026-01-06 13:50:00,53700336591,2026-01-06 14:01:00.000000000,-88.0,train,fit
132430_1767707400,132430,2026-01-06 13:50:00,53698549675,2026-01-06 14:01:00.000000000,32.0,train,fit
122048_1767707700,122048,2026-01-06 13:55:00,53699019031,2026-01-06 14:08:00.000000000,0.0,train,fit
134040_1767707700,134040,2026-01-06 13:55:00,53698328677,2026-01-06 14:06:00.000000000,290.0,train,fit
132430_1767707700,132430,2026-01-06 13:55:00,53698549674,2026-01-06 14:06:00.000000000,74.0,train,fit
129964_1767707700,129964,2026-01-06 13:55:00,53700336588,2026-01-06 14:06:00.000000000,13.0,train,fit
133957_1767708000,133957,2026-01-06 14:00:00,53699456554,2026-01-06 14:12:00.000000000,251.0,train,fit
132430_1767708000,132430,2026-01-06 14:00:00,53698549693,2026-01-06 14:12:00.000000000,119.0,train,fit
129964_1767708000,129964,2026-01-06 14:00:00,53700336584,2026-01-06 14:11:00.000000000,-29.0,train,fit
122613_1767708000,122613,2026-01-06 14:00:00,53718539334,2026-01-06 14:12:00.000000000,0.0,train,fit
135081_1767708000,135081,2026-01-06 14:00:00,53718724022,2026-01-06 14:12:00.000000000,285.0,train,fit
133957_1767708300,133957,2026-01-06 14:05:00,53699456556,2026-01-06 14:16:00.000000000,262.0,train,fit
122613_1767708300,122613,2026-01-06 14:05:00,53718539340,2026-01-06 14:16:00.000000000,0.0,train,fit
132430_1767708300,132430,2026-01-06 14:05:00,53698549688,2026-01-06 14:17:00.000000000,44.0,train,fit
135081_1767708300,135081,2026-01-06 14:05:00,53718724030,2026-01-06 14:16:00.000000000,174.0,train,fit
129964_1767708600,129964,2026-01-06 14:10:00,53700336720,2026-01-06 14:22:00.000000000,-29.0,train,fit
122613_1767708600,122613,2026-01-06 14:10:00,53718539335,2026-01-06 14:22:00.000000000,0.0,train,fit
135081_1767708600,135081,2026-01-06 14:10:00,53718724034,2026-01-06 14:21:00.000000000,39.0,train,fit
131672_1767708600,131672,2026-01-06 14:10:00,53718793731,2026-01-06 14:23:00.000000000,51.0,train,fit
132430_1767708600,132430,2026-01-06 14:10:00,53698549697,2026-01-06 14:21:00.000000000,146.0,train,fit
133957_1767708600,133957,2026-01-06 14:10:00,53699456571,2026-01-06 14:22:00.000000000,222.0,train,fit
131672_1767708900,131672,2026-01-06 14:15:00,53718793734,2026-01-06 14:26:00.000000000,51.0,train,fit
132430_1767708900,132430,2026-01-06 14:15:00,53698549685,2026-01-06 14:26:00.000000000,98.0,train,fit
122613_1767708900,122613,2026-01-06 14:15:00,53718539356,2026-01-06 14:26:00.000000000,0.0,train,fit
135081_1767708900,135081,2026-01-06 14:15:00,53718724042,2026-01-06 14:26:00.000000000,-1.0,train,fit
129964_1767708900,129964,2026-01-06 14:15:00,53700336717,2026-01-06 14:26:00.000000000,-6.0,train,fit
133957_1767708900,133957,2026-01-06 14:15:00,53699456573,2026-01-06 14:26:00.000000000,225.0,train,fit
132430_1767709200,132430,2026-01-06 14:20:00,53698549689,2026-01-06 14:31:00.000000000,31.0,train,fit
122613_1767709200,122613,2026-01-06 14:20:00,53718539384,2026-01-06 14:31:00.000000000,0.0,train,fit
135081_1767709200,135081,2026-01-06 14:20:00,53718724083,2026-01-06 14:31:00.000000000,-85.0,train,fit
133957_1767709200,133957,2026-01-06 14:20:00,53699456564,2026-01-06 14:31:00.000000000,219.0,train,fit
131672_1767709200,131672,2026-01-06 14:20:00,53718793729,2026-01-06 14:31:00.000000000,51.0,train,fit
129964_1767709200,129964,2026-01-06 14:20:00,53700336712,2026-01-06 14:32:00.000000000,-6.0,train,fit
131672_1767709500,131672,2026-01-06 14:25:00,53718793743,2026-01-06 14:36:00.000000000,81.0,train,fit
132430_1767709500,132430,2026-01-06 14:25:00,53698549681,2026-01-06 14:37:00.000000000,93.0,train,fit
122613_1767709500,122613,2026-01-06 14:25:00,53718539386,2026-01-06 14:36:00.000000000,0.0,train,fit
135081_1767709500,135081,2026-01-06 14:25:00,53718724058,2026-01-06 14:37:00.000000000,-82.0,train,fit
129964_1767709500,129964,2026-01-06 14:25:00,53700336709,2026-01-06 14:36:00.000000000,-188.0,train,fit
122613_1767709800,122613,2026-01-06 14:30:00,53718539361,2026-01-06 14:41:00.000000000,0.0,train,fit
135081_1767709800,135081,2026-01-06 14:30:00,53718724056,2026-01-06 14:41:00.000000000,-13.0,train,fit
134040_1767709800,134040,2026-01-06 14:30:00,53698328716,2026-01-06 14:41:00.000000000,63.0,train,fit
132430_1767709800,132430,2026-01-06 14:30:00,53698549680,2026-01-06 14:42:00.000000000,119.0,train,fit
129964_1767709800,129964,2026-01-06 14:30:00,53700336704,2026-01-06 14:41:00.000000000,-75.0,train,fit
122613_1767710100,122613,2026-01-06 14:35:00,53718539377,2026-01-06 14:49:00.000000000,0.0,train,fit
129964_1767710100,129964,2026-01-06 14:35:00,53700336701,2026-01-06 14:46:00.000000000,-84.0,train,fit
135081_1767710100,135081,2026-01-06 14:35:00,53718724087,2026-01-06 14:46:00.000000000,-35.0,train,fit
134040_1767710100,134040,2026-01-06 14:35:00,53698328720,2026-01-06 14:46:00.000000000,31.0,train,fit
122613_1767710400,122613,2026-01-06 14:40:00,53718539378,2026-01-06 14:51:00.000000000,0.0,train,fit
132430_1767710400,132430,2026-01-06 14:40:00,53698549590,2026-01-06 14:55:00.000000000,137.0,train,fit
134040_1767710400,134040,2026-01-06 14:40:00,53698328706,2026-01-06 14:51:00.000000000,69.0,train,fit
129964_1767710400,129964,2026-01-06 14:40:00,53700336699,2026-01-06 14:51:00.000000000,-85.0,train,fit
135081_1767710400,135081,2026-01-06 14:40:00,53718724062,2026-01-06 14:52:00.000000000,-50.0,train,fit
135081_1767710700,135081,2026-01-06 14:45:00,53718724059,2026-01-06 14:58:00.000000000,-80.0,train,fit
122613_1767710700,122613,2026-01-06 14:45:00,53718539390,2026-01-06 14:56:00.000000000,0.0,train,fit
134040_1767710700,134040,2026-01-06 14:45:00,53698328721,2026-01-06 14:56:00.000000000,68.0,train,fit
132430_1767710700,132430,2026-01-06 14:45:00,53698549592,2026-01-06 14:57:00.000000000,137.0,train,fit
129964_1767710700,129964,2026-01-06 14:45:00,53700336696,2026-01-06 14:56:00.000000000,-53.0,train,fit
134040_1767711000,134040,2026-01-06 14:50:00,53698328724,2026-01-06 15:02:00.000000000,76.0,train,fit
129964_1767711000,129964,2026-01-06 14:50:00,53700336692,2026-01-06 15:02:00.000000000,-116.0,train,fit
132430_1767711000,132430,2026-01-06 14:50:00,53698549614,2026-01-06 15:02:00.000000000,137.0,train,fit
122613_1767711000,122613,2026-01-06 14:50:00,53718539372,2026-01-06 15:02:00.000000000,0.0,train,fit
135081_1767711000,135081,2026-01-06 14:50:00,53718724069,2026-01-06 15:02:00.000000000,-59.0,train,fit
134040_1767711300,134040,2026-01-06 14:55:00,53698328718,2026-01-06 15:06:00.000000000,78.0,train,fit
129964_1767711300,129964,2026-01-06 14:55:00,53700336688,2026-01-06 15:06:00.000000000,-142.0,train,fit
122613_1767711300,122613,2026-01-06 14:55:00,53718539380,2026-01-06 15:06:00.000000000,0.0,train,fit
132430_1767711300,132430,2026-01-06 14:55:00,53698549607,2026-01-06 15:06:00.000000000,23.0,train,fit
135081_1767711300,135081,2026-01-06 14:55:00,53718724070,2026-01-06 15:06:00.000000000,-197.0,train,fit
135081_1767711600,135081,2026-01-06 15:00:00,53718724076,2026-01-06 15:12:00.000000000,-140.0,train,fit
131672_1767711600,131672,2026-01-06 15:00:00,53718793713,2026-01-06 15:11:00.000000000,-71.0,train,fit
133957_1767711600,133957,2026-01-06 15:00:00,53699456589,2026-01-06 15:12:00.000000000,187.0,train,fit
132430_1767711600,132430,2026-01-06 15:00:00,53698549612,2026-01-06 15:12:00.000000000,23.0,train,fit
134040_1767711600,134040,2026-01-06 15:00:00,53698328520,2026-01-06 15:12:00.000000000,174.0,train,fit
133957_1767711900,133957,2026-01-06 15:05:00,53699456645,2026-01-06 15:17:00.000000000,149.0,train,fit
134040_1767711900,134040,2026-01-06 15:05:00,53698328508,2026-01-06 15:17:00.000000000,241.0,train,fit
131672_1767711900,131672,2026-01-06 15:05:00,53718793739,2026-01-06 15:16:00.000000000,-35.0,train,fit
132430_1767711900,132430,2026-01-06 15:05:00,53698549602,2026-01-06 15:17:00.000000000,56.0,train,fit
135081_1767711900,135081,2026-01-06 15:05:00,53718724080,2026-01-06 15:16:00.000000000,-156.0,train,fit
132430_1767712200,132430,2026-01-06 15:10:00,53698549609,2026-01-06 15:22:00.000000000,132.0,train,fit
135081_1767712200,135081,2026-01-06 15:10:00,53718724072,2026-01-06 15:21:00.000000000,22.0,train,fit
133300_1767712200,133300,2026-01-06 15:10:00,53700641268,2026-01-06 15:25:00.000000000,-25.0,train,fit
134040_1767712200,134040,2026-01-06 15:10:00,53698328511,2026-01-06 15:22:00.000000000,230.0,train,fit
133957_1767712200,133957,2026-01-06 15:10:00,53699456637,2026-01-06 15:21:00.000000000,47.0,train,fit
133957_1767712500,133957,2026-01-06 15:15:00,53699456640,2026-01-06 15:27:00.000000000,61.0,train,fit
135081_1767712500,135081,2026-01-06 15:15:00,53718724077,2026-01-06 15:26:00.000000000,-40.0,train,fit
133300_1767712500,133300,2026-01-06 15:15:00,53700641262,2026-01-06 15:27:00.000000000,-25.0,train,fit
132430_1767712500,132430,2026-01-06 15:15:00,53698549606,2026-01-06 15:26:00.000000000,277.0,train,fit
134040_1767712500,134040,2026-01-06 15:15:00,53698328525,2026-01-06 15:29:00.000000000,194.0,train,fit
130238_1767712500,130238,2026-01-06 15:15:00,53698370127,2026-01-06 15:28:00.000000000,-28.0,train,fit
134040_1767712800,134040,2026-01-06 15:20:00,53698328509,2026-01-06 15:31:00.000000000,175.0,train,fit
130238_1767712800,130238,2026-01-06 15:20:00,53698370145,2026-01-06 15:31:00.000000000,-28.0,train,fit
132430_1767712800,132430,2026-01-06 15:20:00,53698549595,2026-01-06 15:31:00.000000000,377.0,train,fit
133300_1767712800,133300,2026-01-06 15:20:00,53700641269,2026-01-06 15:31:00.000000000,-25.0,train,fit
133957_1767712800,133957,2026-01-06 15:20:00,53699456642,2026-01-06 15:31:00.000000000,23.0,train,fit
134040_1767713100,134040,2026-01-06 15:25:00,53698328528,2026-01-06 15:37:00.000000000,250.0,train,fit
130238_1767713100,130238,2026-01-06 15:25:00,53698370146,2026-01-06 15:36:00.000000000,-28.0,train,fit
132430_1767713100,132430,2026-01-06 15:25:00,53698549624,2026-01-06 15:37:00.000000000,237.0,train,fit
133300_1767713100,133300,2026-01-06 15:25:00,53700641275,2026-01-06 15:36:00.000000000,-35.0,train,fit
133957_1767713100,133957,2026-01-06 15:25:00,53699456631,2026-01-06 15:37:00.000000000,-16.0,train,fit
122658_1767713100,122658,2026-01-06 15:25:00,53699434068,2026-01-06 15:39:00.000000000,0.0,train,fit
122613_1767713400,122613,2026-01-06 15:30:00,53718539410,2026-01-06 15:41:00.000000000,0.0,train,fit
122658_1767713400,122658,2026-01-06 15:30:00,53699434071,2026-01-06 15:41:00.000000000,0.0,train,fit
131672_1767713400,131672,2026-01-06 15:30:00,53718793761,2026-01-06 15:43:00.000000000,-93.0,train,fit
130238_1767713400,130238,2026-01-06 15:30:00,53698370132,2026-01-06 15:41:00.000000000,10.0,train,fit
133957_1767713400,133957,2026-01-06 15:30:00,53699456633,2026-01-06 15:41:00.000000000,-71.0,train,fit
122048_1767713400,122048,2026-01-06 15:30:00,53699018886,2026-01-06 15:44:00.000000000,36.0,train,fit
129964_1767713400,129964,2026-01-06 15:30:00,53700336733,2026-01-06 15:41:00.000000000,290.0,train,fit
122613_1767713700,122613,2026-01-06 15:35:00,53718539414,2026-01-06 15:46:00.000000000,0.0,train,fit
131672_1767713700,131672,2026-01-06 15:35:00,53718793762,2026-01-06 15:46:00.000000000,-93.0,train,fit
129964_1767713700,129964,2026-01-06 15:35:00,53700336729,2026-01-06 15:47:00.000000000,-108.0,train,fit
133957_1767713700,133957,2026-01-06 15:35:00,53699456636,2026-01-06 15:46:00.000000000,5.0,train,fit
122658_1767713700,122658,2026-01-06 15:35:00,53699434062,2026-01-06 15:47:00.000000000,0.0,train,fit
122048_1767713700,122048,2026-01-06 15:35:00,53699018912,2026-01-06 15:46:00.000000000,45.0,train,fit
130238_1767713700,130238,2026-01-06 15:35:00,53698370142,2026-01-06 15:46:00.000000000,-119.0,train,fit
122613_1767714000,122613,2026-01-06 15:40:00,53718539418,2026-01-06 15:54:00.000000000,0.0,train,fit
131672_1767714000,131672,2026-01-06 15:40:00,53718793759,2026-01-06 15:51:00.000000000,-93.0,train,fit
122048_1767714000,122048,2026-01-06 15:40:00,53699018915,2026-01-06 15:51:00.000000000,37.0,train,fit
130238_1767714000,130238,2026-01-06 15:40:00,53698370122,2026-01-06 15:52:00.000000000,-98.0,train,fit
122658_1767714000,122658,2026-01-06 15:40:00,53699434064,2026-01-06 15:51:00.000000000,83.0,train,fit
129964_1767714000,129964,2026-01-06 15:40:00,53700336769,2026-01-06 15:51:00.000000000,-124.0,train,fit
122613_1767714300,122613,2026-01-06 15:45:00,53718539426,2026-01-06 15:56:00.000000000,0.0,train,fit
130238_1767714300,130238,2026-01-06 15:45:00,53698370134,2026-01-06 15:57:00.000000000,-130.0,train,fit
129964_1767714300,129964,2026-01-06 15:45:00,53700336765,2026-01-06 15:58:00.000000000,9.0,train,fit
122048_1767714300,122048,2026-01-06 15:45:00,53699018885,2026-01-06 15:57:00.000000000,0.0,train,fit
131672_1767714300,131672,2026-01-06 15:45:00,53718793755,2026-01-06 15:56:00.000000000,59.0,train,fit
122658_1767714300,122658,2026-01-06 15:45:00,53699434067,2026-01-06 15:56:00.000000000,82.0,train,fit
122048_1767714600,122048,2026-01-06 15:50:00,53699018926,2026-01-06 16:01:00.000000000,0.0,train,fit
129964_1767714600,129964,2026-01-06 15:50:00,53700336763,2026-01-06 16:02:00.000000000,26.0,train,fit
122613_1767714600,122613,2026-01-06 15:50:00,53718539420,2026-01-06 16:02:00.000000000,0.0,train,fit
130238_1767714600,130238,2026-01-06 15:50:00,53698370151,2026-01-06 16:01:00.000000000,-37.0,train,fit
122658_1767714600,122658,2026-01-06 15:50:00,53699434057,2026-01-06 16:01:00.000000000,150.0,train,fit
131672_1767714600,131672,2026-01-06 15:50:00,53718793777,2026-01-06 16:01:00.000000000,40.0,train,fit
122613_1767714900,122613,2026-01-06 15:55:00,53718539394,2026-01-06 16:06:00.000000000,0.0,train,fit
130238_1767714900,130238,2026-01-06 15:55:00,53698370123,2026-01-06 16:06:00.000000000,-6.0,train,fit
122658_1767714900,122658,2026-01-06 15:55:00,53699434046,2026-01-06 16:10:00.000000000,154.0,train,fit
129964_1767714900,129964,2026-01-06 15:55:00,53700336761,2026-01-06 16:06:00.000000000,70.0,train,fit
122048_1767714900,122048,2026-01-06 15:55:00,53699018913,2026-01-06 16:06:00.000000000,0.0,train,fit
131672_1767714900,131672,2026-01-06 15:55:00,53718793778,2026-01-06 16:09:00.000000000,59.0,train,fit
122048_1767715200,122048,2026-01-06 16:00:00,53699018900,2026-01-06 16:11:00.000000000,0.0,train,fit
122658_1767715200,122658,2026-01-06 16:00:00,53699434047,2026-01-06 16:12:00.000000000,362.0,train,fit
132430_1767715200,132430,2026-01-06 16:00:00,53698549632,2026-01-06 16:11:00.000000000,301.0,train,fit
122613_1767715200,122613,2026-01-06 16:00:00,53718539399,2026-01-06 16:13:00.000000000,0.0,train,fit
133300_1767715200,133300,2026-01-06 16:00:00,53700641347,2026-01-06 16:11:00.000000000,66.0,train,fit
129964_1767715200,129964,2026-01-06 16:00:00,53700336757,2026-01-06 16:11:00.000000000,15.0,train,fit
130238_1767715200,130238,2026-01-06 16:00:00,53698370129,2026-01-06 16:11:00.000000000,-66.0,train,fit
122658_1767715500,122658,2026-01-06 16:05:00,53699434049,2026-01-06 16:17:00.000000000,362.0,train,fit
132430_1767715500,132430,2026-01-06 16:05:00,53698549627,2026-01-06 16:16:00.000000000,356.0,train,fit
122048_1767715500,122048,2026-01-06 16:05:00,53699018904,2026-01-06 16:16:00.000000000,0.0,train,fit
129964_1767715500,129964,2026-01-06 16:05:00,53700336754,2026-01-06 16:16:00.000000000,-86.0,train,fit
122613_1767715500,122613,2026-01-06 16:05:00,53718539397,2026-01-06 16:16:00.000000000,0.0,train,fit
133300_1767715500,133300,2026-01-06 16:05:00,53700641331,2026-01-06 16:16:00.000000000,-7.0,train,fit
122613_1767715800,122613,2026-01-06 16:10:00,53718539429,2026-01-06 16:21:00.000000000,0.0,train,fit
133300_1767715800,133300,2026-01-06 16:10:00,53700641332,2026-01-06 16:21:00.000000000,-14.0,train,fit
122048_1767715800,122048,2026-01-06 16:10:00,53699018922,2026-01-06 16:21:00.000000000,0.0,train,fit
122658_1767715800,122658,2026-01-06 16:10:00,53699434052,2026-01-06 16:22:00.000000000,2.0,train,fit
129964_1767715800,129964,2026-01-06 16:10:00,53700336749,2026-01-06 16:21:00.000000000,-148.0,train,fit
133300_1767716100,133300,2026-01-06 16:15:00,53700641338,2026-01-06 16:26:00.000000000,-61.0,train,fit
122613_1767716100,122613,2026-01-06 16:15:00,53718539446,2026-01-06 16:27:00.000000000,0.0,train,fit
129964_1767716100,129964,2026-01-06 16:15:00,53700336747,2026-01-06 16:26:00.000000000,-162.0,train,fit
122048_1767716100,122048,2026-01-06 16:15:00,53699018910,2026-01-06 16:26:00.000000000,0.0,train,fit
122658_1767716100,122658,2026-01-06 16:15:00,53699434038,2026-01-06 16:28:00.000000000,0.0,train,fit
133300_1767716400,133300,2026-01-06 16:20:00,53700641339,2026-01-06 16:31:00.000000000,-79.0,train,fit
122048_1767716400,122048,2026-01-06 16:20:00,53699018901,2026-01-06 16:31:00.000000000,0.0,train,fit
129964_1767716400,129964,2026-01-06 16:20:00,53700336744,2026-01-06 16:31:00.000000000,-23.0,train,fit
133957_1767716400,133957,2026-01-06 16:20:00,53699456604,2026-01-06 16:32:00.000000000,66.0,train,fit
122613_1767716400,122613,2026-01-06 16:20:00,53718539444,2026-01-06 16:32:00.000000000,-35.0,train,fit
130238_1767716400,130238,2026-01-06 16:20:00,53698370186,2026-01-06 16:31:00.000000000,-97.0,train,fit
122658_1767716400,122658,2026-01-06 16:20:00,53699434039,2026-01-06 16:31:00.000000000,0.0,train,fit
122613_1767716700,122613,2026-01-06 16:25:00,53718539433,2026-01-06 16:36:00.000000000,70.0,train,fit
133957_1767716700,133957,2026-01-06 16:25:00,53699456616,2026-01-06 16:36:00.000000000,66.0,train,fit
130238_1767716700,130238,2026-01-06 16:25:00,53698370178,2026-01-06 16:36:00.000000000,-97.0,train,fit
122048_1767716700,122048,2026-01-06 16:25:00,53699018899,2026-01-06 16:36:00.000000000,0.0,train,fit
129964_1767716700,129964,2026-01-06 16:25:00,53700336740,2026-01-06 16:36:00.000000000,-44.0,train,fit
122658_1767716700,122658,2026-01-06 16:25:00,53699434041,2026-01-06 16:36:00.000000000,0.0,train,fit
122658_1767717000,122658,2026-01-06 16:30:00,53699434045,2026-01-06 16:41:00.000000000,0.0,train,fit
130238_1767717000,130238,2026-01-06 16:30:00,53698370184,2026-01-06 16:41:00.000000000,-97.0,train,fit
135081_1767717000,135081,2026-01-06 16:30:00,53718724130,2026-01-06 16:41:00.000000000,114.0,train,fit
122613_1767717000,122613,2026-01-06 16:30:00,53718539443,2026-01-06 16:43:00.000000000,-48.0,train,fit
129964_1767717300,129964,2026-01-06 16:35:00,53700336091,2026-01-06 16:47:00.000000000,-26.0,train,fit
135081_1767717300,135081,2026-01-06 16:35:00,53718724104,2026-01-06 16:46:00.000000000,150.0,train,fit
130238_1767717300,130238,2026-01-06 16:35:00,53698370161,2026-01-06 16:46:00.000000000,67.0,train,fit
122613_1767717300,122613,2026-01-06 16:35:00,53718539441,2026-01-06 16:46:00.000000000,-15.0,train,fit
122613_1767717600,122613,2026-01-06 16:40:00,53718539449,2026-01-06 16:52:00.000000000,-33.0,train,fit
130238_1767717600,130238,2026-01-06 16:40:00,53698370169,2026-01-06 16:53:00.000000000,-45.0,train,fit
135081_1767717600,135081,2026-01-06 16:40:00,53718724107,2026-01-06 16:51:00.000000000,153.0,train,fit
129964_1767717600,129964,2026-01-06 16:40:00,53700336088,2026-01-06 16:51:00.000000000,-19.0,train,fit
122658_1767717600,122658,2026-01-06 16:40:00,53699433929,2026-01-06 16:55:00.000000000,0.0,train,fit
135081_1767717900,135081,2026-01-06 16:45:00,53718724105,2026-01-06 16:57:00.000000000,24.0,train,fit
122613_1767717900,122613,2026-01-06 16:45:00,53718539454,2026-01-06 16:56:00.000000000,-90.0,train,fit
122658_1767717900,122658,2026-01-06 16:45:00,53699433925,2026-01-06 16:56:00.000000000,0.0,train,fit
129964_1767717900,129964,2026-01-06 16:45:00,53700336083,2026-01-06 16:57:00.000000000,-19.0,train,fit
130238_1767717900,130238,2026-01-06 16:45:00,53698370166,2026-01-06 16:56:00.000000000,-76.0,train,fit
129964_1767718200,129964,2026-01-06 16:50:00,53700336080,2026-01-06 17:01:00.000000000,-175.0,train,fit
130238_1767718200,130238,2026-01-06 16:50:00,53698370190,2026-01-06 17:01:00.000000000,-43.0,train,fit
122613_1767718200,122613,2026-01-06 16:50:00,53718539459,2026-01-06 17:02:00.000000000,31.0,train,fit
122658_1767718200,122658,2026-01-06 16:50:00,53699433922,2026-01-06 17:01:00.000000000,0.0,train,fit
135081_1767718200,135081,2026-01-06 16:50:00,53718724127,2026-01-06 17:01:00.000000000,-121.0,train,fit
122658_1767718500,122658,2026-01-06 16:55:00,53699433924,2026-01-06 17:06:00.000000000,23.0,train,fit
122613_1767718500,122613,2026-01-06 16:55:00,53718539447,2026-01-06 17:06:00.000000000,-11.0,train,fit
129964_1767718500,129964,2026-01-06 16:55:00,53700336075,2026-01-06 17:06:00.000000000,22.0,train,fit
135081_1767718500,135081,2026-01-06 16:55:00,53718724156,2026-01-06 17:08:00.000000000,-93.0,train,fit
130238_1767718500,130238,2026-01-06 16:55:00,53698370179,2026-01-06 17:06:00.000000000,-74.0,train,fit
130238_1767718800,130238,2026-01-06 17:00:00,53698370177,2026-01-06 17:12:00.000000000,-49.0,train,fit
133957_1767718800,133957,2026-01-06 17:00:00,53699456650,2026-01-06 17:12:00.000000000,13.0,train,fit
122658_1767718800,122658,2026-01-06 17:00:00,53699433920,2026-01-06 17:12:00.000000000,-28.0,train,fit
129964_1767718800,129964,2026-01-06 17:00:00,53700336072,2026-01-06 17:11:00.000000000,80.0,train,fit
135081_1767718800,135081,2026-01-06 17:00:00,53718724166,2026-01-06 17:11:00.000000000,-73.0,train,fit
133300_1767718800,133300,2026-01-06 17:00:00,53700641226,2026-01-06 17:12:00.000000000,16.0,train,fit
129964_1767719100,129964,2026-01-06 17:05:00,53700336070,2026-01-06 17:16:00.000000000,54.0,train,fit
135081_1767719100,135081,2026-01-06 17:05:00,53718724172,2026-01-06 17:16:00.000000000,-77.0,train,fit
130238_1767719100,130238,2026-01-06 17:05:00,53698370345,2026-01-06 17:17:00.000000000,-16.0,train,fit
133957_1767719100,133957,2026-01-06 17:05:00,53699456652,2026-01-06 17:16:00.000000000,-35.0,train,fit
122658_1767719100,122658,2026-01-06 17:05:00,53699433916,2026-01-06 17:17:00.000000000,90.0,train,fit
122658_1767719400,122658,2026-01-06 17:10:00,53699433840,2026-01-06 17:25:00.000000000,169.0,train,fit
135081_1767719400,135081,2026-01-06 17:10:00,53718724150,2026-01-06 17:21:00.000000000,-101.0,train,fit
133957_1767719400,133957,2026-01-06 17:10:00,53699456667,2026-01-06 17:22:00.000000000,-8.0,train,fit
130238_1767719400,130238,2026-01-06 17:10:00,53698370337,2026-01-06 17:22:00.000000000,-85.0,train,fit
133300_1767719400,133300,2026-01-06 17:10:00,53700641150,2026-01-06 17:21:00.000000000,195.0,train,fit
129964_1767719400,129964,2026-01-06 17:10:00,53700336067,2026-01-06 17:21:00.000000000,32.0,train,fit
135081_1767719700,135081,2026-01-06 17:15:00,53718724171,2026-01-06 17:26:00.000000000,-152.0,train,fit
122658_1767719700,122658,2026-01-06 17:15:00,53699433837,2026-01-06 17:27:00.000000000,88.0,train,fit
130238_1767719700,130238,2026-01-06 17:15:00,53698370352,2026-01-06 17:27:00.000000000,-85.0,train,fit
129964_1767719700,129964,2026-01-06 17:15:00,53700336063,2026-01-06 17:27:00.000000000,7.0,train,fit
133957_1767719700,133957,2026-01-06 17:15:00,53699456669,2026-01-06 17:26:00.000000000,-78.0,train,fit
133300_1767719700,133300,2026-01-06 17:15:00,53700641134,2026-01-06 17:26:00.000000000,231.0,train,fit
133300_1767720000,133300,2026-01-06 17:20:00,53700641140,2026-01-06 17:31:00.000000000,231.0,train,fit
122048_1767720000,122048,2026-01-06 17:20:00,53699019008,2026-01-06 17:31:00.000000000,0.0,train,fit
133957_1767720000,133957,2026-01-06 17:20:00,53699456662,2026-01-06 17:31:00.000000000,-107.0,train,fit
130238_1767720000,130238,2026-01-06 17:20:00,53698370346,2026-01-06 17:31:00.000000000,145.0,train,fit
122658_1767720000,122658,2026-01-06 17:20:00,53699433839,2026-01-06 17:31:00.000000000,88.0,train,fit
129964_1767720000,129964,2026-01-06 17:20:00,53700336104,2026-01-06 17:31:00.000000000,-78.0,train,fit
135081_1767720000,135081,2026-01-06 17:20:00,53718724163,2026-01-06 17:32:00.000000000,-138.0,train,fit
133300_1767720300,133300,2026-01-06 17:25:00,53700641141,2026-01-06 17:36:00.000000000,13.0,train,fit
129964_1767720300,129964,2026-01-06 17:25:00,53700336101,2026-01-06 17:36:00.000000000,-109.0,train,fit
135081_1767720300,135081,2026-01-06 17:25:00,53718724154,2026-01-06 17:36:00.000000000,-71.0,train,fit
122048_1767720300,122048,2026-01-06 17:25:00,53699019012,2026-01-06 17:36:00.000000000,0.0,train,fit
130238_1767720300,130238,2026-01-06 17:25:00,53698370362,2026-01-06 17:36:00.000000000,84.0,train,fit
122658_1767720300,122658,2026-01-06 17:25:00,53699433832,2026-01-06 17:36:00.000000000,0.0,train,fit
122048_1767720600,122048,2026-01-06 17:30:00,53699018987,2026-01-06 17:44:00.000000000,0.0,train,fit
129964_1767720600,129964,2026-01-06 17:30:00,53700336098,2026-01-06 17:41:00.000000000,-46.0,train,fit
122658_1767720600,122658,2026-01-06 17:30:00,53699433834,2026-01-06 17:41:00.000000000,0.0,train,fit
135081_1767720600,135081,2026-01-06 17:30:00,53718724149,2026-01-06 17:41:00.000000000,-222.0,train,fit
130238_1767720600,130238,2026-01-06 17:30:00,53698370335,2026-01-06 17:41:00.000000000,67.0,train,fit
122048_1767720900,122048,2026-01-06 17:35:00,53699018985,2026-01-06 17:47:00.000000000,-196.0,train,fit
135081_1767720900,135081,2026-01-06 17:35:00,53718724148,2026-01-06 17:46:00.000000000,-190.0,train,fit
133957_1767720900,133957,2026-01-06 17:35:00,53699456685,2026-01-06 17:47:00.000000000,-39.0,train,fit
130238_1767720900,130238,2026-01-06 17:35:00,53698370356,2026-01-06 17:46:00.000000000,47.0,train,fit
122658_1767720900,122658,2026-01-06 17:35:00,53699433828,2026-01-06 17:46:00.000000000,0.0,train,fit
129964_1767720900,129964,2026-01-06 17:35:00,53700336095,2026-01-06 17:46:00.000000000,-49.0,train,fit
130238_1767721200,130238,2026-01-06 17:40:00,53698370341,2026-01-06 17:51:00.000000000,64.0,train,fit
133957_1767721200,133957,2026-01-06 17:40:00,53699456687,2026-01-06 17:51:00.000000000,-39.0,train,fit
122048_1767721200,122048,2026-01-06 17:40:00,53699018989,2026-01-06 17:51:00.000000000,79.0,train,fit
122658_1767721200,122658,2026-01-06 17:40:00,53699433830,2026-01-06 17:51:00.000000000,0.0,train,fit
135081_1767721200,135081,2026-01-06 17:40:00,53718724159,2026-01-06 17:52:00.000000000,-232.0,train,fit
135081_1767721500,135081,2026-01-06 17:45:00,53718724145,2026-01-06 17:57:00.000000000,-54.0,train,fit
122048_1767721500,122048,2026-01-06 17:45:00,53699018991,2026-01-06 17:56:00.000000000,-9.0,train,fit
130238_1767721500,130238,2026-01-06 17:45:00,53698370350,2026-01-06 17:58:00.000000000,-59.0,train,fit
133957_1767721500,133957,2026-01-06 17:45:00,53699456691,2026-01-06 17:56:00.000000000,-39.0,train,fit
122048_1767721800,122048,2026-01-06 17:50:00,53699018982,2026-01-06 18:01:00.000000000,-68.0,train,fit
133957_1767721800,133957,2026-01-06 17:50:00,53699456678,2026-01-06 18:01:00.000000000,18.0,train,fit
135081_1767721800,135081,2026-01-06 17:50:00,53718724161,2026-01-06 18:01:00.000000000,18.0,train,fit
122048_1767722100,122048,2026-01-06 17:55:00,53699018975,2026-01-06 18:06:00.000000000,-119.0,train,fit
133957_1767722100,133957,2026-01-06 17:55:00,53699456682,2026-01-06 18:07:00.000000000,52.0,train,fit
132430_1767722400,132430,2026-01-06 18:00:00,53698549762,2026-01-06 18:12:00.000000000,320.0,train,fit
133300_1767722400,133300,2026-01-06 18:00:00,53700641131,2026-01-06 18:11:00.000000000,-28.0,train,fit
134040_1767722400,134040,2026-01-06 18:00:00,53721480896,2026-01-06 18:11:00.000000000,50.0,train,fit
122048_1767722400,122048,2026-01-06 18:00:00,53699019003,2026-01-06 18:11:00.000000000,-183.0,train,fit
134040_1767722700,134040,2026-01-06 18:05:00,53721480900,2026-01-06 18:16:00.000000000,80.0,train,fit
133300_1767722700,133300,2026-01-06 18:05:00,53700641132,2026-01-06 18:16:00.000000000,190.0,train,fit
122048_1767722700,122048,2026-01-06 18:05:00,53699018978,2026-01-06 18:17:00.000000000,-139.0,train,fit
132430_1767722700,132430,2026-01-06 18:05:00,53698549786,2026-01-06 18:16:00.000000000,385.0,train,fit
133300_1767723000,133300,2026-01-06 18:10:00,53700641133,2026-01-06 18:21:00.000000000,296.0,train,fit
134040_1767723000,134040,2026-01-06 18:10:00,53721480905,2026-01-06 18:21:00.000000000,132.0,train,fit
122048_1767723000,122048,2026-01-06 18:10:00,53699019010,2026-01-06 18:21:00.000000000,-126.0,train,fit
132430_1767723000,132430,2026-01-06 18:10:00,53698549761,2026-01-06 18:22:00.000000000,425.0,train,fit
132430_1767723300,132430,2026-01-06 18:15:00,53698549780,2026-01-06 18:26:00.000000000,340.0,train,fit
122048_1767723300,122048,2026-01-06 18:15:00,53699018999,2026-01-06 18:26:00.000000000,-73.0,train,fit
134040_1767723300,134040,2026-01-06 18:15:00,53721480910,2026-01-06 18:28:00.000000000,181.0,train,fit
122048_1767723600,122048,2026-01-06 18:20:00,53699018955,2026-01-06 18:31:00.000000000,-70.0,train,fit
134040_1767723600,134040,2026-01-06 18:20:00,53721480915,2026-01-06 18:32:00.000000000,389.0,train,fit
132430_1767723600,132430,2026-01-06 18:20:00,53698549784,2026-01-06 18:32:00.000000000,452.0,train,fit
133300_1767723600,133300,2026-01-06 18:20:00,53700641117,2026-01-06 18:35:00.000000000,457.0,train,fit
122048_1767723900,122048,2026-01-06 18:25:00,53699018938,2026-01-06 18:36:00.000000000,51.0,train,fit
132430_1767723900,132430,2026-01-06 18:25:00,53698549772,2026-01-06 18:36:00.000000000,389.0,train,fit
134040_1767723900,134040,2026-01-06 18:25:00,53721480912,2026-01-06 18:37:00.000000000,314.0,train,fit
132430_1767724200,132430,2026-01-06 18:30:00,53698549776,2026-01-06 18:42:00.000000000,256.0,train,fit
134040_1767724200,134040,2026-01-06 18:30:00,53721480917,2026-01-06 18:41:00.000000000,383.0,train,fit
122048_1767724200,122048,2026-01-06 18:30:00,53699018954,2026-01-06 18:41:00.000000000,50.0,train,fit
131672_1767724200,131672,2026-01-06 18:30:00,53718793794,2026-01-06 18:41:00.000000000,295.0,train,fit
131672_1767724500,131672,2026-01-06 18:35:00,53718793814,2026-01-06 18:46:00.000000000,317.0,train,fit
122048_1767724500,122048,2026-01-06 18:35:00,53699018941,2026-01-06 18:46:00.000000000,53.0,train,fit
134040_1767724500,134040,2026-01-06 18:35:00,53721480921,2026-01-06 18:46:00.000000000,438.0,train,fit
132430_1767724500,132430,2026-01-06 18:35:00,53698549773,2026-01-06 18:46:00.000000000,309.0,train,fit
132430_1767724800,132430,2026-01-06 18:40:00,53698549304,2026-01-06 18:55:00.000000000,329.0,train,fit
122048_1767724800,122048,2026-01-06 18:40:00,53699018933,2026-01-06 18:52:00.000000000,13.0,train,fit
132430_1767725100,132430,2026-01-06 18:45:00,53698549306,2026-01-06 18:57:00.000000000,304.0,train,fit
122048_1767725100,122048,2026-01-06 18:45:00,53699018970,2026-01-06 18:57:00.000000000,124.0,train,fit
132430_1767725400,132430,2026-01-06 18:50:00,53698549300,2026-01-06 19:02:00.000000000,260.0,train,fit
122048_1767725400,122048,2026-01-06 18:50:00,53699018960,2026-01-06 19:01:00.000000000,292.0,train,fit
122048_1767725700,122048,2026-01-06 18:55:00,53699018948,2026-01-06 19:08:00.000000000,270.0,train,fit
132430_1767725700,132430,2026-01-06 18:55:00,53698549301,2026-01-06 19:06:00.000000000,45.0,train,fit
122048_1767726000,122048,2026-01-06 19:00:00,53699018965,2026-01-06 19:11:00.000000000,351.0,train,fit
135081_1767726000,135081,2026-01-06 19:00:00,53718724184,2026-01-06 19:11:00.000000000,197.0,train,fit
122048_1767726300,122048,2026-01-06 19:05:00,53699018972,2026-01-06 19:16:00.000000000,399.0,train,fit
135081_1767726300,135081,2026-01-06 19:05:00,53718724185,2026-01-06 19:17:00.000000000,282.0,train,fit
135081_1767726600,135081,2026-01-06 19:10:00,53718724194,2026-01-06 19:21:00.000000000,299.0,train,fit
131672_1767726900,131672,2026-01-06 19:15:00,53718793842,2026-01-06 19:29:00.000000000,346.0,train,fit
135081_1767726900,135081,2026-01-06 19:15:00,53718724191,2026-01-06 19:26:00.000000000,229.0,train,fit
131672_1767727200,131672,2026-01-06 19:20:00,53718793855,2026-01-06 19:31:00.000000000,346.0,train,fit
122048_1767727200,122048,2026-01-06 19:20:00,53699018950,2026-01-06 19:31:00.000000000,606.0,train,fit
135081_1767727200,135081,2026-01-06 19:20:00,53718724202,2026-01-06 19:31:00.000000000,104.0,train,fit
135081_1767727500,135081,2026-01-06 19:25:00,53718724250,2026-01-06 19:37:00.000000000,-22.0,train,fit
131672_1767727500,131672,2026-01-06 19:25:00,53718793854,2026-01-06 19:36:00.000000000,346.0,train,fit
131672_1767727800,131672,2026-01-06 19:30:00,53718793837,2026-01-06 19:41:00.000000000,-3.0,train,fit
131672_1767728100,131672,2026-01-06 19:35:00,53718793843,2026-01-06 19:47:00.000000000,100.0,train,fit
131672_1767728400,131672,2026-01-06 19:40:00,53718793845,2026-01-06 19:51:00.000000000,260.0,train,fit
122048_1767728700,122048,2026-01-06 19:45:00,53699018776,2026-01-06 19:57:00.000000000,-54.0,train,fit
131672_1767728700,131672,2026-01-06 19:45:00,53718793848,2026-01-06 19:57:00.000000000,359.0,train,fit
133957_1767729000,133957,2026-01-06 19:50:00,53699456710,2026-01-06 20:02:00.000000000,211.0,train,fit
122048_1767729000,122048,2026-01-06 19:50:00,53699018774,2026-01-06 20:01:00.000000000,-54.0,train,fit
131672_1767729000,131672,2026-01-06 19:50:00,53718793825,2026-01-06 20:03:00.000000000,376.0,train,fit
122048_1767729300,122048,2026-01-06 19:55:00,53699018778,2026-01-06 20:07:00.000000000,-54.0,train,fit
131672_1767729300,131672,2026-01-06 19:55:00,53718793827,2026-01-06 20:06:00.000000000,432.0,train,fit
133957_1767729300,133957,2026-01-06 19:55:00,53699456713,2026-01-06 20:07:00.000000000,211.0,train,fit
131672_1767729600,131672,2026-01-06 20:00:00,53718793831,2026-01-06 20:11:00.000000000,541.0,train,fit
133957_1767729600,133957,2026-01-06 20:00:00,53699456717,2026-01-06 20:12:00.000000000,211.0,train,fit
122048_1767729600,122048,2026-01-06 20:00:00,53699018781,2026-01-06 20:11:00.000000000,-208.0,train,fit
132430_1767729600,132430,2026-01-06 20:00:00,53698549338,2026-01-06 20:12:00.000000000,35.0,train,fit
122048_1767729900,122048,2026-01-06 20:05:00,53699018786,2026-01-06 20:16:00.000000000,68.0,train,fit
133957_1767729900,133957,2026-01-06 20:05:00,53699456705,2026-01-06 20:16:00.000000000,198.0,train,fit
132430_1767729900,132430,2026-01-06 20:05:00,53698549556,2026-01-06 20:17:00.000000000,74.0,train,fit
122048_1767730200,122048,2026-01-06 20:10:00,53699018758,2026-01-06 20:21:00.000000000,85.0,train,fit
130072_1767730200,130072,2026-01-06 20:10:00,53698461638,2026-01-06 20:25:00.000000000,0.0,train,fit
133957_1767730200,133957,2026-01-06 20:10:00,53699456709,2026-01-06 20:21:00.000000000,189.0,train,fit
132430_1767730200,132430,2026-01-06 20:10:00,53698549554,2026-01-06 20:22:00.000000000,21.0,train,fit
133957_1767730500,133957,2026-01-06 20:15:00,53699456701,2026-01-06 20:26:00.000000000,142.0,train,fit
122048_1767730500,122048,2026-01-06 20:15:00,53699018762,2026-01-06 20:26:00.000000000,104.0,train,fit
132430_1767730500,132430,2026-01-06 20:15:00,53698549545,2026-01-06 20:26:00.000000000,21.0,train,fit
130072_1767730500,130072,2026-01-06 20:15:00,53698461640,2026-01-06 20:26:00.000000000,0.0,train,fit
130072_1767730800,130072,2026-01-06 20:20:00,53698461652,2026-01-06 20:31:00.000000000,0.0,train,fit
122048_1767730800,122048,2026-01-06 20:20:00,53699018767,2026-01-06 20:31:00.000000000,103.0,train,fit
133957_1767730800,133957,2026-01-06 20:20:00,53699456741,2026-01-06 20:31:00.000000000,58.0,train,fit
132430_1767730800,132430,2026-01-06 20:20:00,53698549541,2026-01-06 20:31:00.000000000,177.0,train,fit
133957_1767731100,133957,2026-01-06 20:25:00,53699456744,2026-01-06 20:36:00.000000000,51.0,train,fit
130072_1767731100,130072,2026-01-06 20:25:00,53698461653,2026-01-06 20:36:00.000000000,60.0,train,fit
122048_1767731100,122048,2026-01-06 20:25:00,53699018754,2026-01-06 20:36:00.000000000,49.0,train,fit
132430_1767731100,132430,2026-01-06 20:25:00,53698549553,2026-01-06 20:36:00.000000000,174.0,train,fit
132430_1767731400,132430,2026-01-06 20:30:00,53698549548,2026-01-06 20:41:00.000000000,219.0,train,fit
133957_1767731400,133957,2026-01-06 20:30:00,53699456754,2026-01-06 20:41:00.000000000,16.0,train,fit
130072_1767731400,130072,2026-01-06 20:30:00,53698461657,2026-01-06 20:41:00.000000000,92.0,train,fit
133957_1767731700,133957,2026-01-06 20:35:00,53699456759,2026-01-06 20:47:00.000000000,96.0,train,fit
130072_1767731700,130072,2026-01-06 20:35:00,53698461643,2026-01-06 20:46:00.000000000,3.0,train,fit
132430_1767731700,132430,2026-01-06 20:35:00,53698549547,2026-01-06 20:46:00.000000000,268.0,train,fit
131672_1767732000,131672,2026-01-06 20:40:00,53718793879,2026-01-06 20:54:00.000000000,606.0,train,fit
132430_1767732000,132430,2026-01-06 20:40:00,53698549533,2026-01-06 20:51:00.000000000,235.0,train,fit
130072_1767732000,130072,2026-01-06 20:40:00,53698461648,2026-01-06 20:53:00.000000000,58.0,train,fit
133957_1767732000,133957,2026-01-06 20:40:00,53699456751,2026-01-06 20:51:00.000000000,29.0,train,fit
130072_1767732300,130072,2026-01-06 20:45:00,53698461650,2026-01-06 20:56:00.000000000,31.0,train,fit
132430_1767732300,132430,2026-01-06 20:45:00,53698549651,2026-01-06 20:56:00.000000000,163.0,train,fit
131672_1767732300,131672,2026-01-06 20:45:00,53718793886,2026-01-06 20:56:00.000000000,606.0,train,fit
132430_1767732600,132430,2026-01-06 20:50:00,53698549644,2026-01-06 21:01:00.000000000,194.0,train,fit
133957_1767732600,133957,2026-01-06 20:50:00,53699456777,2026-01-06 21:02:00.000000000,121.0,train,fit
131672_1767732600,131672,2026-01-06 20:50:00,53718793891,2026-01-06 21:01:00.000000000,606.0,train,fit
135081_1767732600,135081,2026-01-06 20:50:00,53718724291,2026-01-06 21:01:00.000000000,234.0,train,fit
130072_1767732600,130072,2026-01-06 20:50:00,53698461670,2026-01-06 21:01:00.000000000,204.0,train,fit
131672_1767732900,131672,2026-01-06 20:55:00,53718793873,2026-01-06 21:06:00.000000000,32.0,train,fit
133957_1767732900,133957,2026-01-06 20:55:00,53699456780,2026-01-06 21:07:00.000000000,108.0,train,fit
130072_1767732900,130072,2026-01-06 20:55:00,53698461672,2026-01-06 21:06:00.000000000,170.0,train,fit
132430_1767732900,132430,2026-01-06 20:55:00,53698549666,2026-01-06 21:07:00.000000000,346.0,train,fit
135081_1767732900,135081,2026-01-06 20:55:00,53718724265,2026-01-06 21:06:00.000000000,234.0,train,fit
130072_1767733200,130072,2026-01-06 21:00:00,53698461673,2026-01-06 21:14:00.000000000,206.0,train,fit
135081_1767733200,135081,2026-01-06 21:00:00,53718724289,2026-01-06 21:11:00.000000000,234.0,train,fit
133957_1767733200,133957,2026-01-06 21:00:00,53699456770,2026-01-06 21:12:00.000000000,108.0,train,fit
122048_1767733200,122048,2026-01-06 21:00:00,53699018870,2026-01-06 21:11:00.000000000,0.0,train,fit
132430_1767733200,132430,2026-01-06 21:00:00,53698549661,2026-01-06 21:11:00.000000000,327.0,train,fit
130072_1767733500,130072,2026-01-06 21:05:00,53698461659,2026-01-06 21:18:00.000000000,194.0,train,fit
122048_1767733500,122048,2026-01-06 21:05:00,53699018871,2026-01-06 21:16:00.000000000,0.0,train,fit
132430_1767733500,132430,2026-01-06 21:05:00,53698549669,2026-01-06 21:16:00.000000000,306.0,train,fit
133957_1767733500,133957,2026-01-06 21:05:00,53699456774,2026-01-06 21:16:00.000000000,-19.0,train,fit
135081_1767733500,135081,2026-01-06 21:05:00,53718724266,2026-01-06 21:16:00.000000000,176.0,train,fit
130072_1767733800,130072,2026-01-06 21:10:00,53698461661,2026-01-06 21:24:00.000000000,182.0,train,fit
135081_1767733800,135081,2026-01-06 21:10:00,53718724268,2026-01-06 21:21:00.000000000,82.0,train,fit
133957_1767733800,133957,2026-01-06 21:10:00,53699456784,2026-01-06 21:21:00.000000000,4.0,train,fit
122048_1767733800,122048,2026-01-06 21:10:00,53699018876,2026-01-06 21:22:00.000000000,0.0,train,fit
132430_1767733800,132430,2026-01-06 21:10:00,53698549658,2026-01-06 21:21:00.000000000,181.0,train,fit
135081_1767734100,135081,2026-01-06 21:15:00,53718724277,2026-01-06 21:27:00.000000000,-32.0,train,fit
133957_1767734100,133957,2026-01-06 21:15:00,53699456788,2026-01-06 21:26:00.000000000,44.0,train,fit
130072_1767734100,130072,2026-01-06 21:15:00,53698461663,2026-01-06 21:27:00.000000000,113.0,train,fit
122048_1767734100,122048,2026-01-06 21:15:00,53699018882,2026-01-06 21:26:00.000000000,0.0,train,fit
132430_1767734100,132430,2026-01-06 21:15:00,53698549654,2026-01-06 21:27:00.000000000,200.0,train,fit
133957_1767734400,133957,2026-01-06 21:20:00,53699456828,2026-01-06 21:31:00.000000000,3.0,train,fit
135081_1767734400,135081,2026-01-06 21:20:00,53718724283,2026-01-06 21:31:00.000000000,71.0,train,fit
122048_1767734400,122048,2026-01-06 21:20:00,53699018861,2026-01-06 21:31:00.000000000,0.0,train,fit
130072_1767734400,130072,2026-01-06 21:20:00,53698461637,2026-01-06 21:33:00.000000000,93.0,train,fit
135081_1767734700,135081,2026-01-06 21:25:00,53718724292,2026-01-06 21:37:00.000000000,55.0,train,fit
130072_1767734700,130072,2026-01-06 21:25:00,53698461685,2026-01-06 21:40:00.000000000,181.0,train,fit
122048_1767734700,122048,2026-01-06 21:25:00,53699018863,2026-01-06 21:36:00.000000000,0.0,train,fit
133957_1767734700,133957,2026-01-06 21:25:00,53699456831,2026-01-06 21:36:00.000000000,51.0,train,fit
134040_1767735000,134040,2026-01-06 21:30:00,53721480999,2026-01-06 21:41:00.000000000,434.0,train,fit
133957_1767735000,133957,2026-01-06 21:30:00,53699456820,2026-01-06 21:41:00.000000000,-41.0,train,fit
130072_1767735000,130072,2026-01-06 21:30:00,53698461687,2026-01-06 21:41:00.000000000,163.0,train,fit
130072_1767735300,130072,2026-01-06 21:35:00,53698461689,2026-01-06 21:46:00.000000000,163.0,train,fit
134040_1767735300,134040,2026-01-06 21:35:00,53721481002,2026-01-06 21:46:00.000000000,434.0,train,fit
133957_1767735300,133957,2026-01-06 21:35:00,53699456810,2026-01-06 21:47:00.000000000,57.0,train,fit
133957_1767735600,133957,2026-01-06 21:40:00,53699456814,2026-01-06 21:51:00.000000000,21.0,train,fit
130072_1767735600,130072,2026-01-06 21:40:00,53698461678,2026-01-06 21:51:00.000000000,0.0,train,fit
134040_1767735900,134040,2026-01-06 21:45:00,53721481025,2026-01-06 22:00:00.000000000,434.0,train,fit
130072_1767735900,130072,2026-01-06 21:45:00,53698461677,2026-01-06 21:56:00.000000000,0.0,train,fit
134040_1767736200,134040,2026-01-06 21:50:00,53721481023,2026-01-06 22:02:00.000000000,434.0,train,fit
130072_1767736200,130072,2026-01-06 21:50:00,53698461679,2026-01-06 22:01:00.000000000,0.0,train,fit
134040_1767736500,134040,2026-01-06 21:55:00,53721481062,2026-01-06 22:06:00.000000000,434.0,train,fit
130072_1767736500,130072,2026-01-06 21:55:00,53698461681,2026-01-06 22:07:00.000000000,0.0,train,fit
134040_1767736800,134040,2026-01-06 22:00:00,53721481067,2026-01-06 22:11:00.000000000,0.0,train,fit
135081_1767736800,135081,2026-01-06 22:00:00,53718724302,2026-01-06 22:11:00.000000000,-159.0,train,fit
133957_1767736800,133957,2026-01-06 22:00:00,53699456803,2026-01-06 22:11:00.000000000,180.0,train,fit
133957_1767737100,133957,2026-01-06 22:05:00,53699456807,2026-01-06 22:16:00.000000000,180.0,train,fit
135081_1767737100,135081,2026-01-06 22:05:00,53718724309,2026-01-06 22:16:00.000000000,-207.0,train,fit
134040_1767737100,134040,2026-01-06 22:05:00,53721481070,2026-01-06 22:16:00.000000000,0.0,train,fit
133957_1767737400,133957,2026-01-06 22:10:00,53699456796,2026-01-06 22:21:00.000000000,180.0,train,fit
135081_1767737400,135081,2026-01-06 22:10:00,53718724300,2026-01-06 22:21:00.000000000,-68.0,train,fit
134040_1767737400,134040,2026-01-06 22:10:00,53721481010,2026-01-06 22:21:00.000000000,0.0,train,fit
133957_1767737700,133957,2026-01-06 22:15:00,53699456801,2026-01-06 22:27:00.000000000,26.0,train,fit
135081_1767737700,135081,2026-01-06 22:15:00,53718724315,2026-01-06 22:26:00.000000000,49.0,train,fit
134040_1767737700,134040,2026-01-06 22:15:00,53721481012,2026-01-06 22:26:00.000000000,0.0,train,fit
134040_1767738000,134040,2026-01-06 22:20:00,53721481021,2026-01-06 22:31:00.000000000,0.0,train,fit
134494_1767738000,134494,2026-01-06 22:20:00,53698426129,2026-01-06 22:35:00.000000000,0.0,train,fit
132430_1767738000,132430,2026-01-06 22:20:00,53698549723,2026-01-06 22:31:00.000000000,96.0,train,fit
135081_1767738000,135081,2026-01-06 22:20:00,53718724318,2026-01-06 22:31:00.000000000,19.0,train,fit
133957_1767738000,133957,2026-01-06 22:20:00,53699456791,2026-01-06 22:32:00.000000000,20.0,train,fit
135081_1767738300,135081,2026-01-06 22:25:00,53718724316,2026-01-06 22:36:00.000000000,90.0,train,fit
134040_1767738300,134040,2026-01-06 22:25:00,53721481036,2026-01-06 22:36:00.000000000,0.0,train,fit
132430_1767738300,132430,2026-01-06 22:25:00,53698549722,2026-01-06 22:36:00.000000000,96.0,train,fit
134494_1767738300,134494,2026-01-06 22:25:00,53698426128,2026-01-06 22:37:00.000000000,0.0,train,fit
134494_1767738600,134494,2026-01-06 22:30:00,53698426124,2026-01-06 22:42:00.000000000,0.0,train,fit
134040_1767738600,134040,2026-01-06 22:30:00,53721481039,2026-01-06 22:41:00.000000000,0.0,train,fit
134494_1767738900,134494,2026-01-06 22:35:00,53698426134,2026-01-06 22:47:00.000000000,0.0,train,fit
134040_1767738900,134040,2026-01-06 22:35:00,53721481044,2026-01-06 22:46:00.000000000,0.0,train,fit
134494_1767739200,134494,2026-01-06 22:40:00,53698426132,2026-01-06 22:51:00.000000000,0.0,train,fit
134040_1767739200,134040,2026-01-06 22:40:00,53721481048,2026-01-06 22:51:00.000000000,0.0,train,fit
134040_1767739500,134040,2026-01-06 22:45:00,53721481051,2026-01-06 22:56:00.000000000,0.0,train,fit
134494_1767739500,134494,2026-01-06 22:45:00,53698426143,2026-01-06 22:57:00.000000000,0.0,train,fit
134040_1767739800,134040,2026-01-06 22:50:00,53721481054,2026-01-06 23:01:00.000000000,0.0,train,fit
134494_1767739800,134494,2026-01-06 22:50:00,53698426141,2026-01-06 23:03:00.000000000,0.0,train,fit
134494_1767740100,134494,2026-01-06 22:55:00,53698426138,2026-01-06 23:06:00.000000000,0.0,train,fit
134040_1767740100,134040,2026-01-06 22:55:00,53721481028,2026-01-06 23:07:00.000000000,0.0,train,fit
134040_1767740400,134040,2026-01-06 23:00:00,53721481026,2026-01-06 23:12:00.000000000,0.0,train,fit
132430_1767740400,132430,2026-01-06 23:00:00,53698549789,2026-01-06 23:11:00.000000000,19.0,train,fit
130072_1767740700,130072,2026-01-06 23:05:00,53698461587,2026-01-06 23:20:00.000000000,0.0,train,fit
132430_1767740700,132430,2026-01-06 23:05:00,53698549794,2026-01-06 23:17:00.000000000,-13.0,train,fit
134040_1767740700,134040,2026-01-06 23:05:00,53721481031,2026-01-06 23:17:00.000000000,0.0,train,fit
132430_1767741000,132430,2026-01-06 23:10:00,53698549792,2026-01-06 23:21:00.000000000,168.0,train,fit
130072_1767741000,130072,2026-01-06 23:10:00,53698461586,2026-01-06 23:21:00.000000000,0.0,train,fit
130072_1767741300,130072,2026-01-06 23:15:00,53698461582,2026-01-06 23:26:00.000000000,0.0,train,fit
132430_1767741300,132430,2026-01-06 23:15:00,53698549804,2026-01-06 23:27:00.000000000,127.0,train,fit
132430_1767741600,132430,2026-01-06 23:20:00,53698549801,2026-01-06 23:32:00.000000000,99.0,train,fit
130072_1767741600,130072,2026-01-06 23:20:00,53698461578,2026-01-06 23:31:00.000000000,0.0,train,fit
132430_1767741900,132430,2026-01-06 23:25:00,53698549813,2026-01-06 23:36:00.000000000,29.0,train,fit
130072_1767741900,130072,2026-01-06 23:25:00,53698461574,2026-01-06 23:37:00.000000000,0.0,train,fit
132430_1767742200,132430,2026-01-06 23:30:00,53698549808,2026-01-06 23:41:00.000000000,147.0,train,fit
134494_1767742200,134494,2026-01-06 23:30:00,53698426111,2026-01-06 23:42:00.000000000,0.0,train,fit
134494_1767742500,134494,2026-01-06 23:35:00,53698426108,2026-01-06 23:46:00.000000000,0.0,train,fit
134494_1767742800,134494,2026-01-06 23:40:00,53698426116,2026-01-06 23:51:00.000000000,0.0,train,fit
134494_1767743100,134494,2026-01-06 23:45:00,53698426113,2026-01-06 23:57:00.000000000,0.0,train,fit
132430_1767743400,132430,2026-01-06 23:50:00,53698549833,2026-01-07 00:01:00.000000000,74.0,train,fit
132430_1767743700,132430,2026-01-06 23:55:00,53698549831,2026-01-07 00:06:00.000000000,74.0,train,fit
9000000_1767666600,9000000,2026-01-06 02:30:00,9000456,2026-01-06 02:43:54.989033068,0.0,train,fit
9000000_1767666900,9000000,2026-01-06 02:35:00,9000024,2026-01-06 02:45:54.989033068,0.0,train,fit
9000000_1767667200,9000000,2026-01-06 02:40:00,9000031,2026-01-06 02:50:54.989033068,0.0,train,fit
9000000_1767667500,9000000,2026-01-06 02:45:00,9000035,2026-01-06 02:56:54.989033068,-13.0,train,fit
9000000_1767667800,9000000,2026-01-06 02:50:00,9000563,2026-01-06 03:00:54.989033068,4.0,train,fit
9000000_1767668100,9000000,2026-01-06 02:55:00,9000650,2026-01-06 03:05:54.989033068,-3.0,train,fit
9000000_1767668400,9000000,2026-01-06 03:00:00,9000660,2026-01-06 03:10:54.989033068,-31.0,train,fit
9000000_1767668700,9000000,2026-01-06 03:05:00,9000662,2026-01-06 03:15:54.989033068,-16.0,train,fit
9000000_1767669000,9000000,2026-01-06 03:10:00,9000040,2026-01-06 03:20:54.989033068,1.0,train,fit
9000000_1767669300,9000000,2026-01-06 03:15:00,9000049,2026-01-06 03:25:54.989033068,-16.0,train,fit
9000000_1767669600,9000000,2026-01-06 03:20:00,9000051,2026-01-06 03:30:54.989033068,-1.0,train,fit
9000000_1767669900,9000000,2026-01-06 03:25:00,9000419,2026-01-06 03:37:54.989033068,-2.0,train,fit
9000000_1767670200,9000000,2026-01-06 03:30:00,9000402,2026-01-06 03:40:54.989033068,-7.0,train,fit
9000000_1767670500,9000000,2026-01-06 03:35:00,9000396,2026-01-06 03:46:54.989033068,-18.0,train,fit
9000000_1767670800,9000000,2026-01-06 03:40:00,9000423,2026-01-06 03:50:54.989033068,-23.0,train,fit
9000000_1767671100,9000000,2026-01-06 03:45:00,9000416,2026-01-06 03:55:54.989033068,-19.0,train,fit
9000000_1767671400,9000000,2026-01-06 03:50:00,9000390,2026-01-06 04:00:54.989033068,-15.0,train,fit
9000000_1767671700,9000000,2026-01-06 03:55:00,9000393,2026-01-06 04:05:54.989033068,-37.0,train,fit
9000000_1767672000,9000000,2026-01-06 04:00:00,9000392,2026-01-06 04:10:54.989033068,-26.0,train,fit
9000000_1767672300,9000000,2026-01-06 04:05:00,9000385,2026-01-06 04:16:54.989033068,-2.0,train,fit
9000000_1767672600,9000000,2026-01-06 04:10:00,9000399,2026-01-06 04:21:54.989033068,-6.0,train,fit
9000000_1767672900,9000000,2026-01-06 04:15:00,9000412,2026-01-06 04:26:54.989033068,19.0,train,fit
9000000_1767673200,9000000,2026-01-06 04:20:00,9000372,2026-01-06 04:30:54.989033068,21.0,train,fit
9000000_1767673800,9000000,2026-01-06 04:30:00,9000020,2026-01-06 04:40:54.989033068,-21.0,train,fit
9000000_1767678000,9000000,2026-01-06 05:40:00,9000016,2026-01-06 05:51:54.989033068,-53.0,train,fit
9000000_1767678300,9000000,2026-01-06 05:45:00,9000004,2026-01-06 05:55:54.989033068,-1.0,train,fit
9000000_1767678600,9000000,2026-01-06 05:50:00,9000010,2026-01-06 06:00:54.989033068,-83.0,train,fit
9000000_1767678900,9000000,2026-01-06 05:55:00,9000161,2026-01-06 06:07:54.989033068,-152.0,train,fit
9000000_1767679200,9000000,2026-01-06 06:00:00,9000377,2026-01-06 06:10:54.989033068,-113.0,train,fit
9000000_1767679500,9000000,2026-01-06 06:05:00,9000573,2026-01-06 06:15:54.989033068,-37.0,train,fit
9000000_1767679800,9000000,2026-01-06 06:10:00,9000227,2026-01-06 06:20:54.989033068,48.0,train,fit
9000000_1767680100,9000000,2026-01-06 06:15:00,9000543,2026-01-06 06:28:54.989033068,39.0,train,fit
9000000_1767680400,9000000,2026-01-06 06:20:00,9000270,2026-01-06 06:31:54.989033068,128.0,train,fit
9000000_1767680700,9000000,2026-01-06 06:25:00,9000556,2026-01-06 06:35:54.989033068,188.0,train,fit
9000000_1767681000,9000000,2026-01-06 06:30:00,9000002,2026-01-06 06:40:54.989033068,147.0,train,fit
9000000_1767684300,9000000,2026-01-06 07:25:00,9000291,2026-01-06 07:36:54.989033068,29.0,train,fit
9000000_1767684600,9000000,2026-01-06 07:30:00,9000200,2026-01-06 07:40:54.989033068,29.0,train,fit
9000000_1767684900,9000000,2026-01-06 07:35:00,9000305,2026-01-06 07:45:54.989033068,29.0,train,fit
9000000_1767685200,9000000,2026-01-06 07:40:00,9000222,2026-01-06 07:51:54.989033068,523.0,train,fit
9000000_1767685500,9000000,2026-01-06 07:45:00,9000252,2026-01-06 07:55:54.989033068,630.0,train,fit
9000000_1767685800,9000000,2026-01-06 07:50:00,9000566,2026-01-06 08:00:54.989033068,468.0,train,fit
9000000_1767686100,9000000,2026-01-06 07:55:00,9000574,2026-01-06 08:07:54.989033068,415.0,train,fit
9000000_1767686400,9000000,2026-01-06 08:00:00,9000307,2026-01-06 08:10:54.989033068,376.0,train,fit
9000000_1767686700,9000000,2026-01-06 08:05:00,9000557,2026-01-06 08:15:54.989033068,354.0,train,fit
9000000_1767687000,9000000,2026-01-06 08:10:00,9000564,2026-01-06 08:20:54.989033068,244.0,train,fit
9000000_1767687300,9000000,2026-01-06 08:15:00,9000216,2026-01-06 08:27:54.989033068,147.0,train,fit
9000000_1767687600,9000000,2026-01-06 08:20:00,9000336,2026-01-06 08:30:54.989033068,145.0,train,fit
9000000_1767687900,9000000,2026-01-06 08:25:00,9000229,2026-01-06 08:38:54.989033068,26.0,train,fit
9000000_1767688200,9000000,2026-01-06 08:30:00,9000555,2026-01-06 08:40:54.989033068,-60.0,train,fit
9000000_1767688500,9000000,2026-01-06 08:35:00,9000208,2026-01-06 08:45:54.989033068,5.0,train,fit
9000000_1767688800,9000000,2026-01-06 08:40:00,9000365,2026-01-06 08:51:54.989033068,113.0,train,fit
9000000_1767689100,9000000,2026-01-06 08:45:00,9000453,2026-01-06 08:56:54.989033068,127.0,train,fit
9000000_1767689400,9000000,2026-01-06 08:50:00,9000234,2026-01-06 09:00:54.989033068,92.0,train,fit
9000000_1767689700,9000000,2026-01-06 08:55:00,9000023,2026-01-06 09:05:54.989033068,134.0,train,fit
9000000_1767690000,9000000,2026-01-06 09:00:00,9000221,2026-01-06 09:11:54.989033068,76.0,train,fit
9000000_1767690300,9000000,2026-01-06 09:05:00,9000265,2026-01-06 09:15:54.989033068,45.0,train,fit
9000000_1767690600,9000000,2026-01-06 09:10:00,9000215,2026-01-06 09:20:54.989033068,80.0,train,fit
9000000_1767690900,9000000,2026-01-06 09:15:00,9000245,2026-01-06 09:25:54.989033068,42.0,train,fit
9000000_1767691200,9000000,2026-01-06 09:20:00,9000335,2026-01-06 09:31:54.989033068,84.0,train,fit
9000000_1767691500,9000000,2026-01-06 09:25:00,9000374,2026-01-06 09:35:54.989033068,111.0,train,fit
9000000_1767691800,9000000,2026-01-06 09:30:00,9000240,2026-01-06 09:40:54.989033068,123.0,train,fit
9000000_1767693000,9000000,2026-01-06 09:50:00,9000293,2026-01-06 10:03:54.989033068,67.0,train,fit
9000000_1767693300,9000000,2026-01-06 09:55:00,9000298,2026-01-06 10:05:54.989033068,67.0,train,fit
9000000_1767693600,9000000,2026-01-06 10:00:00,9000299,2026-01-06 10:10:54.989033068,67.0,train,fit
9000000_1767693900,9000000,2026-01-06 10:05:00,9000308,2026-01-06 10:16:54.989033068,259.0,train,fit
9000000_1767694200,9000000,2026-01-06 10:10:00,9000364,2026-01-06 10:21:54.989033068,175.0,train,fit
9000000_1767694500,9000000,2026-01-06 10:15:00,9000171,2026-01-06 10:26:54.989033068,111.0,train,fit
9000000_1767694800,9000000,2026-01-06 10:20:00,9000250,2026-01-06 10:30:54.989033068,-69.0,train,fit
9000000_1767695100,9000000,2026-01-06 10:25:00,9000210,2026-01-06 10:36:54.989033068,-33.0,train,fit
9000000_1767695400,9000000,2026-01-06 10:30:00,9000639,2026-01-06 10:41:54.989033068,-133.0,train,fit
9000000_1767703200,9000000,2026-01-06 12:40:00,9000540,2026-01-06 12:50:54.989033068,346.0,train,fit
9000000_1767703500,9000000,2026-01-06 12:45:00,9000184,2026-01-06 12:55:54.989033068,362.0,train,fit
9000000_1767703800,9000000,2026-01-06 12:50:00,9000432,2026-01-06 13:00:54.989033068,277.0,train,fit
9000000_1767704100,9000000,2026-01-06 12:55:00,9000185,2026-01-06 13:05:54.989033068,212.0,train,fit
9000000_1767704400,9000000,2026-01-06 13:00:00,9000431,2026-01-06 13:10:54.989033068,202.0,train,fit
9000000_1767704700,9000000,2026-01-06 13:05:00,9000189,2026-01-06 13:15:54.989033068,176.0,train,fit
9000000_1767705000,9000000,2026-01-06 13:10:00,9000177,2026-01-06 13:20:54.989033068,159.0,train,fit
9000000_1767705300,9000000,2026-01-06 13:15:00,9000204,2026-01-06 13:26:54.989033068,65.0,train,fit
9000000_1767705600,9000000,2026-01-06 13:20:00,9000084,2026-01-06 13:31:54.989033068,88.0,train,fit
9000000_1767705900,9000000,2026-01-06 13:25:00,9000445,2026-01-06 13:35:54.989033068,63.0,train,fit
9000000_1767706200,9000000,2026-01-06 13:30:00,9000446,2026-01-06 13:40:54.989033068,87.0,train,fit
9000000_1767706500,9000000,2026-01-06 13:35:00,9000447,2026-01-06 13:46:54.989033068,20.0,train,fit
9000000_1767706800,9000000,2026-01-06 13:40:00,9000065,2026-01-06 13:51:54.989033068,30.0,train,fit
9000000_1767707100,9000000,2026-01-06 13:45:00,9000451,2026-01-06 13:55:54.989033068,3.0,train,fit
9000000_1767707400,9000000,2026-01-06 13:50:00,9000063,2026-01-06 14:00:54.989033068,-4.0,train,fit
9000000_1767707700,9000000,2026-01-06 13:55:00,9000071,2026-01-06 14:05:54.989033068,3.0,train,fit
9000000_1767708000,9000000,2026-01-06 14:00:00,9000083,2026-01-06 14:11:54.989033068,14.0,train,fit
9000000_1767708300,9000000,2026-01-06 14:05:00,9000078,2026-01-06 14:15:54.989033068,-44.0,train,fit
9000000_1767708600,9000000,2026-01-06 14:10:00,9000439,2026-01-06 14:22:54.989033068,1.0,train,fit
9000000_1767708900,9000000,2026-01-06 14:15:00,9000077,2026-01-06 14:25:54.989033068,4.0,train,fit
9000000_1767709200,9000000,2026-01-06 14:20:00,9000438,2026-01-06 14:30:54.989033068,7.0,train,fit
9000000_1767709500,9000000,2026-01-06 14:25:00,9000066,2026-01-06 14:35:54.989033068,25.0,train,fit
9000000_1767714000,9000000,2026-01-06 15:40:00,9000487,2026-01-06 15:51:54.989033068,148.0,train,fit
9000000_1767714300,9000000,2026-01-06 15:45:00,9000482,2026-01-06 15:55:54.989033068,56.0,train,fit
9000000_1767714600,9000000,2026-01-06 15:50:00,9000644,2026-01-06 16:00:54.989033068,74.0,train,fit
9000000_1767714900,9000000,2026-01-06 15:55:00,9000320,2026-01-06 16:05:54.989033068,-1.0,train,fit
9000000_1767715200,9000000,2026-01-06 16:00:00,9000093,2026-01-06 16:10:54.989033068,66.0,train,fit
9000000_1767715500,9000000,2026-01-06 16:05:00,9000092,2026-01-06 16:16:54.989033068,90.0,train,fit
9000000_1767715800,9000000,2026-01-06 16:10:00,9000317,2026-01-06 16:20:54.989033068,-15.0,train,fit
9000000_1767716100,9000000,2026-01-06 16:15:00,9000094,2026-01-06 16:25:54.989033068,23.0,train,fit
9000000_1767716400,9000000,2026-01-06 16:20:00,9000087,2026-01-06 16:32:54.989033068,-29.0,train,fit
9000000_1767716700,9000000,2026-01-06 16:25:00,9000331,2026-01-06 16:35:54.989033068,-8.0,train,fit
9000000_1767717000,9000000,2026-01-06 16:30:00,9000325,2026-01-06 16:42:54.989033068,11.0,train,fit
9000000_1767721200,9000000,2026-01-06 17:40:00,9000103,2026-01-06 17:52:54.989033068,-11.0,train,fit
9000000_1767721500,9000000,2026-01-06 17:45:00,9000107,2026-01-06 17:55:54.989033068,-11.0,train,fit
9000000_1767721800,9000000,2026-01-06 17:50:00,9000105,2026-01-06 18:00:54.989033068,-11.0,train,fit
9000000_1767722100,9000000,2026-01-06 17:55:00,9000607,2026-01-06 18:05:54.989033068,-319.0,train,fit
9000000_1767722400,9000000,2026-01-06 18:00:00,9000503,2026-01-06 18:10:54.989033068,-72.0,train,fit
9000000_1767722700,9000000,2026-01-06 18:05:00,9000504,2026-01-06 18:15:54.989033068,63.0,train,fit
9000000_1767723000,9000000,2026-01-06 18:10:00,9000611,2026-01-06 18:21:54.989033068,-14.0,train,fit
9000000_1767723300,9000000,2026-01-06 18:15:00,9000501,2026-01-06 18:25:54.989033068,-63.0,train,fit
9000000_1767723600,9000000,2026-01-06 18:20:00,9000615,2026-01-06 18:31:54.989033068,-147.0,train,fit
9000000_1767723900,9000000,2026-01-06 18:25:00,9000508,2026-01-06 18:36:54.989033068,-150.0,train,fit
9000000_1767724200,9000000,2026-01-06 18:30:00,9000608,2026-01-06 18:40:54.989033068,-187.0,train,fit
9000000_1767724500,9000000,2026-01-06 18:35:00,9000603,2026-01-06 18:45:54.989033068,-101.0,train,fit
9000000_1767724800,9000000,2026-01-06 18:40:00,9000275,2026-01-06 18:50:54.989033068,-95.0,train,fit
9000000_1767725100,9000000,2026-01-06 18:45:00,9000255,2026-01-06 18:55:54.989033068,-45.0,train,fit
9000000_1767725400,9000000,2026-01-06 18:50:00,9000259,2026-01-06 19:00:54.989033068,122.0,train,fit
9000000_1767725700,9000000,2026-01-06 18:55:00,9000253,2026-01-06 19:05:54.989033068,91.0,train,fit
9000000_1767726000,9000000,2026-01-06 19:00:00,9000348,2026-01-06 19:11:54.989033068,-2.0,train,fit
9000000_1767726300,9000000,2026-01-06 19:05:00,9000370,2026-01-06 19:15:54.989033068,129.0,train,fit
9000000_1767726600,9000000,2026-01-06 19:10:00,9000112,2026-01-06 19:20:54.989033068,165.0,train,fit
9000000_1767726900,9000000,2026-01-06 19:15:00,9000380,2026-01-06 19:25:54.989033068,238.0,train,fit
9000000_1767727200,9000000,2026-01-06 19:20:00,9000167,2026-01-06 19:30:54.989033068,275.0,train,fit
9000000_1767727500,9000000,2026-01-06 19:25:00,9000057,2026-01-06 19:35:54.989033068,410.0,train,fit
9000000_1767727800,9000000,2026-01-06 19:30:00,9000164,2026-01-06 19:41:54.989033068,394.0,train,fit
9000000_1767728400,9000000,2026-01-06 19:40:00,9000631,2026-01-06 19:52:54.989033068,602.0,train,fit
9000000_1767729900,9000000,2026-01-06 20:05:00,9000626,2026-01-06 20:18:54.989033068,-47.0,train,fit
9000000_1767730200,9000000,2026-01-06 20:10:00,9000630,2026-01-06 20:20:54.989033068,-47.0,train,fit
9000000_1767730500,9000000,2026-01-06 20:15:00,9000628,2026-01-06 20:25:54.989033068,-47.0,train,fit
9000000_1767730800,9000000,2026-01-06 20:20:00,9000634,2026-01-06 20:30:54.989033068,-330.0,train,fit
9000000_1767731100,9000000,2026-01-06 20:25:00,9000239,2026-01-06 20:35:54.989033068,-123.0,train,fit
9000000_1767731400,9000000,2026-01-06 20:30:00,9000520,2026-01-06 20:40:54.989033068,54.0,train,fit
9000000_1767735600,9000000,2026-01-06 21:40:00,9000119,2026-01-06 21:50:54.989033068,-5.0,train,fit
9000000_1767735900,9000000,2026-01-06 21:45:00,9000120,2026-01-06 21:55:54.989033068,45.0,train,fit
9000000_1767736200,9000000,2026-01-06 21:50:00,9000137,2026-01-06 22:00:54.989033068,28.0,train,fit
9000001_1767665400,9000001,2026-01-06 02:10:00,9100456,2026-01-06 02:23:06.862763477,0.0,train,fit
9000001_1767665700,9000001,2026-01-06 02:15:00,9100024,2026-01-06 02:25:06.862763477,0.0,train,fit
9000001_1767666000,9000001,2026-01-06 02:20:00,9100031,2026-01-06 02:30:06.862763477,0.0,train,fit
9000001_1767666300,9000001,2026-01-06 02:25:00,9100035,2026-01-06 02:36:06.862763477,19.0,train,fit
9000001_1767666600,9000001,2026-01-06 02:30:00,9100563,2026-01-06 02:40:06.862763477,-8.0,train,fit
9000001_1767666900,9000001,2026-01-06 02:35:00,9100650,2026-01-06 02:45:06.862763477,20.0,train,fit
9000001_1767667200,9000001,2026-01-06 02:40:00,9100660,2026-01-06 02:50:06.862763477,8.0,train,fit
9000001_1767667500,9000001,2026-01-06 02:45:00,9100662,2026-01-06 02:55:06.862763477,19.0,train,fit
9000001_1767667800,9000001,2026-01-06 02:50:00,9100040,2026-01-06 03:00:06.862763477,7.0,train,fit
9000001_1767668100,9000001,2026-01-06 02:55:00,9100049,2026-01-06 03:05:06.862763477,0.0,train,fit
9000001_1767668400,9000001,2026-01-06 03:00:00,9100051,2026-01-06 03:10:06.862763477,-26.0,train,fit
9000001_1767668700,9000001,2026-01-06 03:05:00,9100419,2026-01-06 03:17:06.862763477,-33.0,train,fit
9000001_1767669000,9000001,2026-01-06 03:10:00,9100402,2026-01-06 03:20:06.862763477,1.0,train,fit
9000001_1767669300,9000001,2026-01-06 03:15:00,9100396,2026-01-06 03:26:06.862763477,-4.0,train,fit
9000001_1767669600,9000001,2026-01-06 03:20:00,9100423,2026-01-06 03:30:06.862763477,11.0,train,fit
9000001_1767669900,9000001,2026-01-06 03:25:00,9100416,2026-01-06 03:35:06.862763477,-7.0,train,fit
9000001_1767670200,9000001,2026-01-06 03:30:00,9100390,2026-01-06 03:40:06.862763477,20.0,train,fit
9000001_1767670500,9000001,2026-01-06 03:35:00,9100393,2026-01-06 03:45:06.862763477,-11.0,train,fit
9000001_1767670800,9000001,2026-01-06 03:40:00,9100392,2026-01-06 03:50:06.862763477,-20.0,train,fit
9000001_1767671100,9000001,2026-01-06 03:45:00,9100385,2026-01-06 03:56:06.862763477,-2.0,train,fit
9000001_1767671400,9000001,2026-01-06 03:50:00,9100399,2026-01-06 04:01:06.862763477,-14.0,train,fit
9000001_1767671700,9000001,2026-01-06 03:55:00,9100412,2026-01-06 04:06:06.862763477,17.0,train,fit
9000001_1767672000,9000001,2026-01-06 04:00:00,9100372,2026-01-06 04:10:06.862763477,-5.0,train,fit
9000001_1767672600,9000001,2026-01-06 04:10:00,9100020,2026-01-06 04:20:06.862763477,11.0,train,fit
9000001_1767676800,9000001,2026-01-06 05:20:00,9100016,2026-01-06 05:31:06.862763477,-40.0,train,fit
9000001_1767677100,9000001,2026-01-06 05:25:00,9100004,2026-01-06 05:35:06.862763477,22.0,train,fit
9000001_1767677400,9000001,2026-01-06 05:30:00,9100010,2026-01-06 05:40:06.862763477,-61.0,train,fit
9000001_1767677700,9000001,2026-01-06 05:35:00,9100161,2026-01-06 05:47:06.862763477,-141.0,train,fit
9000001_1767678000,9000001,2026-01-06 05:40:00,9100377,2026-01-06 05:50:06.862763477,-99.0,train,fit
9000001_1767678300,9000001,2026-01-06 05:45:00,9100573,2026-01-06 05:55:06.862763477,-2.0,train,fit
9000001_1767678600,9000001,2026-01-06 05:50:00,9100227,2026-01-06 06:00:06.862763477,5.0,train,fit
9000001_1767678900,9000001,2026-01-06 05:55:00,9100543,2026-01-06 06:08:06.862763477,41.0,train,fit
9000001_1767679200,9000001,2026-01-06 06:00:00,9100270,2026-01-06 06:11:06.862763477,133.0,train,fit
9000001_1767679500,9000001,2026-01-06 06:05:00,9100556,2026-01-06 06:15:06.862763477,173.0,train,fit
9000001_1767679800,9000001,2026-01-06 06:10:00,9100002,2026-01-06 06:20:06.862763477,74.0,train,fit
9000001_1767683100,9000001,2026-01-06 07:05:00,9100291,2026-01-06 07:16:06.862763477,33.0,train,fit
9000001_1767683400,9000001,2026-01-06 07:10:00,9100200,2026-01-06 07:20:06.862763477,33.0,train,fit
9000001_1767683700,9000001,2026-01-06 07:15:00,9100305,2026-01-06 07:25:06.862763477,33.0,train,fit
9000001_1767684000,9000001,2026-01-06 07:20:00,9100222,2026-01-06 07:31:06.862763477,543.0,train,fit
9000001_1767684300,9000001,2026-01-06 07:25:00,9100252,2026-01-06 07:35:06.862763477,581.0,train,fit
9000001_1767684600,9000001,2026-01-06 07:30:00,9100566,2026-01-06 07:40:06.862763477,452.0,train,fit
9000001_1767684900,9000001,2026-01-06 07:35:00,9100574,2026-01-06 07:47:06.862763477,408.0,train,fit
9000001_1767685200,9000001,2026-01-06 07:40:00,9100307,2026-01-06 07:50:06.862763477,412.0,train,fit
9000001_1767685500,9000001,2026-01-06 07:45:00,9100557,2026-01-06 07:55:06.862763477,346.0,train,fit
9000001_1767685800,9000001,2026-01-06 07:50:00,9100564,2026-01-06 08:00:06.862763477,304.0,train,fit
9000001_1767686100,9000001,2026-01-06 07:55:00,9100216,2026-01-06 08:07:06.862763477,133.0,train,fit
9000001_1767686400,9000001,2026-01-06 08:00:00,9100336,2026-01-06 08:10:06.862763477,165.0,train,fit
9000001_1767686700,9000001,2026-01-06 08:05:00,9100229,2026-01-06 08:18:06.862763477,39.0,train,fit
9000001_1767687000,9000001,2026-01-06 08:10:00,9100555,2026-01-06 08:20:06.862763477,-50.0,train,fit
9000001_1767687300,9000001,2026-01-06 08:15:00,9100208,2026-01-06 08:25:06.862763477,-18.0,train,fit
9000001_1767687600,9000001,2026-01-06 08:20:00,9100365,2026-01-06 08:31:06.862763477,160.0,train,fit
9000001_1767687900,9000001,2026-01-06 08:25:00,9100453,2026-01-06 08:36:06.862763477,172.0,train,fit
9000001_1767688200,9000001,2026-01-06 08:30:00,9100234,2026-01-06 08:40:06.862763477,129.0,train,fit
9000001_1767688500,9000001,2026-01-06 08:35:00,9100023,2026-01-06 08:45:06.862763477,88.0,train,fit
9000001_1767688800,9000001,2026-01-06 08:40:00,9100221,2026-01-06 08:51:06.862763477,84.0,train,fit
9000001_1767689100,9000001,2026-01-06 08:45:00,9100265,2026-01-06 08:55:06.862763477,87.0,train,fit
9000001_1767689400,9000001,2026-01-06 08:50:00,9100215,2026-01-06 09:00:06.862763477,68.0,train,fit
9000001_1767689700,9000001,2026-01-06 08:55:00,9100245,2026-01-06 09:05:06.862763477,77.0,train,fit
9000001_1767690000,9000001,2026-01-06 09:00:00,9100335,2026-01-06 09:11:06.862763477,66.0,train,fit
9000001_1767690300,9000001,2026-01-06 09:05:00,9100374,2026-01-06 09:15:06.862763477,124.0,train,fit
9000001_1767690600,9000001,2026-01-06 09:10:00,9100240,2026-01-06 09:20:06.862763477,119.0,train,fit
9000001_1767691800,9000001,2026-01-06 09:30:00,9100293,2026-01-06 09:43:06.862763477,27.0,train,fit
9000001_1767692100,9000001,2026-01-06 09:35:00,9100298,2026-01-06 09:45:06.862763477,27.0,train,fit
9000001_1767692400,9000001,2026-01-06 09:40:00,9100299,2026-01-06 09:50:06.862763477,27.0,train,fit
9000001_1767692700,9000001,2026-01-06 09:45:00,9100308,2026-01-06 09:56:06.862763477,179.0,train,fit
9000001_1767693000,9000001,2026-01-06 09:50:00,9100364,2026-01-06 10:01:06.862763477,146.0,train,fit
9000001_1767693300,9000001,2026-01-06 09:55:00,9100171,2026-01-06 10:06:06.862763477,67.0,train,fit
9000001_1767693600,9000001,2026-01-06 10:00:00,9100250,2026-01-06 10:10:06.862763477,-88.0,train,fit
9000001_1767693900,9000001,2026-01-06 10:05:00,9100210,2026-01-06 10:16:06.862763477,-61.0,train,fit
9000001_1767694200,9000001,2026-01-06 10:10:00,9100639,2026-01-06 10:21:06.862763477,-135.0,train,fit
9000001_1767702000,9000001,2026-01-06 12:20:00,9100540,2026-01-06 12:30:06.862763477,380.0,train,fit
9000001_1767702300,9000001,2026-01-06 12:25:00,9100184,2026-01-06 12:35:06.862763477,317.0,train,fit
9000001_1767702600,9000001,2026-01-06 12:30:00,9100432,2026-01-06 12:40:06.862763477,315.0,train,fit
9000001_1767702900,9000001,2026-01-06 12:35:00,9100185,2026-01-06 12:45:06.862763477,208.0,train,fit
9000001_1767703200,9000001,2026-01-06 12:40:00,9100431,2026-01-06 12:50:06.862763477,177.0,train,fit
9000001_1767703500,9000001,2026-01-06 12:45:00,9100189,2026-01-06 12:55:06.862763477,143.0,train,fit
9000001_1767703800,9000001,2026-01-06 12:50:00,9100177,2026-01-06 13:00:06.862763477,116.0,train,fit
9000001_1767704100,9000001,2026-01-06 12:55:00,9100204,2026-01-06 13:06:06.862763477,120.0,train,fit
9000001_1767704400,9000001,2026-01-06 13:00:00,9100084,2026-01-06 13:11:06.862763477,90.0,train,fit
9000001_1767704700,9000001,2026-01-06 13:05:00,9100445,2026-01-06 13:15:06.862763477,77.0,train,fit
9000001_1767705000,9000001,2026-01-06 13:10:00,9100446,2026-01-06 13:20:06.862763477,98.0,train,fit
9000001_1767705300,9000001,2026-01-06 13:15:00,9100447,2026-01-06 13:26:06.862763477,7.0,train,fit
9000001_1767705600,9000001,2026-01-06 13:20:00,9100065,2026-01-06 13:31:06.862763477,-15.0,train,fit
9000001_1767705900,9000001,2026-01-06 13:25:00,9100451,2026-01-06 13:35:06.862763477,10.0,train,fit
9000001_1767706200,9000001,2026-01-06 13:30:00,9100063,2026-01-06 13:40:06.862763477,16.0,train,fit
9000001_1767706500,9000001,2026-01-06 13:35:00,9100071,2026-01-06 13:45:06.862763477,-21.0,train,fit
9000001_1767706800,9000001,2026-01-06 13:40:00,9100083,2026-01-06 13:51:06.862763477,-13.0,train,fit
9000001_1767707100,9000001,2026-01-06 13:45:00,9100078,2026-01-06 13:55:06.862763477,12.0,train,fit
9000001_1767707400,9000001,2026-01-06 13:50:00,9100439,2026-01-06 14:02:06.862763477,-17.0,train,fit
9000001_1767707700,9000001,2026-01-06 13:55:00,9100077,2026-01-06 14:05:06.862763477,23.0,train,fit
9000001_1767708000,9000001,2026-01-06 14:00:00,9100438,2026-01-06 14:10:06.862763477,-15.0,train,fit
9000001_1767708300,9000001,2026-01-06 14:05:00,9100066,2026-01-06 14:15:06.862763477,-31.0,train,fit
9000001_1767712800,9000001,2026-01-06 15:20:00,9100487,2026-01-06 15:31:06.862763477,166.0,train,fit
9000001_1767713100,9000001,2026-01-06 15:25:00,9100482,2026-01-06 15:35:06.862763477,36.0,train,fit
9000001_1767713400,9000001,2026-01-06 15:30:00,9100644,2026-01-06 15:40:06.862763477,64.0,train,fit
9000001_1767713700,9000001,2026-01-06 15:35:00,9100320,2026-01-06 15:45:06.862763477,14.0,train,fit
9000001_1767714000,9000001,2026-01-06 15:40:00,9100093,2026-01-06 15:50:06.862763477,97.0,train,fit
9000001_1767714300,9000001,2026-01-06 15:45:00,9100092,2026-01-06 15:56:06.862763477,65.0,train,fit
9000001_1767714600,9000001,2026-01-06 15:50:00,9100317,2026-01-06 16:00:06.862763477,-34.0,train,fit
9000001_1767714900,9000001,2026-01-06 15:55:00,9100094,2026-01-06 16:05:06.862763477,-8.0,train,fit
9000001_1767715200,9000001,2026-01-06 16:00:00,9100087,2026-01-06 16:12:06.862763477,2.0,train,fit
9000001_1767715500,9000001,2026-01-06 16:05:00,9100331,2026-01-06 16:15:06.862763477,24.0,train,fit
9000001_1767715800,9000001,2026-01-06 16:10:00,9100325,2026-01-06 16:22:06.862763477,-3.0,train,fit
9000001_1767720000,9000001,2026-01-06 17:20:00,9100103,2026-01-06 17:32:06.862763477,25.0,train,fit
9000001_1767720300,9000001,2026-01-06 17:25:00,9100107,2026-01-06 17:35:06.862763477,25.0,train,fit
9000001_1767720600,9000001,2026-01-06 17:30:00,9100105,2026-01-06 17:40:06.862763477,25.0,train,fit
9000001_1767720900,9000001,2026-01-06 17:35:00,9100607,2026-01-06 17:45:06.862763477,-344.0,train,fit
9000001_1767721200,9000001,2026-01-06 17:40:00,9100503,2026-01-06 17:50:06.862763477,-100.0,train,fit
9000001_1767721500,9000001,2026-01-06 17:45:00,9100504,2026-01-06 17:55:06.862763477,74.0,train,fit
9000001_1767721800,9000001,2026-01-06 17:50:00,9100611,2026-01-06 18:01:06.862763477,-34.0,train,fit
9000001_1767722100,9000001,2026-01-06 17:55:00,9100501,2026-01-06 18:05:06.862763477,-82.0,train,fit
9000001_1767722400,9000001,2026-01-06 18:00:00,9100615,2026-01-06 18:11:06.862763477,-167.0,train,fit
9000001_1767722700,9000001,2026-01-06 18:05:00,9100508,2026-01-06 18:16:06.862763477,-167.0,train,fit
9000001_1767723000,9000001,2026-01-06 18:10:00,9100608,2026-01-06 18:20:06.862763477,-194.0,train,fit
9000001_1767723300,9000001,2026-01-06 18:15:00,9100603,2026-01-06 18:25:06.862763477,-118.0,train,fit
9000001_1767723600,9000001,2026-01-06 18:20:00,9100275,2026-01-06 18:30:06.862763477,-115.0,train,fit
9000001_1767723900,9000001,2026-01-06 18:25:00,9100255,2026-01-06 18:35:06.862763477,-74.0,train,fit
9000001_1767724200,9000001,2026-01-06 18:30:00,9100259,2026-01-06 18:40:06.862763477,106.0,train,fit
9000001_1767724500,9000001,2026-01-06 18:35:00,9100253,2026-01-06 18:45:06.862763477,81.0,train,fit
9000001_1767724800,9000001,2026-01-06 18:40:00,9100348,2026-01-06 18:51:06.862763477,47.0,train,fit
9000001_1767725100,9000001,2026-01-06 18:45:00,9100370,2026-01-06 18:55:06.862763477,133.0,train,fit
9000001_1767725400,9000001,2026-01-06 18:50:00,9100112,2026-01-06 19:00:06.862763477,141.0,train,fit
9000001_1767725700,9000001,2026-01-06 18:55:00,9100380,2026-01-06 19:05:06.862763477,224.0,train,fit
9000001_1767726000,9000001,2026-01-06 19:00:00,9100167,2026-01-06 19:10:06.862763477,244.0,train,fit
9000001_1767726300,9000001,2026-01-06 19:05:00,9100057,2026-01-06 19:15:06.862763477,402.0,train,fit
9000001_1767726600,9000001,2026-01-06 19:10:00,9100164,2026-01-06 19:21:06.862763477,407.0,train,fit
9000001_1767727200,9000001,2026-01-06 19:20:00,9100631,2026-01-06 19:32:06.862763477,581.0,train,fit
9000001_1767728700,9000001,2026-01-06 19:45:00,9100626,2026-01-06 19:58:06.862763477,-58.0,train,fit
9000001_1767729000,9000001,2026-01-06 19:50:00,9100630,2026-01-06 20:00:06.862763477,-58.0,train,fit
9000001_1767729300,9000001,2026-01-06 19:55:00,9100628,2026-01-06 20:05:06.862763477,-58.0,train,fit
9000001_1767729600,9000001,2026-01-06 20:00:00,9100634,2026-01-06 20:10:06.862763477,-329.0,train,fit
9000001_1767729900,9000001,2026-01-06 20:05:00,9100239,2026-01-06 20:15:06.862763477,-136.0,train,fit
9000001_1767730200,9000001,2026-01-06 20:10:00,9100520,2026-01-06 20:20:06.862763477,94.0,train,fit
9000001_1767734400,9000001,2026-01-06 21:20:00,9100119,2026-01-06 21:30:06.862763477,4.0,train,fit
9000001_1767734700,9000001,2026-01-06 21:25:00,9100120,2026-01-06 21:35:06.862763477,-16.0,train,fit
9000001_1767735000,9000001,2026-01-06 21:30:00,9100137,2026-01-06 21:40:06.862763477,-13.0,train,fit
9000002_1767693000,9000002,2026-01-06 09:50:00,9200273,2026-01-06 10:00:06.194654096,32.0,train,fit
9000002_1767693300,9000002,2026-01-06 09:55:00,9200263,2026-01-06 10:05:06.194654096,-62.0,train,fit
9000002_1767693600,9000002,2026-01-06 10:00:00,9200275,2026-01-06 10:10:06.194654096,-112.0,train,fit
9000002_1767693900,9000002,2026-01-06 10:05:00,9200279,2026-01-06 10:15:06.194654096,-139.0,train,fit
9000002_1767694200,9000002,2026-01-06 10:10:00,9200235,2026-01-06 10:23:06.194654096,-185.0,train,fit
9000002_1767694500,9000002,2026-01-06 10:15:00,9200271,2026-01-06 10:25:06.194654096,-169.0,train,fit
9000002_1767694800,9000002,2026-01-06 10:20:00,9200274,2026-01-06 10:30:06.194654096,-192.0,train,fit
9000002_1767695100,9000002,2026-01-06 10:25:00,9200268,2026-01-06 10:36:06.194654096,-116.0,train,fit
9000002_1767695400,9000002,2026-01-06 10:30:00,9200237,2026-01-06 10:40:06.194654096,-113.0,train,fit
9000002_1767695700,9000002,2026-01-06 10:35:00,9200262,2026-01-06 10:45:06.194654096,-163.0,train,fit
9000002_1767696000,9000002,2026-01-06 10:40:00,9200257,2026-01-06 10:50:06.194654096,19.0,train,fit
9000002_1767697200,9000002,2026-01-06 11:00:00,9200028,2026-01-06 11:10:06.194654096,23.0,train,fit
9000002_1767697500,9000002,2026-01-06 11:05:00,9200176,2026-01-06 11:16:06.194654096,23.0,train,fit
9000002_1767697800,9000002,2026-01-06 11:10:00,9200175,2026-01-06 11:20:06.194654096,23.0,train,fit
9000002_1767698100,9000002,2026-01-06 11:15:00,9200038,2026-01-06 11:26:06.194654096,12.0,train,fit
9000002_1767698400,9000002,2026-01-06 11:20:00,9200017,2026-01-06 11:30:06.194654096,10.0,train,fit
9000002_1767698700,9000002,2026-01-06 11:25:00,9200023,2026-01-06 11:35:06.194654096,-1.0,train,fit
9000002_1767699000,9000002,2026-01-06 11:30:00,9200022,2026-01-06 11:40:06.194654096,30.0,train,fit
9000002_1767699300,9000002,2026-01-06 11:35:00,9200040,2026-01-06 11:46:06.194654096,-17.0,train,fit
9000002_1767699600,9000002,2026-01-06 11:40:00,9200042,2026-01-06 11:50:06.194654096,-39.0,train,fit
9000002_1767699900,9000002,2026-01-06 11:45:00,9200020,2026-01-06 11:56:06.194654096,12.0,train,fit
9000002_1767700200,9000002,2026-01-06 11:50:00,9200220,2026-01-06 12:00:06.194654096,-34.0,train,fit
9000002_1767700500,9000002,2026-01-06 11:55:00,9200186,2026-01-06 12:05:06.194654096,-33.0,train,fit
9000002_1767700800,9000002,2026-01-06 12:00:00,9200159,2026-01-06 12:10:06.194654096,-262.0,train,fit
9000002_1767701100,9000002,2026-01-06 12:05:00,9200164,2026-01-06 12:15:06.194654096,-120.0,train,fit
9000002_1767701400,9000002,2026-01-06 12:10:00,9200194,2026-01-06 12:23:06.194654096,-147.0,train,fit
9000002_1767701700,9000002,2026-01-06 12:15:00,9200193,2026-01-06 12:25:06.194654096,-113.0,train,fit
9000002_1767702000,9000002,2026-01-06 12:20:00,9200158,2026-01-06 12:30:06.194654096,-55.0,train,fit
9000002_1767702300,9000002,2026-01-06 12:25:00,9200190,2026-01-06 12:36:06.194654096,-128.0,train,fit
9000002_1767702600,9000002,2026-01-06 12:30:00,9200192,2026-01-06 12:40:06.194654096,-98.0,train,fit
9000002_1767702900,9000002,2026-01-06 12:35:00,9200046,2026-01-06 12:45:06.194654096,-72.0,train,fit
9000002_1767703200,9000002,2026-01-06 12:40:00,9200049,2026-01-06 12:50:06.194654096,46.0,train,fit
9000002_1767706200,9000002,2026-01-06 13:30:00,9200027,2026-01-06 13:40:06.194654096,49.0,train,fit
9000002_1767706500,9000002,2026-01-06 13:35:00,9200068,2026-01-06 13:46:06.194654096,49.0,train,fit
9000002_1767706800,9000002,2026-01-06 13:40:00,9200226,2026-01-06 13:50:06.194654096,49.0,train,fit
9000002_1767707100,9000002,2026-01-06 13:45:00,9200080,2026-01-06 13:56:06.194654096,30.0,train,fit
9000002_1767707400,9000002,2026-01-06 13:50:00,9200075,2026-01-06 14:00:06.194654096,-36.0,train,fit
9000002_1767707700,9000002,2026-01-06 13:55:00,9200060,2026-01-06 14:05:06.194654096,7.0,train,fit
9000002_1767708000,9000002,2026-01-06 14:00:00,9200073,2026-01-06 14:10:06.194654096,-10.0,train,fit
9000002_1767708300,9000002,2026-01-06 14:05:00,9200066,2026-01-06 14:16:06.194654096,6.0,train,fit
9000002_1767708600,9000002,2026-01-06 14:10:00,9200228,2026-01-06 14:20:06.194654096,-31.0,train,fit
9000002_1767708900,9000002,2026-01-06 14:15:00,9200067,2026-01-06 14:26:06.194654096,-14.0,train,fit
9000002_1767709200,9000002,2026-01-06 14:20:00,9200063,2026-01-06 14:30:06.194654096,41.0,train,fit
9000002_1767709500,9000002,2026-01-06 14:25:00,9200111,2026-01-06 14:35:06.194654096,24.0,train,fit
9000002_1767709800,9000002,2026-01-06 14:30:00,9200058,2026-01-06 14:40:06.194654096,24.0,train,fit
9000002_1767710100,9000002,2026-01-06 14:35:00,9200196,2026-01-06 14:45:06.194654096,0.0,train,fit
9000002_1767710400,9000002,2026-01-06 14:40:00,9200089,2026-01-06 14:53:06.194654096,-15.0,train,fit
9000002_1767710700,9000002,2026-01-06 14:45:00,9200093,2026-01-06 14:55:06.194654096,-20.0,train,fit
9000002_1767711000,9000002,2026-01-06 14:50:00,9200168,2026-01-06 15:00:06.194654096,21.0,train,fit
9000002_1767711300,9000002,2026-01-06 14:55:00,9200101,2026-01-06 15:06:06.194654096,-29.0,train,fit
9000002_1767711600,9000002,2026-01-06 15:00:00,9200108,2026-01-06 15:10:06.194654096,0.0,train,fit
9000002_1767711900,9000002,2026-01-06 15:05:00,9200110,2026-01-06 15:15:06.194654096,-17.0,train,fit
9000002_1767712200,9000002,2026-01-06 15:10:00,9200097,2026-01-06 15:20:06.194654096,-15.0,train,fit
9000002_1767712800,9000002,2026-01-06 15:20:00,9200134,2026-01-06 15:34:06.194654096,29.0,train,fit
9000002_1767713100,9000002,2026-01-06 15:25:00,9200118,2026-01-06 15:35:06.194654096,-1.0,train,fit
9000002_1767713400,9000002,2026-01-06 15:30:00,9200143,2026-01-06 15:40:06.194654096,-1.0,train,fit
9000002_1767713700,9000002,2026-01-06 15:35:00,9200120,2026-01-06 15:45:06.194654096,18.0,train,fit
9000002_1767714000,9000002,2026-01-06 15:40:00,9200127,2026-01-06 15:50:06.194654096,11.0,train,fit
9000002_1767714300,9000002,2026-01-06 15:45:00,9200124,2026-01-06 15:58:06.194654096,-10.0,train,fit
9000002_1767714600,9000002,2026-01-06 15:50:00,9200130,2026-01-06 16:00:06.194654096,-17.0,train,fit
9000002_1767714900,9000002,2026-01-06 15:55:00,9200009,2026-01-06 16:06:06.194654096,-11.0,train,fit
9000002_1767715200,9000002,2026-01-06 16:00:00,9200171,2026-01-06 16:10:06.194654096,-15.0,train,fit
9000002_1767715500,9000002,2026-01-06 16:05:00,9200115,2026-01-06 16:17:06.194654096,-28.0,train,fit
9000002_1767715800,9000002,2026-01-06 16:10:00,9200142,2026-01-06 16:20:06.194654096,36.0,train,fit
9000002_1767716100,9000002,2026-01-06 16:15:00,9200211,2026-01-06 16:25:06.194654096,-13.0,train,fit
9000002_1767716400,9000002,2026-01-06 16:20:00,9200212,2026-01-06 16:31:06.194654096,-1.0,train,fit
9000002_1767716700,9000002,2026-01-06 16:25:00,9200210,2026-01-06 16:36:06.194654096,-66.0,train,fit
9000002_1767717000,9000002,2026-01-06 16:30:00,9200200,2026-01-06 16:40:06.194654096,61.0,train,fit
9000002_1767717300,9000002,2026-01-06 16:35:00,9200203,2026-01-06 16:47:06.194654096,-52.0,train,fit
9000002_1767717600,9000002,2026-01-06 16:40:00,9200000,2026-01-06 16:50:06.194654096,-19.0,train,fit
9000003_1767692100,9000003,2026-01-06 09:35:00,9300256,2026-01-06 09:45:21.162361057,-3.0,train,fit
9000003_1767692400,9000003,2026-01-06 09:40:00,9300259,2026-01-06 09:51:21.162361057,-10.0,train,fit
9000003_1767692700,9000003,2026-01-06 09:45:00,9300277,2026-01-06 09:56:21.162361057,-179.0,train,fit
9000003_1767693000,9000003,2026-01-06 09:50:00,9300255,2026-01-06 10:00:21.162361057,-179.0,train,fit
9000003_1767693300,9000003,2026-01-06 09:55:00,9300235,2026-01-06 10:07:21.162361057,-159.0,train,fit
9000003_1767693600,9000003,2026-01-06 10:00:00,9300270,2026-01-06 10:10:21.162361057,-221.0,train,fit
9000003_1767693900,9000003,2026-01-06 10:05:00,9300147,2026-01-06 10:16:21.162361057,-220.0,train,fit
9000003_1767694200,9000003,2026-01-06 10:10:00,9300268,2026-01-06 10:20:21.162361057,-130.0,train,fit
9000003_1767694500,9000003,2026-01-06 10:15:00,9300269,2026-01-06 10:26:21.162361057,-64.0,train,fit
9000003_1767694800,9000003,2026-01-06 10:20:00,9300261,2026-01-06 10:30:21.162361057,-116.0,train,fit
9000003_1767695100,9000003,2026-01-06 10:25:00,9300180,2026-01-06 10:35:21.162361057,33.0,train,fit
9000003_1767696000,9000003,2026-01-06 10:40:00,9300028,2026-01-06 10:54:21.162361057,3.0,train,fit
9000003_1767696300,9000003,2026-01-06 10:45:00,9300030,2026-01-06 10:55:21.162361057,3.0,train,fit
9000003_1767696600,9000003,2026-01-06 10:50:00,9300176,2026-01-06 11:00:21.162361057,3.0,train,fit
9000003_1767696900,9000003,2026-01-06 10:55:00,9300034,2026-01-06 11:05:21.162361057,-5.0,train,fit
9000003_1767697200,9000003,2026-01-06 11:00:00,9300038,2026-01-06 11:10:21.162361057,-7.0,train,fit
9000003_1767697500,9000003,2026-01-06 11:05:00,9300179,2026-01-06 11:18:21.162361057,15.0,train,fit
9000003_1767697800,9000003,2026-01-06 11:10:00,9300025,2026-01-06 11:20:21.162361057,17.0,train,fit
9000003_1767698100,9000003,2026-01-06 11:15:00,9300014,2026-01-06 11:26:21.162361057,-2.0,train,fit
9000003_1767698400,9000003,2026-01-06 11:20:00,9300040,2026-01-06 11:30:21.162361057,-7.0,train,fit
9000003_1767698700,9000003,2026-01-06 11:25:00,9300018,2026-01-06 11:37:21.162361057,4.0,train,fit
9000003_1767699000,9000003,2026-01-06 11:30:00,9300020,2026-01-06 11:40:21.162361057,4.0,train,fit
9000003_1767699300,9000003,2026-01-06 11:35:00,9300183,2026-01-06 11:45:21.162361057,33.0,train,fit
9000003_1767699600,9000003,2026-01-06 11:40:00,9300191,2026-01-06 11:51:21.162361057,-25.0,train,fit
9000003_1767699900,9000003,2026-01-06 11:45:00,9300161,2026-01-06 11:56:21.162361057,-244.0,train,fit
9000003_1767700200,9000003,2026-01-06 11:50:00,9300195,2026-01-06 12:00:21.162361057,-99.0,train,fit
9000003_1767700500,9000003,2026-01-06 11:55:00,9300194,2026-01-06 12:07:21.162361057,-100.0,train,fit
9000003_1767700800,9000003,2026-01-06 12:00:00,9300156,2026-01-06 12:10:21.162361057,-29.0,train,fit
9000003_1767701100,9000003,2026-01-06 12:05:00,9300162,2026-01-06 12:16:21.162361057,-72.0,train,fit
9000003_1767701400,9000003,2026-01-06 12:10:00,9300190,2026-01-06 12:20:21.162361057,-202.0,train,fit
9000003_1767701700,9000003,2026-01-06 12:15:00,9300154,2026-01-06 12:26:21.162361057,-49.0,train,fit
9000003_1767702000,9000003,2026-01-06 12:20:00,9300047,2026-01-06 12:30:21.162361057,-101.0,train,fit
9000003_1767702300,9000003,2026-01-06 12:25:00,9300182,2026-01-06 12:35:21.162361057,56.0,train,fit
9000003_1767705000,9000003,2026-01-06 13:10:00,9300027,2026-01-06 13:24:21.162361057,91.0,train,fit
9000003_1767705300,9000003,2026-01-06 13:15:00,9300064,2026-01-06 13:25:21.162361057,91.0,train,fit
9000003_1767705600,9000003,2026-01-06 13:20:00,9300068,2026-01-06 13:30:21.162361057,91.0,train,fit
9000003_1767705900,9000003,2026-01-06 13:25:00,9300225,2026-01-06 13:35:21.162361057,8.0,train,fit
9000003_1767706200,9000003,2026-01-06 13:30:00,9300080,2026-01-06 13:40:21.162361057,12.0,train,fit
9000003_1767706500,9000003,2026-01-06 13:35:00,9300059,2026-01-06 13:48:21.162361057,-17.0,train,fit
9000003_1767706800,9000003,2026-01-06 13:40:00,9300061,2026-01-06 13:50:21.162361057,6.0,train,fit
9000003_1767707100,9000003,2026-01-06 13:45:00,9300074,2026-01-06 13:56:21.162361057,-19.0,train,fit
9000003_1767707400,9000003,2026-01-06 13:50:00,9300066,2026-01-06 14:00:21.162361057,-11.0,train,fit
9000003_1767707700,9000003,2026-01-06 13:55:00,9300085,2026-01-06 14:07:21.162361057,-4.0,train,fit
9000003_1767708000,9000003,2026-01-06 14:00:00,9300067,2026-01-06 14:10:21.162361057,-13.0,train,fit
9000003_1767708300,9000003,2026-01-06 14:05:00,9300169,2026-01-06 14:15:21.162361057,11.0,train,fit
9000003_1767708600,9000003,2026-01-06 14:10:00,9300197,2026-01-06 14:21:21.162361057,-20.0,train,fit
9000003_1767708900,9000003,2026-01-06 14:15:00,9300088,2026-01-06 14:26:21.162361057,-7.0,train,fit
9000003_1767709200,9000003,2026-01-06 14:20:00,9300057,2026-01-06 14:30:21.162361057,42.0,train,fit
9000003_1767709500,9000003,2026-01-06 14:25:00,9300089,2026-01-06 14:37:21.162361057,8.0,train,fit
9000003_1767709800,9000003,2026-01-06 14:30:00,9300094,2026-01-06 14:40:21.162361057,-17.0,train,fit
9000003_1767710100,9000003,2026-01-06 14:35:00,9300087,2026-01-06 14:46:21.162361057,-11.0,train,fit
9000003_1767710400,9000003,2026-01-06 14:40:00,9300101,2026-01-06 14:50:21.162361057,46.0,train,fit
9000003_1767710700,9000003,2026-01-06 14:45:00,9300109,2026-01-06 14:56:21.162361057,-8.0,train,fit
9000003_1767711000,9000003,2026-01-06 14:50:00,9300092,2026-01-06 15:00:21.162361057,-24.0,train,fit
9000003_1767711300,9000003,2026-01-06 14:55:00,9300098,2026-01-06 15:05:21.162361057,0.0,train,fit
9000003_1767711900,9000003,2026-01-06 15:05:00,9300134,2026-01-06 15:18:21.162361057,-5.0,train,fit
9000003_1767712200,9000003,2026-01-06 15:10:00,9300114,2026-01-06 15:20:21.162361057,-27.0,train,fit
9000003_1767712500,9000003,2026-01-06 15:15:00,9300133,2026-01-06 15:25:21.162361057,-27.0,train,fit
9000003_1767712800,9000003,2026-01-06 15:20:00,9300117,2026-01-06 15:30:21.162361057,3.0,train,fit
9000003_1767713100,9000003,2026-01-06 15:25:00,9300126,2026-01-06 15:36:21.162361057,-17.0,train,fit
9000003_1767713400,9000003,2026-01-06 15:30:00,9300124,2026-01-06 15:42:21.162361057,-5.0,train,fit
9000003_1767713700,9000003,2026-01-06 15:35:00,9300129,2026-01-06 15:45:21.162361057,5.0,train,fit
9000003_1767714000,9000003,2026-01-06 15:40:00,9300009,2026-01-06 15:50:21.162361057,-1.0,train,fit
9000003_1767714300,9000003,2026-01-06 15:45:00,9300170,2026-01-06 15:56:21.162361057,-4.0,train,fit
9000003_1767714600,9000003,2026-01-06 15:50:00,9300115,2026-01-06 16:01:21.162361057,-14.0,train,fit
9000003_1767714900,9000003,2026-01-06 15:55:00,9300218,2026-01-06 16:06:21.162361057,9.0,train,fit
9000003_1767715200,9000003,2026-01-06 16:00:00,9300202,2026-01-06 16:11:21.162361057,10.0,train,fit
9000003_1767715500,9000003,2026-01-06 16:05:00,9300212,2026-01-06 16:15:21.162361057,29.0,train,fit
9000003_1767715800,9000003,2026-01-06 16:10:00,9300210,2026-01-06 16:20:21.162361057,-18.0,train,fit
9000003_1767716100,9000003,2026-01-06 16:15:00,9300204,2026-01-06 16:25:21.162361057,60.0,train,fit
9000003_1767716400,9000003,2026-01-06 16:20:00,9300203,2026-01-06 16:31:21.162361057,-31.0,train,fit
9000003_1767716700,9000003,2026-01-06 16:25:00,9300215,2026-01-06 16:35:21.162361057,-19.0,train,fit
9000004_1767680700,9000004,2026-01-06 06:25:00,9400011,2026-01-06 06:35:42.880133799,-11.0,train,fit
9000004_1767681000,9000004,2026-01-06 06:30:00,9400012,2026-01-06 06:42:42.880133799,-19.0,train,fit
9000004_1767681300,9000004,2026-01-06 06:35:00,9400009,2026-01-06 06:47:42.880133799,-29.0,train,fit
9000004_1767681600,9000004,2026-01-06 06:40:00,9400004,2026-01-06 06:50:42.880133799,-9.0,train,fit
9000004_1767681900,9000004,2026-01-06 06:45:00,9400203,2026-01-06 06:56:42.880133799,21.0,train,fit
9000004_1767682200,9000004,2026-01-06 06:50:00,9400227,2026-01-06 07:00:42.880133799,22.0,train,fit
9000004_1767682500,9000004,2026-01-06 06:55:00,9400226,2026-01-06 07:07:42.880133799,22.0,train,fit
9000004_1767682800,9000004,2026-01-06 07:00:00,9400209,2026-01-06 07:11:42.880133799,142.0,train,fit
9000004_1767683100,9000004,2026-01-06 07:05:00,9400206,2026-01-06 07:15:42.880133799,126.0,train,fit
9000004_1767683400,9000004,2026-01-06 07:10:00,9400215,2026-01-06 07:21:42.880133799,209.0,train,fit
9000004_1767683700,9000004,2026-01-06 07:15:00,9400015,2026-01-06 07:29:42.880133799,60.0,train,fit
9000004_1767687900,9000004,2026-01-06 08:25:00,9400249,2026-01-06 08:36:42.880133799,-30.0,train,fit
9000004_1767688200,9000004,2026-01-06 08:30:00,9400027,2026-01-06 08:41:42.880133799,-38.0,train,fit
9000004_1767688500,9000004,2026-01-06 08:35:00,9400021,2026-01-06 08:46:42.880133799,-43.0,train,fit
9000004_1767688800,9000004,2026-01-06 08:40:00,9400020,2026-01-06 08:52:42.880133799,-32.0,train,fit
9000004_1767689100,9000004,2026-01-06 08:45:00,9400252,2026-01-06 08:55:42.880133799,-48.0,train,fit
9000004_1767689400,9000004,2026-01-06 08:50:00,9400023,2026-01-06 09:00:42.880133799,-17.0,train,fit
9000004_1767689700,9000004,2026-01-06 08:55:00,9400022,2026-01-06 09:05:42.880133799,-59.0,train,fit
9000004_1767694200,9000004,2026-01-06 10:10:00,9400262,2026-01-06 10:24:42.880133799,-10.0,train,fit
9000004_1767694500,9000004,2026-01-06 10:15:00,9400264,2026-01-06 10:25:42.880133799,-10.0,train,fit
9000004_1767694800,9000004,2026-01-06 10:20:00,9400267,2026-01-06 10:30:42.880133799,-10.0,train,fit
9000004_1767695100,9000004,2026-01-06 10:25:00,9400261,2026-01-06 10:35:42.880133799,-55.0,train,fit
9000004_1767695400,9000004,2026-01-06 10:30:00,9400258,2026-01-06 10:41:42.880133799,77.0,train,fit
9000004_1767695700,9000004,2026-01-06 10:35:00,9400254,2026-01-06 10:46:42.880133799,281.0,train,fit
9000004_1767696300,9000004,2026-01-06 10:45:00,9400066,2026-01-06 10:55:42.880133799,305.0,train,fit
9000004_1767696600,9000004,2026-01-06 10:50:00,9400075,2026-01-06 11:00:42.880133799,385.0,train,fit
9000004_1767696900,9000004,2026-01-06 10:55:00,9400061,2026-01-06 11:07:42.880133799,385.0,train,fit
9000004_1767697200,9000004,2026-01-06 11:00:00,9400065,2026-01-06 11:13:42.880133799,-8.0,train,fit
9000004_1767697500,9000004,2026-01-06 11:05:00,9400067,2026-01-06 11:16:42.880133799,-24.0,train,fit
9000004_1767697800,9000004,2026-01-06 11:10:00,9400073,2026-01-06 11:21:42.880133799,-9.0,train,fit
9000004_1767698100,9000004,2026-01-06 11:15:00,9400072,2026-01-06 11:25:42.880133799,-23.0,train,fit
9000004_1767698400,9000004,2026-01-06 11:20:00,9400042,2026-01-06 11:30:42.880133799,-40.0,train,fit
9000004_1767698700,9000004,2026-01-06 11:25:00,9400041,2026-01-06 11:36:42.880133799,-15.0,train,fit
9000004_1767699000,9000004,2026-01-06 11:30:00,9400033,2026-01-06 11:41:42.880133799,10.0,train,fit
9000004_1767699300,9000004,2026-01-06 11:35:00,9400032,2026-01-06 11:45:42.880133799,62.0,train,fit
9000004_1767699600,9000004,2026-01-06 11:40:00,9400078,2026-01-06 11:50:42.880133799,196.0,train,fit
9000004_1767699900,9000004,2026-01-06 11:45:00,9400080,2026-01-06 11:55:42.880133799,261.0,train,fit
9000004_1767700200,9000004,2026-01-06 11:50:00,9400085,2026-01-06 12:01:42.880133799,112.0,train,fit
9000004_1767700500,9000004,2026-01-06 11:55:00,9400091,2026-01-06 12:06:42.880133799,119.0,train,fit
9000004_1767700800,9000004,2026-01-06 12:00:00,9400093,2026-01-06 12:10:42.880133799,146.0,train,fit
9000004_1767701100,9000004,2026-01-06 12:05:00,9400086,2026-01-06 12:19:42.880133799,-26.0,train,fit
9000004_1767701400,9000004,2026-01-06 12:10:00,9400095,2026-01-06 12:22:42.880133799,-16.0,train,fit
9000004_1767701700,9000004,2026-01-06 12:15:00,9400096,2026-01-06 12:27:42.880133799,-3.0,train,fit
9000004_1767702000,9000004,2026-01-06 12:20:00,9400097,2026-01-06 12:30:42.880133799,-2.0,train,fit
9000004_1767702300,9000004,2026-01-06 12:25:00,9400046,2026-01-06 12:36:42.880133799,-34.0,train,fit
9000004_1767702600,9000004,2026-01-06 12:30:00,9400060,2026-01-06 12:40:42.880133799,19.0,train,fit
9000004_1767702900,9000004,2026-01-06 12:35:00,9400059,2026-01-06 12:47:42.880133799,-4.0,train,fit
9000004_1767703200,9000004,2026-01-06 12:40:00,9400058,2026-01-06 12:51:42.880133799,215.0,train,fit
9000004_1767703500,9000004,2026-01-06 12:45:00,9400053,2026-01-06 12:55:42.880133799,320.0,train,fit
9000004_1767711600,9000004,2026-01-06 15:00:00,9400130,2026-01-06 15:14:42.880133799,-17.0,train,fit
9000004_1767711900,9000004,2026-01-06 15:05:00,9400128,2026-01-06 15:15:42.880133799,-17.0,train,fit
9000004_1767712200,9000004,2026-01-06 15:10:00,9400114,2026-01-06 15:20:42.880133799,-17.0,train,fit
9000004_1767712500,9000004,2026-01-06 15:15:00,9400102,2026-01-06 15:25:42.880133799,25.0,train,fit
9000004_1767712800,9000004,2026-01-06 15:20:00,9400104,2026-01-06 15:31:42.880133799,59.0,train,fit
9000004_1767713100,9000004,2026-01-06 15:25:00,9400147,2026-01-06 15:36:42.880133799,180.0,train,fit
9000004_1767713700,9000004,2026-01-06 15:35:00,9400152,2026-01-06 15:45:42.880133799,365.0,train,fit
9000004_1767714000,9000004,2026-01-06 15:40:00,9400150,2026-01-06 15:50:42.880133799,387.0,train,fit
9000004_1767714300,9000004,2026-01-06 15:45:00,9400144,2026-01-06 15:57:42.880133799,387.0,train,fit
9000004_1767714600,9000004,2026-01-06 15:50:00,9400156,2026-01-06 16:03:42.880133799,-2.0,train,fit
9000004_1767714900,9000004,2026-01-06 15:55:00,9400155,2026-01-06 16:06:42.880133799,-20.0,train,fit
9000004_1767715200,9000004,2026-01-06 16:00:00,9400154,2026-01-06 16:11:42.880133799,11.0,train,fit
9000004_1767715500,9000004,2026-01-06 16:05:00,9400163,2026-01-06 16:15:42.880133799,24.0,train,fit
9000004_1767716400,9000004,2026-01-06 16:20:00,9400133,2026-01-06 16:30:42.880133799,-33.0,train,fit
9000004_1767716700,9000004,2026-01-06 16:25:00,9400136,2026-01-06 16:36:42.880133799,-33.0,train,fit
9000004_1767717000,9000004,2026-01-06 16:30:00,9400139,2026-01-06 16:41:42.880133799,-33.0,train,fit
9000004_1767717300,9000004,2026-01-06 16:35:00,9400131,2026-01-06 16:45:42.880133799,-12.0,train,fit
9000004_1767717600,9000004,2026-01-06 16:40:00,9400164,2026-01-06 16:50:42.880133799,67.0,train,fit
9000004_1767718200,9000004,2026-01-06 16:50:00,9400170,2026-01-06 17:00:42.880133799,59.0,train,fit
9000004_1767718500,9000004,2026-01-06 16:55:00,9400173,2026-01-06 17:06:42.880133799,116.0,train,fit
9000004_1767718800,9000004,2026-01-06 17:00:00,9400171,2026-01-06 17:11:42.880133799,116.0,train,fit
9000004_1767719100,9000004,2026-01-06 17:05:00,9400176,2026-01-06 17:16:42.880133799,19.0,train,fit
9000004_1767719400,9000004,2026-01-06 17:10:00,9400169,2026-01-06 17:21:42.880133799,-4.0,train,fit
9000004_1767719700,9000004,2026-01-06 17:15:00,9400179,2026-01-06 17:26:42.880133799,10.0,train,fit
9000005_1767683400,9000005,2026-01-06 07:10:00,9500200,2026-01-06 07:22:27.113719859,190.0,train,fit
9000005_1767683700,9000005,2026-01-06 07:15:00,9500202,2026-01-06 07:27:27.113719859,-4.0,train,fit
9000005_1767684000,9000005,2026-01-06 07:20:00,9500012,2026-01-06 07:30:27.113719859,-25.0,train,fit
9000005_1767684300,9000005,2026-01-06 07:25:00,9500009,2026-01-06 07:35:27.113719859,-19.0,train,fit
9000005_1767684600,9000005,2026-01-06 07:30:00,9500201,2026-01-06 07:40:27.113719859,-30.0,train,fit
9000005_1767684900,9000005,2026-01-06 07:35:00,9500211,2026-01-06 07:45:27.113719859,-21.0,train,fit
9000005_1767685200,9000005,2026-01-06 07:40:00,9500204,2026-01-06 07:50:27.113719859,0.0,train,fit
9000005_1767685500,9000005,2026-01-06 07:45:00,9500226,2026-01-06 07:55:27.113719859,-30.0,train,fit
9000005_1767685800,9000005,2026-01-06 07:50:00,9500228,2026-01-06 08:01:27.113719859,36.0,train,fit
9000005_1767686100,9000005,2026-01-06 07:55:00,9500213,2026-01-06 08:06:27.113719859,109.0,train,fit
9000005_1767690600,9000005,2026-01-06 09:10:00,9500270,2026-01-06 09:22:27.113719859,3.0,train,fit
9000005_1767690900,9000005,2026-01-06 09:15:00,9500250,2026-01-06 09:27:27.113719859,-42.0,train,fit
9000005_1767691200,9000005,2026-01-06 09:20:00,9500025,2026-01-06 09:30:27.113719859,-18.0,train,fit
9000005_1767691500,9000005,2026-01-06 09:25:00,9500024,2026-01-06 09:35:27.113719859,-41.0,train,fit
9000005_1767691800,9000005,2026-01-06 09:30:00,9500020,2026-01-06 09:40:27.113719859,-5.0,train,fit
9000005_1767692100,9000005,2026-01-06 09:35:00,9500253,2026-01-06 09:45:27.113719859,-21.0,train,fit
9000005_1767692400,9000005,2026-01-06 09:40:00,9500251,2026-01-06 09:50:27.113719859,-5.0,train,fit
9000005_1767697200,9000005,2026-01-06 11:00:00,9500262,2026-01-06 11:12:27.113719859,-45.0,train,fit
9000005_1767697500,9000005,2026-01-06 11:05:00,9500077,2026-01-06 11:16:27.113719859,-45.0,train,fit
9000005_1767697800,9000005,2026-01-06 11:10:00,9500266,2026-01-06 11:20:27.113719859,-45.0,train,fit
9000005_1767698100,9000005,2026-01-06 11:15:00,9500257,2026-01-06 11:25:27.113719859,90.0,train,fit
9000005_1767698400,9000005,2026-01-06 11:20:00,9500268,2026-01-06 11:30:27.113719859,232.0,train,fit
9000005_1767698700,9000005,2026-01-06 11:25:00,9500030,2026-01-06 11:35:27.113719859,378.0,train,fit
9000005_1767699000,9000005,2026-01-06 11:30:00,9500066,2026-01-06 11:43:27.113719859,302.0,train,fit
9000005_1767699300,9000005,2026-01-06 11:35:00,9500076,2026-01-06 11:45:27.113719859,321.0,train,fit
9000005_1767699600,9000005,2026-01-06 11:40:00,9500074,2026-01-06 11:50:27.113719859,359.0,train,fit
9000005_1767699900,9000005,2026-01-06 11:45:00,9500061,2026-01-06 11:55:27.113719859,-3.0,train,fit
9000005_1767700200,9000005,2026-01-06 11:50:00,9500065,2026-01-06 12:01:27.113719859,23.0,train,fit
9000005_1767700500,9000005,2026-01-06 11:55:00,9500068,2026-01-06 12:06:27.113719859,-5.0,train,fit
9000005_1767700800,9000005,2026-01-06 12:00:00,9500064,2026-01-06 12:11:27.113719859,-3.0,train,fit
9000005_1767701100,9000005,2026-01-06 12:05:00,9500042,2026-01-06 12:18:27.113719859,9.0,train,fit
9000005_1767701400,9000005,2026-01-06 12:10:00,9500040,2026-01-06 12:20:27.113719859,9.0,train,fit
9000005_1767701700,9000005,2026-01-06 12:15:00,9500039,2026-01-06 12:26:27.113719859,24.0,train,fit
9000005_1767702000,9000005,2026-01-06 12:20:00,9500036,2026-01-06 12:30:27.113719859,69.0,train,fit
9000005_1767702300,9000005,2026-01-06 12:25:00,9500038,2026-01-06 12:35:27.113719859,204.0,train,fit
9000005_1767702600,9000005,2026-01-06 12:30:00,9500081,2026-01-06 12:40:27.113719859,232.0,train,fit
9000005_1767702900,9000005,2026-01-06 12:35:00,9500085,2026-01-06 12:49:27.113719859,192.0,train,fit
9000005_1767703200,9000005,2026-01-06 12:40:00,9500092,2026-01-06 12:51:27.113719859,139.0,train,fit
9000005_1767703500,9000005,2026-01-06 12:45:00,9500083,2026-01-06 12:56:27.113719859,123.0,train,fit
9000005_1767703800,9000005,2026-01-06 12:50:00,9500089,2026-01-06 13:01:27.113719859,-7.0,train,fit
9000005_1767704100,9000005,2026-01-06 12:55:00,9500086,2026-01-06 13:07:27.113719859,9.0,train,fit
9000005_1767704400,9000005,2026-01-06 13:00:00,9500095,2026-01-06 13:10:27.113719859,-21.0,train,fit
9000005_1767704700,9000005,2026-01-06 13:05:00,9500096,2026-01-06 13:15:27.113719859,-5.0,train,fit
9000005_1767705000,9000005,2026-01-06 13:10:00,9500098,2026-01-06 13:20:27.113719859,-31.0,train,fit
9000005_1767705300,9000005,2026-01-06 13:15:00,9500048,2026-01-06 13:25:27.113719859,11.0,train,fit
9000005_1767705600,9000005,2026-01-06 13:20:00,9500051,2026-01-06 13:30:27.113719859,-9.0,train,fit
9000005_1767705900,9000005,2026-01-06 13:25:00,9500059,2026-01-06 13:35:27.113719859,76.0,train,fit
9000005_1767706200,9000005,2026-01-06 13:30:00,9500056,2026-01-06 13:41:27.113719859,139.0,train,fit
9000005_1767714600,9000005,2026-01-06 15:50:00,9500130,2026-01-06 16:02:27.113719859,-26.0,train,fit
9000005_1767714900,9000005,2026-01-06 15:55:00,9500112,2026-01-06 16:06:27.113719859,-26.0,train,fit
9000005_1767715200,9000005,2026-01-06 16:00:00,9500115,2026-01-06 16:10:27.113719859,-26.0,train,fit
9000005_1767715500,9000005,2026-01-06 16:05:00,9500109,2026-01-06 16:15:27.113719859,77.0,train,fit
9000005_1767715800,9000005,2026-01-06 16:10:00,9500113,2026-01-06 16:20:27.113719859,92.0,train,fit
9000005_1767716100,9000005,2026-01-06 16:15:00,9500146,2026-01-06 16:25:27.113719859,261.0,train,fit
9000005_1767716400,9000005,2026-01-06 16:20:00,9500152,2026-01-06 16:33:27.113719859,326.0,train,fit
9000005_1767716700,9000005,2026-01-06 16:25:00,9500157,2026-01-06 16:35:27.113719859,363.0,train,fit
9000005_1767717000,9000005,2026-01-06 16:30:00,9500160,2026-01-06 16:40:27.113719859,368.0,train,fit
9000005_1767717300,9000005,2026-01-06 16:35:00,9500144,2026-01-06 16:45:27.113719859,27.0,train,fit
9000005_1767717600,9000005,2026-01-06 16:40:00,9500156,2026-01-06 16:51:27.113719859,3.0,train,fit
9000005_1767717900,9000005,2026-01-06 16:45:00,9500158,2026-01-06 16:56:27.113719859,14.0,train,fit
9000005_1767718200,9000005,2026-01-06 16:50:00,9500153,2026-01-06 17:01:27.113719859,-23.0,train,fit
9000005_1767719100,9000005,2026-01-06 17:05:00,9500133,2026-01-06 17:18:27.113719859,31.0,train,fit
9000005_1767719400,9000005,2026-01-06 17:10:00,9500140,2026-01-06 17:20:27.113719859,31.0,train,fit
9000005_1767719700,9000005,2026-01-06 17:15:00,9500137,2026-01-06 17:26:27.113719859,31.0,train,fit
9000005_1767720000,9000005,2026-01-06 17:20:00,9500132,2026-01-06 17:30:27.113719859,54.0,train,fit
9000005_1767720300,9000005,2026-01-06 17:25:00,9500142,2026-01-06 17:35:27.113719859,26.0,train,fit
9000005_1767720600,9000005,2026-01-06 17:30:00,9500159,2026-01-06 17:40:27.113719859,75.0,train,fit
9000005_1767720900,9000005,2026-01-06 17:35:00,9500170,2026-01-06 17:48:27.113719859,192.0,train,fit
9000005_1767721200,9000005,2026-01-06 17:40:00,9500174,2026-01-06 17:50:27.113719859,110.0,train,fit
9000005_1767721500,9000005,2026-01-06 17:45:00,9500172,2026-01-06 17:55:27.113719859,71.0,train,fit
9000005_1767721800,9000005,2026-01-06 17:50:00,9500180,2026-01-06 18:00:27.113719859,25.0,train,fit
9000005_1767722100,9000005,2026-01-06 17:55:00,9500175,2026-01-06 18:07:27.113719859,6.0,train,fit
9000005_1767722400,9000005,2026-01-06 18:00:00,9500178,2026-01-06 18:12:27.113719859,-12.0,train,fit
9000005_1767722700,9000005,2026-01-06 18:05:00,9500183,2026-01-06 18:15:27.113719859,2.0,train,fit
9000006_1767666900,9000006,2026-01-06 02:35:00,9600014,2026-01-06 02:46:43.517831573,0.0,train,fit
9000006_1767667200,9000006,2026-01-06 02:40:00,9600018,2026-01-06 02:50:43.517831573,0.0,train,fit
9000006_1767667500,9000006,2026-01-06 02:45:00,9600024,2026-01-06 02:55:43.517831573,0.0,train,fit
9000006_1767667800,9000006,2026-01-06 02:50:00,9600034,2026-01-06 03:00:43.517831573,-44.0,train,fit
9000006_1767668100,9000006,2026-01-06 02:55:00,9600508,2026-01-06 03:06:43.517831573,-7.0,train,fit
9000006_1767668400,9000006,2026-01-06 03:00:00,9600482,2026-01-06 03:10:43.517831573,-111.0,train,fit
9000006_1767668700,9000006,2026-01-06 03:05:00,9600526,2026-01-06 03:15:43.517831573,15.0,train,fit
9000006_1767669000,9000006,2026-01-06 03:10:00,9600514,2026-01-06 03:21:43.517831573,24.0,train,fit
9000006_1767669300,9000006,2026-01-06 03:15:00,9600536,2026-01-06 03:25:43.517831573,-4.0,train,fit
9000006_1767669600,9000006,2026-01-06 03:20:00,9600355,2026-01-06 03:30:43.517831573,15.0,train,fit
9000006_1767669900,9000006,2026-01-06 03:25:00,9600358,2026-01-06 03:35:43.517831573,-19.0,train,fit
9000006_1767670200,9000006,2026-01-06 03:30:00,9600362,2026-01-06 03:40:43.517831573,-9.0,train,fit
9000006_1767670500,9000006,2026-01-06 03:35:00,9600025,2026-01-06 03:49:43.517831573,-69.0,train,fit
9000006_1767670800,9000006,2026-01-06 03:40:00,9600023,2026-01-06 03:50:43.517831573,-22.0,train,fit
9000006_1767671100,9000006,2026-01-06 03:45:00,9600168,2026-01-06 03:55:43.517831573,-32.0,train,fit
9000006_1767671400,9000006,2026-01-06 03:50:00,9600022,2026-01-06 04:00:43.517831573,-16.0,train,fit
9000006_1767671700,9000006,2026-01-06 03:55:00,9600133,2026-01-06 04:05:43.517831573,-18.0,train,fit
9000006_1767672000,9000006,2026-01-06 04:00:00,9600044,2026-01-06 04:10:43.517831573,21.0,train,fit
9000006_1767672300,9000006,2026-01-06 04:05:00,9600140,2026-01-06 04:15:43.517831573,-16.0,train,fit
9000006_1767672600,9000006,2026-01-06 04:10:00,9600159,2026-01-06 04:20:43.517831573,57.0,train,fit
9000006_1767672900,9000006,2026-01-06 04:15:00,9600162,2026-01-06 04:25:43.517831573,99.0,train,fit
9000006_1767673200,9000006,2026-01-06 04:20:00,9600143,2026-01-06 04:30:43.517831573,-19.0,train,fit
9000006_1767673500,9000006,2026-01-06 04:25:00,9600148,2026-01-06 04:35:43.517831573,-43.0,train,fit
9000006_1767673800,9000006,2026-01-06 04:30:00,9600132,2026-01-06 04:40:43.517831573,49.0,train,fit
9000006_1767674100,9000006,2026-01-06 04:35:00,9600129,2026-01-06 04:45:43.517831573,-34.0,train,fit
9000006_1767674400,9000006,2026-01-06 04:40:00,9600003,2026-01-06 04:54:43.517831573,17.0,train,fit
9000006_1767674700,9000006,2026-01-06 04:45:00,9600009,2026-01-06 04:55:43.517831573,-7.0,train,fit
9000006_1767675000,9000006,2026-01-06 04:50:00,9600089,2026-01-06 05:00:43.517831573,-21.0,train,fit
9000006_1767675300,9000006,2026-01-06 04:55:00,9600050,2026-01-06 05:06:43.517831573,-48.0,train,fit
9000006_1767675600,9000006,2026-01-06 05:00:00,9600507,2026-01-06 05:10:43.517831573,-80.0,train,fit
9000006_1767675900,9000006,2026-01-06 05:05:00,9600173,2026-01-06 05:16:43.517831573,41.0,train,fit
9000006_1767676200,9000006,2026-01-06 05:10:00,9600184,2026-01-06 05:21:43.517831573,56.0,train,fit
9000006_1767676500,9000006,2026-01-06 05:15:00,9600174,2026-01-06 05:26:43.517831573,86.0,train,fit
9000006_1767676800,9000006,2026-01-06 05:20:00,9600181,2026-01-06 05:30:43.517831573,95.0,train,fit
9000006_1767677100,9000006,2026-01-06 05:25:00,9600188,2026-01-06 05:35:43.517831573,20.0,train,fit
9000006_1767677400,9000006,2026-01-06 05:30:00,9600260,2026-01-06 05:41:43.517831573,14.0,train,fit
9000006_1767677700,9000006,2026-01-06 05:35:00,9600006,2026-01-06 05:45:43.517831573,103.0,train,fit
9000006_1767678000,9000006,2026-01-06 05:40:00,9600179,2026-01-06 05:50:43.517831573,83.0,train,fit
9000006_1767682200,9000006,2026-01-06 06:50:00,9600106,2026-01-06 07:01:43.517831573,140.0,train,fit
9000006_1767682500,9000006,2026-01-06 06:55:00,9600313,2026-01-06 07:05:43.517831573,140.0,train,fit
9000006_1767682800,9000006,2026-01-06 07:00:00,9600490,2026-01-06 07:11:43.517831573,140.0,train,fit
9000006_1767683100,9000006,2026-01-06 07:05:00,9600344,2026-01-06 07:15:43.517831573,-77.0,train,fit
9000006_1767683400,9000006,2026-01-06 07:10:00,9600097,2026-01-06 07:20:43.517831573,18.0,train,fit
9000006_1767683700,9000006,2026-01-06 07:15:00,9600195,2026-01-06 07:26:43.517831573,-18.0,train,fit
9000006_1767684000,9000006,2026-01-06 07:20:00,9600198,2026-01-06 07:30:43.517831573,53.0,train,fit
9000006_1767684300,9000006,2026-01-06 07:25:00,9600375,2026-01-06 07:35:43.517831573,162.0,train,fit
9000006_1767684600,9000006,2026-01-06 07:30:00,9600194,2026-01-06 07:40:43.517831573,198.0,train,fit
9000006_1767684900,9000006,2026-01-06 07:35:00,9600207,2026-01-06 07:45:43.517831573,107.0,train,fit
9000006_1767685200,9000006,2026-01-06 07:40:00,9600381,2026-01-06 07:50:43.517831573,88.0,train,fit
9000006_1767685500,9000006,2026-01-06 07:45:00,9600196,2026-01-06 07:55:43.517831573,166.0,train,fit
9000006_1767685800,9000006,2026-01-06 07:50:00,9600485,2026-01-06 08:00:43.517831573,106.0,train,fit
9000006_1767686400,9000006,2026-01-06 08:00:00,9600079,2026-01-06 08:10:43.517831573,111.0,train,fit
9000006_1767686700,9000006,2026-01-06 08:05:00,9600376,2026-01-06 08:15:43.517831573,131.0,train,fit
9000006_1767687000,9000006,2026-01-06 08:10:00,9600393,2026-01-06 08:20:43.517831573,131.0,train,fit
9000006_1767687300,9000006,2026-01-06 08:15:00,9600467,2026-01-06 08:25:43.517831573,-71.0,train,fit
9000006_1767687600,9000006,2026-01-06 08:20:00,9600513,2026-01-06 08:30:43.517831573,-55.0,train,fit
9000006_1767687900,9000006,2026-01-06 08:25:00,9600164,2026-01-06 08:35:43.517831573,-4.0,train,fit
9000006_1767688200,9000006,2026-01-06 08:30:00,9600255,2026-01-06 08:40:43.517831573,44.0,train,fit
9000006_1767688500,9000006,2026-01-06 08:35:00,9600399,2026-01-06 08:46:43.517831573,105.0,train,fit
9000006_1767688800,9000006,2026-01-06 08:40:00,9600141,2026-01-06 08:50:43.517831573,33.0,train,fit
9000006_1767689100,9000006,2026-01-06 08:45:00,9600114,2026-01-06 08:57:43.517831573,70.0,train,fit
9000006_1767689400,9000006,2026-01-06 08:50:00,9600041,2026-01-06 09:01:43.517831573,47.0,train,fit
9000006_1767689700,9000006,2026-01-06 08:55:00,9600493,2026-01-06 09:05:43.517831573,99.0,train,fit
9000006_1767690600,9000006,2026-01-06 09:10:00,9600051,2026-01-06 09:21:43.517831573,192.0,train,fit
9000006_1767690900,9000006,2026-01-06 09:15:00,9600124,2026-01-06 09:25:43.517831573,192.0,train,fit
9000006_1767691200,9000006,2026-01-06 09:20:00,9600382,2026-01-06 09:31:43.517831573,192.0,train,fit
9000006_1767691500,9000006,2026-01-06 09:25:00,9600343,2026-01-06 09:35:43.517831573,-70.0,train,fit
9000006_1767691800,9000006,2026-01-06 09:30:00,9600273,2026-01-06 09:40:43.517831573,14.0,train,fit
9000006_1767692100,9000006,2026-01-06 09:35:00,9600333,2026-01-06 09:45:43.517831573,54.0,train,fit
9000006_1767692400,9000006,2026-01-06 09:40:00,9600366,2026-01-06 09:50:43.517831573,91.0,train,fit
9000006_1767692700,9000006,2026-01-06 09:45:00,9600328,2026-01-06 09:55:43.517831573,121.0,train,fit
9000006_1767693000,9000006,2026-01-06 09:50:00,9600336,2026-01-06 10:01:43.517831573,96.0,train,fit
9000006_1767693300,9000006,2026-01-06 09:55:00,9600466,2026-01-06 10:05:43.517831573,83.0,train,fit
9000006_1767693600,9000006,2026-01-06 10:00:00,9600511,2026-01-06 10:10:43.517831573,70.0,train,fit
9000006_1767693900,9000006,2026-01-06 10:05:00,9600323,2026-01-06 10:15:43.517831573,78.0,train,fit
9000006_1767694200,9000006,2026-01-06 10:10:00,9600253,2026-01-06 10:20:43.517831573,101.0,train,fit
9000006_1767697200,9000006,2026-01-06 11:00:00,9600011,2026-01-06 11:13:43.517831573,101.0,train,fit
9000006_1767697500,9000006,2026-01-06 11:05:00,9600268,2026-01-06 11:16:43.517831573,101.0,train,fit
9000006_1767697800,9000006,2026-01-06 11:10:00,9600259,2026-01-06 11:20:43.517831573,101.0,train,fit
9000006_1767698100,9000006,2026-01-06 11:15:00,9600048,2026-01-06 11:25:43.517831573,-3.0,train,fit
9000006_1767698400,9000006,2026-01-06 11:20:00,9600249,2026-01-06 11:31:43.517831573,-7.0,train,fit
9000006_1767698700,9000006,2026-01-06 11:25:00,9600223,2026-01-06 11:36:43.517831573,108.0,train,fit
9000006_1767699000,9000006,2026-01-06 11:30:00,9600242,2026-01-06 11:40:43.517831573,103.0,train,fit
9000006_1767699300,9000006,2026-01-06 11:35:00,9600239,2026-01-06 11:45:43.517831573,188.0,train,fit
9000006_1767699600,9000006,2026-01-06 11:40:00,9600370,2026-01-06 11:51:43.517831573,102.0,train,fit
9000006_1767699900,9000006,2026-01-06 11:45:00,9600251,2026-01-06 11:55:43.517831573,126.0,train,fit
9000006_1767700200,9000006,2026-01-06 11:50:00,9600503,2026-01-06 12:02:43.517831573,34.0,train,fit
9000006_1767700500,9000006,2026-01-06 11:55:00,9600462,2026-01-06 12:06:43.517831573,30.0,train,fit
9000006_1767700800,9000006,2026-01-06 12:00:00,9600474,2026-01-06 12:10:43.517831573,5.0,train,fit
9000006_1767701100,9000006,2026-01-06 12:05:00,9600236,2026-01-06 12:15:43.517831573,-17.0,train,fit
9000006_1767701700,9000006,2026-01-06 12:15:00,9600535,2026-01-06 12:25:43.517831573,50.0,train,fit
9000006_1767702000,9000006,2026-01-06 12:20:00,9600241,2026-01-06 12:30:43.517831573,46.0,train,fit
9000006_1767702300,9000006,2026-01-06 12:25:00,9600244,2026-01-06 12:35:43.517831573,46.0,train,fit
9000006_1767702600,9000006,2026-01-06 12:30:00,9600123,2026-01-06 12:40:43.517831573,-78.0,train,fit
9000006_1767702900,9000006,2026-01-06 12:35:00,9600217,2026-01-06 12:45:43.517831573,71.0,train,fit
9000006_1767707100,9000006,2026-01-06 13:45:00,9600390,2026-01-06 13:56:43.517831573,-132.0,train,fit
9000006_1767707400,9000006,2026-01-06 13:50:00,9600530,2026-01-06 14:01:43.517831573,-128.0,train,fit
9000006_1767707700,9000006,2026-01-06 13:55:00,9600520,2026-01-06 14:05:43.517831573,-115.0,train,fit
9000006_1767708000,9000006,2026-01-06 14:00:00,9600214,2026-01-06 14:10:43.517831573,7.0,train,fit
9000006_1767708300,9000006,2026-01-06 14:05:00,9600118,2026-01-06 14:16:43.517831573,57.0,train,fit
9000006_1767708600,9000006,2026-01-06 14:10:00,9600240,2026-01-06 14:20:43.517831573,-70.0,train,fit
9000006_1767708900,9000006,2026-01-06 14:15:00,9600084,2026-01-06 14:27:43.517831573,-61.0,train,fit
9000006_1767709200,9000006,2026-01-06 14:20:00,9600335,2026-01-06 14:31:43.517831573,-32.0,train,fit
9000006_1767709500,9000006,2026-01-06 14:25:00,9600369,2026-01-06 14:35:43.517831573,45.0,train,fit
9000006_1767709800,9000006,2026-01-06 14:30:00,9600209,2026-01-06 14:40:43.517831573,-71.0,train,fit
9000006_1767710400,9000006,2026-01-06 14:40:00,9600043,2026-01-06 14:50:43.517831573,-9.0,train,fit
9000006_1767710700,9000006,2026-01-06 14:45:00,9600100,2026-01-06 14:55:43.517831573,16.0,train,fit
9000006_1767711000,9000006,2026-01-06 14:50:00,9600035,2026-01-06 15:00:43.517831573,16.0,train,fit
9000006_1767711300,9000006,2026-01-06 14:55:00,9600104,2026-01-06 15:05:43.517831573,-114.0,train,fit
9000006_1767711600,9000006,2026-01-06 15:00:00,9600297,2026-01-06 15:10:43.517831573,-74.0,train,fit
9000006_1767711900,9000006,2026-01-06 15:05:00,9600398,2026-01-06 15:17:43.517831573,-97.0,train,fit
9000006_1767712200,9000006,2026-01-06 15:10:00,9600461,2026-01-06 15:21:43.517831573,-95.0,train,fit
9000006_1767712500,9000006,2026-01-06 15:15:00,9600512,2026-01-06 15:25:43.517831573,-63.0,train,fit
9000006_1767712800,9000006,2026-01-06 15:20:00,9600281,2026-01-06 15:30:43.517831573,-142.0,train,fit
9000006_1767713100,9000006,2026-01-06 15:25:00,9600280,2026-01-06 15:35:43.517831573,-123.0,train,fit
9000006_1767713400,9000006,2026-01-06 15:30:00,9600286,2026-01-06 15:41:43.517831573,-120.0,train,fit
9000006_1767713700,9000006,2026-01-06 15:35:00,9600040,2026-01-06 15:46:43.517831573,-74.0,train,fit
9000006_1767714000,9000006,2026-01-06 15:40:00,9600278,2026-01-06 15:50:43.517831573,-166.0,train,fit
9000006_1767714600,9000006,2026-01-06 15:50:00,9600279,2026-01-06 16:03:43.517831573,64.0,train,fit
9000006_1767714900,9000006,2026-01-06 15:55:00,9600267,2026-01-06 16:06:43.517831573,301.0,train,fit
9000006_1767715200,9000006,2026-01-06 16:00:00,9600509,2026-01-06 16:10:43.517831573,301.0,train,fit
9000006_1767715500,9000006,2026-01-06 16:05:00,9600311,2026-01-06 16:15:43.517831573,-114.0,train,fit
9000006_1767715800,9000006,2026-01-06 16:10:00,9600291,2026-01-06 16:21:43.517831573,-124.0,train,fit
9000006_1767716100,9000006,2026-01-06 16:15:00,9600377,2026-01-06 16:26:43.517831573,-18.0,train,fit
9000006_1767716400,9000006,2026-01-06 16:20:00,9600394,2026-01-06 16:30:43.517831573,61.0,train,fit
9000006_1767716700,9000006,2026-01-06 16:25:00,9600453,2026-01-06 16:35:43.517831573,81.0,train,fit
9000006_1767717000,9000006,2026-01-06 16:30:00,9600283,2026-01-06 16:41:43.517831573,-3.0,train,fit
9000006_1767717300,9000006,2026-01-06 16:35:00,9600304,2026-01-06 16:45:43.517831573,-62.0,train,fit
9000006_1767717600,9000006,2026-01-06 16:40:00,9600498,2026-01-06 16:52:43.517831573,-97.0,train,fit
9000006_1767717900,9000006,2026-01-06 16:45:00,9600269,2026-01-06 16:56:43.517831573,-101.0,train,fit
9000006_1767718200,9000006,2026-01-06 16:50:00,9600307,2026-01-06 17:00:43.517831573,18.0,train,fit
9000006_1767718500,9000006,2026-01-06 16:55:00,9600069,2026-01-06 17:05:43.517831573,-62.0,train,fit
9000006_1767719100,9000006,2026-01-06 17:05:00,9600420,2026-01-06 17:15:43.517831573,299.0,train,fit
9000006_1767719400,9000006,2026-01-06 17:10:00,9600424,2026-01-06 17:20:43.517831573,12.0,train,fit
9000006_1767719700,9000006,2026-01-06 17:15:00,9600446,2026-01-06 17:25:43.517831573,12.0,train,fit
9000006_1767720000,9000006,2026-01-06 17:20:00,9600425,2026-01-06 17:30:43.517831573,-151.0,train,fit
9000006_1767720300,9000006,2026-01-06 17:25:00,9600409,2026-01-06 17:35:43.517831573,1.0,train,fit
9000006_1767720600,9000006,2026-01-06 17:30:00,9600429,2026-01-06 17:42:43.517831573,47.0,train,fit
9000006_1767720900,9000006,2026-01-06 17:35:00,9600448,2026-01-06 17:46:43.517831573,55.0,train,fit
9000006_1767721200,9000006,2026-01-06 17:40:00,9600422,2026-01-06 17:50:43.517831573,23.0,train,fit
9000006_1767721500,9000006,2026-01-06 17:45:00,9600416,2026-01-06 17:55:43.517831573,-39.0,train,fit
9000006_1767721800,9000006,2026-01-06 17:50:00,9600439,2026-01-06 18:00:43.517831573,-151.0,train,fit
9000006_1767722100,9000006,2026-01-06 17:55:00,9600445,2026-01-06 18:06:43.517831573,-85.0,train,fit
9000006_1767722400,9000006,2026-01-06 18:00:00,9600428,2026-01-06 18:11:43.517831573,17.0,train,fit
9000006_1767722700,9000006,2026-01-06 18:05:00,9600435,2026-01-06 18:15:43.517831573,-138.0,train,fit
9000007_1767666000,9000007,2026-01-06 02:20:00,9700014,2026-01-06 02:30:23.905993803,0.0,train,fit
9000007_1767666300,9000007,2026-01-06 02:25:00,9700019,2026-01-06 02:35:23.905993803,0.0,train,fit
9000007_1767666600,9000007,2026-01-06 02:30:00,9700028,2026-01-06 02:41:23.905993803,0.0,train,fit
9000007_1767666900,9000007,2026-01-06 02:35:00,9700037,2026-01-06 02:45:23.905993803,-59.0,train,fit
9000007_1767667200,9000007,2026-01-06 02:40:00,9700508,2026-01-06 02:50:23.905993803,-35.0,train,fit
9000007_1767667500,9000007,2026-01-06 02:45:00,9700524,2026-01-06 02:56:23.905993803,-151.0,train,fit
9000007_1767667800,9000007,2026-01-06 02:50:00,9700527,2026-01-06 03:00:23.905993803,-4.0,train,fit
9000007_1767668100,9000007,2026-01-06 02:55:00,9700514,2026-01-06 03:05:23.905993803,44.0,train,fit
9000007_1767668400,9000007,2026-01-06 03:00:00,9700518,2026-01-06 03:10:23.905993803,10.0,train,fit
9000007_1767668700,9000007,2026-01-06 03:05:00,9700356,2026-01-06 03:16:23.905993803,-22.0,train,fit
9000007_1767669000,9000007,2026-01-06 03:10:00,9700359,2026-01-06 03:21:23.905993803,54.0,train,fit
9000007_1767669300,9000007,2026-01-06 03:15:00,9700363,2026-01-06 03:25:23.905993803,-47.0,train,fit
9000007_1767669600,9000007,2026-01-06 03:20:00,9700025,2026-01-06 03:33:23.905993803,-74.0,train,fit
9000007_1767669900,9000007,2026-01-06 03:25:00,9700026,2026-01-06 03:35:23.905993803,-27.0,train,fit
9000007_1767670200,9000007,2026-01-06 03:30:00,9700169,2026-01-06 03:40:23.905993803,-36.0,train,fit
9000007_1767670500,9000007,2026-01-06 03:35:00,9700067,2026-01-06 03:45:23.905993803,-39.0,train,fit
9000007_1767670800,9000007,2026-01-06 03:40:00,9700155,2026-01-06 03:50:23.905993803,59.0,train,fit
9000007_1767671100,9000007,2026-01-06 03:45:00,9700090,2026-01-06 03:56:23.905993803,-19.0,train,fit
9000007_1767671400,9000007,2026-01-06 03:50:00,9700153,2026-01-06 04:00:23.905993803,52.0,train,fit
9000007_1767671700,9000007,2026-01-06 03:55:00,9700160,2026-01-06 04:06:23.905993803,65.0,train,fit
9000007_1767672000,9000007,2026-01-06 04:00:00,9700170,2026-01-06 04:10:23.905993803,65.0,train,fit
9000007_1767672300,9000007,2026-01-06 04:05:00,9700146,2026-01-06 04:17:23.905993803,-22.0,train,fit
9000007_1767672600,9000007,2026-01-06 04:10:00,9700130,2026-01-06 04:21:23.905993803,23.0,train,fit
9000007_1767672900,9000007,2026-01-06 04:15:00,9700142,2026-01-06 04:25:23.905993803,20.0,train,fit
9000007_1767673500,9000007,2026-01-06 04:25:00,9700003,2026-01-06 04:38:23.905993803,-7.0,train,fit
9000007_1767673800,9000007,2026-01-06 04:30:00,9700027,2026-01-06 04:41:23.905993803,-9.0,train,fit
9000007_1767674100,9000007,2026-01-06 04:35:00,9700099,2026-01-06 04:45:23.905993803,-9.0,train,fit
9000007_1767674400,9000007,2026-01-06 04:40:00,9700050,2026-01-06 04:50:23.905993803,-5.0,train,fit
9000007_1767674700,9000007,2026-01-06 04:45:00,9700463,2026-01-06 04:56:23.905993803,-63.0,train,fit
9000007_1767675000,9000007,2026-01-06 04:50:00,9700173,2026-01-06 05:00:23.905993803,-3.0,train,fit
9000007_1767675300,9000007,2026-01-06 04:55:00,9700184,2026-01-06 05:05:23.905993803,-1.0,train,fit
9000007_1767675600,9000007,2026-01-06 05:00:00,9700174,2026-01-06 05:10:23.905993803,31.0,train,fit
9000007_1767675900,9000007,2026-01-06 05:05:00,9700372,2026-01-06 05:16:23.905993803,134.0,train,fit
9000007_1767676200,9000007,2026-01-06 05:10:00,9700189,2026-01-06 05:20:23.905993803,37.0,train,fit
9000007_1767676500,9000007,2026-01-06 05:15:00,9700260,2026-01-06 05:25:23.905993803,41.0,train,fit
9000007_1767676800,9000007,2026-01-06 05:20:00,9700396,2026-01-06 05:30:23.905993803,156.0,train,fit
9000007_1767677100,9000007,2026-01-06 05:25:00,9700185,2026-01-06 05:35:23.905993803,59.0,train,fit
9000007_1767681300,9000007,2026-01-06 06:35:00,9700106,2026-01-06 06:45:23.905993803,128.0,train,fit
9000007_1767681600,9000007,2026-01-06 06:40:00,9700315,2026-01-06 06:50:23.905993803,128.0,train,fit
9000007_1767681900,9000007,2026-01-06 06:45:00,9700490,2026-01-06 06:55:23.905993803,128.0,train,fit
9000007_1767682200,9000007,2026-01-06 06:50:00,9700000,2026-01-06 07:00:23.905993803,-3.0,train,fit
9000007_1767682500,9000007,2026-01-06 06:55:00,9700496,2026-01-06 07:05:23.905993803,48.0,train,fit
9000007_1767682800,9000007,2026-01-06 07:00:00,9700195,2026-01-06 07:10:23.905993803,66.0,train,fit
9000007_1767683100,9000007,2026-01-06 07:05:00,9700200,2026-01-06 07:15:23.905993803,25.0,train,fit
9000007_1767683400,9000007,2026-01-06 07:10:00,9700271,2026-01-06 07:21:23.905993803,136.0,train,fit
9000007_1767683700,9000007,2026-01-06 07:15:00,9700203,2026-01-06 07:25:23.905993803,173.0,train,fit
9000007_1767684000,9000007,2026-01-06 07:20:00,9700262,2026-01-06 07:32:23.905993803,67.0,train,fit
9000007_1767684300,9000007,2026-01-06 07:25:00,9700058,2026-01-06 07:36:23.905993803,85.0,train,fit
9000007_1767684600,9000007,2026-01-06 07:30:00,9700199,2026-01-06 07:40:23.905993803,150.0,train,fit
9000007_1767685200,9000007,2026-01-06 07:40:00,9700079,2026-01-06 07:54:23.905993803,137.0,train,fit
9000007_1767685500,9000007,2026-01-06 07:45:00,9700080,2026-01-06 07:55:23.905993803,111.0,train,fit
9000007_1767685800,9000007,2026-01-06 07:50:00,9700138,2026-01-06 08:00:23.905993803,111.0,train,fit
9000007_1767686100,9000007,2026-01-06 07:55:00,9700501,2026-01-06 08:06:23.905993803,-28.0,train,fit
9000007_1767686400,9000007,2026-01-06 08:00:00,9700471,2026-01-06 08:10:23.905993803,-103.0,train,fit
9000007_1767686700,9000007,2026-01-06 08:05:00,9700144,2026-01-06 08:16:23.905993803,-20.0,train,fit
9000007_1767687000,9000007,2026-01-06 08:10:00,9700167,2026-01-06 08:21:23.905993803,-9.0,train,fit
9000007_1767687300,9000007,2026-01-06 08:15:00,9700272,2026-01-06 08:26:23.905993803,42.0,train,fit
9000007_1767687600,9000007,2026-01-06 08:20:00,9700399,2026-01-06 08:30:23.905993803,180.0,train,fit
9000007_1767687900,9000007,2026-01-06 08:25:00,9700147,2026-01-06 08:35:23.905993803,138.0,train,fit
9000007_1767688200,9000007,2026-01-06 08:30:00,9700114,2026-01-06 08:41:23.905993803,34.0,train,fit
9000007_1767688500,9000007,2026-01-06 08:35:00,9700041,2026-01-06 08:45:23.905993803,92.0,train,fit
9000007_1767688800,9000007,2026-01-06 08:40:00,9700134,2026-01-06 08:50:23.905993803,108.0,train,fit
9000007_1767689700,9000007,2026-01-06 08:55:00,9700051,2026-01-06 09:05:23.905993803,225.0,train,fit
9000007_1767690000,9000007,2026-01-06 09:00:00,9700101,2026-01-06 09:10:23.905993803,225.0,train,fit
9000007_1767690300,9000007,2026-01-06 09:05:00,9700382,2026-01-06 09:15:23.905993803,225.0,train,fit
9000007_1767690600,9000007,2026-01-06 09:10:00,9700345,2026-01-06 09:20:23.905993803,-25.0,train,fit
9000007_1767690900,9000007,2026-01-06 09:15:00,9700487,2026-01-06 09:25:23.905993803,35.0,train,fit
9000007_1767691200,9000007,2026-01-06 09:20:00,9700341,2026-01-06 09:32:23.905993803,65.0,train,fit
9000007_1767691500,9000007,2026-01-06 09:25:00,9700492,2026-01-06 09:36:23.905993803,94.0,train,fit
9000007_1767691800,9000007,2026-01-06 09:30:00,9700330,2026-01-06 09:40:23.905993803,100.0,train,fit
9000007_1767692100,9000007,2026-01-06 09:35:00,9700336,2026-01-06 09:45:23.905993803,95.0,train,fit
9000007_1767692400,9000007,2026-01-06 09:40:00,9700469,2026-01-06 09:50:23.905993803,42.0,train,fit
9000007_1767692700,9000007,2026-01-06 09:45:00,9700339,2026-01-06 09:56:23.905993803,64.0,train,fit
9000007_1767693000,9000007,2026-01-06 09:50:00,9700324,2026-01-06 10:01:23.905993803,157.0,train,fit
9000007_1767693300,9000007,2026-01-06 09:55:00,9700001,2026-01-06 10:05:23.905993803,48.0,train,fit
9000007_1767696300,9000007,2026-01-06 10:45:00,9700011,2026-01-06 10:57:23.905993803,77.0,train,fit
9000007_1767696600,9000007,2026-01-06 10:50:00,9700268,2026-01-06 11:00:23.905993803,77.0,train,fit
9000007_1767696900,9000007,2026-01-06 10:55:00,9700389,2026-01-06 11:05:23.905993803,77.0,train,fit
9000007_1767697200,9000007,2026-01-06 11:00:00,9700062,2026-01-06 11:10:23.905993803,-59.0,train,fit
9000007_1767697500,9000007,2026-01-06 11:05:00,9700249,2026-01-06 11:15:23.905993803,9.0,train,fit
9000007_1767697800,9000007,2026-01-06 11:10:00,9700223,2026-01-06 11:20:23.905993803,91.0,train,fit
9000007_1767698100,9000007,2026-01-06 11:15:00,9700224,2026-01-06 11:26:23.905993803,101.0,train,fit
9000007_1767698400,9000007,2026-01-06 11:20:00,9700073,2026-01-06 11:31:23.905993803,164.0,train,fit
9000007_1767698700,9000007,2026-01-06 11:25:00,9700370,2026-01-06 11:35:23.905993803,120.0,train,fit
9000007_1767699000,9000007,2026-01-06 11:30:00,9700222,2026-01-06 11:40:23.905993803,56.0,train,fit
9000007_1767699300,9000007,2026-01-06 11:35:00,9700503,2026-01-06 11:46:23.905993803,7.0,train,fit
9000007_1767699600,9000007,2026-01-06 11:40:00,9700462,2026-01-06 11:50:23.905993803,22.0,train,fit
9000007_1767699900,9000007,2026-01-06 11:45:00,9700481,2026-01-06 11:56:23.905993803,-3.0,train,fit
9000007_1767700500,9000007,2026-01-06 11:55:00,9700535,2026-01-06 12:09:23.905993803,98.0,train,fit
9000007_1767700800,9000007,2026-01-06 12:00:00,9700517,2026-01-06 12:10:23.905993803,88.0,train,fit
9000007_1767701100,9000007,2026-01-06 12:05:00,9700004,2026-01-06 12:15:23.905993803,88.0,train,fit
9000007_1767701400,9000007,2026-01-06 12:10:00,9700353,2026-01-06 12:21:23.905993803,-36.0,train,fit
9000007_1767701700,9000007,2026-01-06 12:15:00,9700379,2026-01-06 12:25:23.905993803,-93.0,train,fit
9000007_1767702000,9000007,2026-01-06 12:20:00,9700230,2026-01-06 12:32:23.905993803,74.0,train,fit
9000007_1767706200,9000007,2026-01-06 13:30:00,9700390,2026-01-06 13:40:23.905993803,-138.0,train,fit
9000007_1767706500,9000007,2026-01-06 13:35:00,9700530,2026-01-06 13:45:23.905993803,-160.0,train,fit
9000007_1767706800,9000007,2026-01-06 13:40:00,9700539,2026-01-06 13:51:23.905993803,-77.0,train,fit
9000007_1767707100,9000007,2026-01-06 13:45:00,9700215,2026-01-06 13:56:23.905993803,6.0,train,fit
9000007_1767707400,9000007,2026-01-06 13:50:00,9700118,2026-01-06 14:00:23.905993803,-32.0,train,fit
9000007_1767707700,9000007,2026-01-06 13:55:00,9700210,2026-01-06 14:05:23.905993803,-75.0,train,fit
9000007_1767708000,9000007,2026-01-06 14:00:00,9700084,2026-01-06 14:11:23.905993803,-53.0,train,fit
9000007_1767708300,9000007,2026-01-06 14:05:00,9700335,2026-01-06 14:15:23.905993803,-21.0,train,fit
9000007_1767708600,9000007,2026-01-06 14:10:00,9700321,2026-01-06 14:21:23.905993803,-2.0,train,fit
9000007_1767709200,9000007,2026-01-06 14:20:00,9700043,2026-01-06 14:34:23.905993803,30.0,train,fit
9000007_1767709500,9000007,2026-01-06 14:25:00,9700042,2026-01-06 14:35:23.905993803,5.0,train,fit
9000007_1767709800,9000007,2026-01-06 14:30:00,9700264,2026-01-06 14:40:23.905993803,5.0,train,fit
9000007_1767710100,9000007,2026-01-06 14:35:00,9700054,2026-01-06 14:46:23.905993803,-120.0,train,fit
9000007_1767710400,9000007,2026-01-06 14:40:00,9700292,2026-01-06 14:50:23.905993803,-92.0,train,fit
9000007_1767710700,9000007,2026-01-06 14:45:00,9700387,2026-01-06 14:57:23.905993803,-92.0,train,fit
9000007_1767711000,9000007,2026-01-06 14:50:00,9700398,2026-01-06 15:01:23.905993803,-67.0,train,fit
9000007_1767711300,9000007,2026-01-06 14:55:00,9700461,2026-01-06 15:05:23.905993803,-9.0,train,fit
9000007_1767711600,9000007,2026-01-06 15:00:00,9700516,2026-01-06 15:10:23.905993803,-78.0,train,fit
9000007_1767711900,9000007,2026-01-06 15:05:00,9700295,2026-01-06 15:15:23.905993803,-152.0,train,fit
9000007_1767712200,9000007,2026-01-06 15:10:00,9700285,2026-01-06 15:20:23.905993803,-156.0,train,fit
9000007_1767712500,9000007,2026-01-06 15:15:00,9700286,2026-01-06 15:25:23.905993803,-202.0,train,fit
9000007_1767712800,9000007,2026-01-06 15:20:00,9700040,2026-01-06 15:30:23.905993803,-63.0,train,fit
9000007_1767713100,9000007,2026-01-06 15:25:00,9700274,2026-01-06 15:35:23.905993803,-142.0,train,fit
9000007_1767713700,9000007,2026-01-06 15:35:00,9700279,2026-01-06 15:47:23.905993803,24.0,train,fit
9000007_1767714000,9000007,2026-01-06 15:40:00,9700267,2026-01-06 15:50:23.905993803,293.0,train,fit
9000007_1767714300,9000007,2026-01-06 15:45:00,9700459,2026-01-06 15:55:23.905993803,293.0,train,fit
9000007_1767714600,9000007,2026-01-06 15:50:00,9700312,2026-01-06 16:00:23.905993803,-114.0,train,fit
9000007_1767714900,9000007,2026-01-06 15:55:00,9700291,2026-01-06 16:05:23.905993803,0.0,train,fit
9000007_1767715200,9000007,2026-01-06 16:00:00,9700377,2026-01-06 16:10:23.905993803,-53.0,train,fit
9000007_1767715500,9000007,2026-01-06 16:05:00,9700505,2026-01-06 16:16:23.905993803,31.0,train,fit
9000007_1767715800,9000007,2026-01-06 16:10:00,9700533,2026-01-06 16:21:23.905993803,53.0,train,fit
9000007_1767716100,9000007,2026-01-06 16:15:00,9700283,2026-01-06 16:25:23.905993803,-42.0,train,fit
9000007_1767716400,9000007,2026-01-06 16:20:00,9700306,2026-01-06 16:30:23.905993803,-134.0,train,fit
9000007_1767716700,9000007,2026-01-06 16:25:00,9700498,2026-01-06 16:36:23.905993803,-155.0,train,fit
9000007_1767717000,9000007,2026-01-06 16:30:00,9700269,2026-01-06 16:40:23.905993803,-67.0,train,fit
9000007_1767717300,9000007,2026-01-06 16:35:00,9700275,2026-01-06 16:46:23.905993803,12.0,train,fit
9000007_1767717900,9000007,2026-01-06 16:45:00,9700420,2026-01-06 16:59:23.905993803,21.0,train,fit
9000007_1767718200,9000007,2026-01-06 16:50:00,9700411,2026-01-06 17:00:23.905993803,8.0,train,fit
9000007_1767718500,9000007,2026-01-06 16:55:00,9700449,2026-01-06 17:05:23.905993803,8.0,train,fit
9000007_1767718800,9000007,2026-01-06 17:00:00,9700431,2026-01-06 17:11:23.905993803,-119.0,train,fit
9000007_1767719100,9000007,2026-01-06 17:05:00,9700523,2026-01-06 17:15:23.905993803,-111.0,train,fit
9000007_1767719400,9000007,2026-01-06 17:10:00,9700433,2026-01-06 17:22:23.905993803,20.0,train,fit
9000007_1767719700,9000007,2026-01-06 17:15:00,9700429,2026-01-06 17:26:23.905993803,62.0,train,fit
9000007_1767720000,9000007,2026-01-06 17:20:00,9700448,2026-01-06 17:30:23.905993803,81.0,train,fit
9000007_1767720300,9000007,2026-01-06 17:25:00,9700444,2026-01-06 17:35:23.905993803,55.0,train,fit
9000007_1767720600,9000007,2026-01-06 17:30:00,9700436,2026-01-06 17:40:23.905993803,-29.0,train,fit
9000007_1767720900,9000007,2026-01-06 17:35:00,9700415,2026-01-06 17:45:23.905993803,-141.0,train,fit
9000007_1767721200,9000007,2026-01-06 17:40:00,9700445,2026-01-06 17:50:23.905993803,-116.0,train,fit
9000007_1767721500,9000007,2026-01-06 17:45:00,9700428,2026-01-06 17:55:23.905993803,-61.0,train,fit
9000007_1767721800,9000007,2026-01-06 17:50:00,9700421,2026-01-06 18:00:23.905993803,-96.0,train,fit
9000008_1767731700,9000008,2026-01-06 20:35:00,9800009,2026-01-06 20:46:44.668559204,0.0,train,fit
9000008_1767732000,9000008,2026-01-06 20:40:00,9800125,2026-01-06 20:51:44.668559204,0.0,train,fit
9000008_1767732300,9000008,2026-01-06 20:45:00,9800000,2026-01-06 20:56:44.668559204,0.0,train,fit
9000008_1767732600,9000008,2026-01-06 20:50:00,9800133,2026-01-06 21:00:44.668559204,118.0,train,fit
9000008_1767732900,9000008,2026-01-06 20:55:00,9800139,2026-01-06 21:07:44.668559204,86.0,train,fit
9000008_1767733200,9000008,2026-01-06 21:00:00,9800141,2026-01-06 21:10:44.668559204,43.0,train,fit
9000008_1767733500,9000008,2026-01-06 21:05:00,9800002,2026-01-06 21:15:44.668559204,28.0,train,fit
9000008_1767733800,9000008,2026-01-06 21:10:00,9800135,2026-01-06 21:20:44.668559204,211.0,train,fit
9000008_1767734100,9000008,2026-01-06 21:15:00,9800136,2026-01-06 21:26:44.668559204,123.0,train,fit
9000008_1767734400,9000008,2026-01-06 21:20:00,9800149,2026-01-06 21:30:44.668559204,184.0,train,fit
9000008_1767734700,9000008,2026-01-06 21:25:00,9800001,2026-01-06 21:35:44.668559204,213.0,train,fit
9000008_1767735000,9000008,2026-01-06 21:30:00,9800005,2026-01-06 21:40:44.668559204,219.0,train,fit
9000008_1767735300,9000008,2026-01-06 21:35:00,9800008,2026-01-06 21:45:44.668559204,205.0,train,fit
9000008_1767735600,9000008,2026-01-06 21:40:00,9800126,2026-01-06 21:50:44.668559204,153.0,train,fit
9000008_1767736200,9000008,2026-01-06 21:50:00,9800034,2026-01-06 22:01:44.668559204,204.0,train,fit
9000008_1767736500,9000008,2026-01-06 21:55:00,9800033,2026-01-06 22:05:44.668559204,158.0,train,fit
9000008_1767736800,9000008,2026-01-06 22:00:00,9800030,2026-01-06 22:10:44.668559204,158.0,train,fit
9000008_1767742200,9000008,2026-01-06 23:30:00,9800150,2026-01-06 23:41:44.668559204,-21.0,train,fit
9000009_1767729600,9000009,2026-01-06 20:00:00,9900009,2026-01-06 20:13:23.743405191,0.0,train,fit
9000009_1767729900,9000009,2026-01-06 20:05:00,9900074,2026-01-06 20:15:23.743405191,0.0,train,fit
9000009_1767730200,9000009,2026-01-06 20:10:00,9900128,2026-01-06 20:21:23.743405191,0.0,train,fit
9000009_1767730500,9000009,2026-01-06 20:15:00,9900053,2026-01-06 20:25:23.743405191,58.0,train,fit
9000009_1767730800,9000009,2026-01-06 20:20:00,9900144,2026-01-06 20:31:23.743405191,64.0,train,fit
9000009_1767731100,9000009,2026-01-06 20:25:00,9900140,2026-01-06 20:35:23.743405191,-2.0,train,fit
9000009_1767731400,9000009,2026-01-06 20:30:00,9900142,2026-01-06 20:41:23.743405191,55.0,train,fit
9000009_1767731700,9000009,2026-01-06 20:35:00,9900004,2026-01-06 20:46:23.743405191,61.0,train,fit
9000009_1767732000,9000009,2026-01-06 20:40:00,9900136,2026-01-06 20:53:23.743405191,245.0,train,fit
9000009_1767732300,9000009,2026-01-06 20:45:00,9900145,2026-01-06 20:55:23.743405191,144.0,train,fit
9000009_1767732600,9000009,2026-01-06 20:50:00,9900001,2026-01-06 21:02:23.743405191,251.0,train,fit
9000009_1767732900,9000009,2026-01-06 20:55:00,9900006,2026-01-06 21:06:23.743405191,181.0,train,fit
9000009_1767733200,9000009,2026-01-06 21:00:00,9900008,2026-01-06 21:12:23.743405191,207.0,train,fit
9000009_1767733500,9000009,2026-01-06 21:05:00,9900010,2026-01-06 21:15:23.743405191,107.0,train,fit
9000009_1767733800,9000009,2026-01-06 21:10:00,9900050,2026-01-06 21:21:23.743405191,81.0,train,fit
9000009_1767734100,9000009,2026-01-06 21:15:00,9900034,2026-01-06 21:28:23.743405191,179.0,train,fit
9000009_1767734400,9000009,2026-01-06 21:20:00,9900033,2026-01-06 21:32:23.743405191,119.0,train,fit
9000009_1767734700,9000009,2026-01-06 21:25:00,9900030,2026-01-06 21:37:23.743405191,157.0,train,fit
9000009_1767740100,9000009,2026-01-06 22:55:00,9900150,2026-01-06 23:08:23.743405191,-2.0,train,fit
9000010_1767674400,9000010,2026-01-06 04:40:00,10000001,2026-01-06 04:54:47.942481775,0.0,train,fit
9000010_1767674700,9000010,2026-01-06 04:45:00,10000046,2026-01-06 04:55:47.942481775,0.0,train,fit
9000010_1767675000,9000010,2026-01-06 04:50:00,10000057,2026-01-06 05:01:47.942481775,0.0,train,fit
9000010_1767675300,9000010,2026-01-06 04:55:00,10000041,2026-01-06 05:05:47.942481775,26.0,train,fit
9000010_1767675600,9000010,2026-01-06 05:00:00,10000271,2026-01-06 05:10:47.942481775,63.0,train,fit
9000010_1767675900,9000010,2026-01-06 05:05:00,10000017,2026-01-06 05:15:47.942481775,-9.0,train,fit
9000010_1767676200,9000010,2026-01-06 05:10:00,10000097,2026-01-06 05:20:47.942481775,20.0,train,fit
9000010_1767676500,9000010,2026-01-06 05:15:00,10000042,2026-01-06 05:25:47.942481775,248.0,train,fit
9000010_1767676800,9000010,2026-01-06 05:20:00,10000290,2026-01-06 05:31:47.942481775,151.0,train,fit
9000010_1767677700,9000010,2026-01-06 05:35:00,10000289,2026-01-06 05:46:47.942481775,259.0,train,fit
9000010_1767678000,9000010,2026-01-06 05:40:00,10000000,2026-01-06 05:51:47.942481775,259.0,train,fit
9000010_1767678300,9000010,2026-01-06 05:45:00,10000009,2026-01-06 05:55:47.942481775,259.0,train,fit
9000010_1767678600,9000010,2026-01-06 05:50:00,10000020,2026-01-06 06:00:47.942481775,71.0,train,fit
9000010_1767678900,9000010,2026-01-06 05:55:00,10000069,2026-01-06 06:05:47.942481775,79.0,train,fit
9000010_1767679200,9000010,2026-01-06 06:00:00,10000021,2026-01-06 06:10:47.942481775,-35.0,train,fit
9000010_1767679500,9000010,2026-01-06 06:05:00,10000071,2026-01-06 06:15:47.942481775,75.0,train,fit
9000010_1767679800,9000010,2026-01-06 06:10:00,10000018,2026-01-06 06:21:47.942481775,8.0,train,fit
9000010_1767680100,9000010,2026-01-06 06:15:00,10000253,2026-01-06 06:25:47.942481775,-43.0,train,fit
9000010_1767681300,9000010,2026-01-06 06:35:00,10000147,2026-01-06 06:45:47.942481775,-26.0,train,fit
9000010_1767681600,9000010,2026-01-06 06:40:00,10000148,2026-01-06 06:50:47.942481775,-26.0,train,fit
9000010_1767681900,9000010,2026-01-06 06:45:00,10000120,2026-01-06 06:55:47.942481775,-26.0,train,fit
9000010_1767682200,9000010,2026-01-06 06:50:00,10000157,2026-01-06 07:00:47.942481775,18.0,train,fit
9000010_1767682500,9000010,2026-01-06 06:55:00,10000115,2026-01-06 07:05:47.942481775,6.0,train,fit
9000010_1767682800,9000010,2026-01-06 07:00:00,10000162,2026-01-06 07:10:47.942481775,-11.0,train,fit
9000010_1767683100,9000010,2026-01-06 07:05:00,10000114,2026-01-06 07:15:47.942481775,9.0,train,fit
9000010_1767683400,9000010,2026-01-06 07:10:00,10000155,2026-01-06 07:21:47.942481775,13.0,train,fit
9000010_1767690000,9000010,2026-01-06 09:00:00,10000062,2026-01-06 09:10:47.942481775,80.0,train,fit
9000010_1767690300,9000010,2026-01-06 09:05:00,10000264,2026-01-06 09:15:47.942481775,80.0,train,fit
9000010_1767690600,9000010,2026-01-06 09:10:00,10000026,2026-01-06 09:20:47.942481775,80.0,train,fit
9000010_1767690900,9000010,2026-01-06 09:15:00,10000105,2026-01-06 09:25:47.942481775,-21.0,train,fit
9000010_1767691200,9000010,2026-01-06 09:20:00,10000059,2026-01-06 09:31:47.942481775,-111.0,train,fit
9000010_1767691500,9000010,2026-01-06 09:25:00,10000060,2026-01-06 09:36:47.942481775,-133.0,train,fit
9000010_1767691800,9000010,2026-01-06 09:30:00,10000053,2026-01-06 09:41:47.942481775,46.0,train,fit
9000010_1767692100,9000010,2026-01-06 09:35:00,10000029,2026-01-06 09:46:47.942481775,32.0,train,fit
9000010_1767692400,9000010,2026-01-06 09:40:00,10000298,2026-01-06 09:50:47.942481775,69.0,train,fit
9000010_1767692700,9000010,2026-01-06 09:45:00,10000138,2026-01-06 09:59:47.942481775,59.0,train,fit
9000010_1767693000,9000010,2026-01-06 09:50:00,10000141,2026-01-06 10:00:47.942481775,62.0,train,fit
9000010_1767693300,9000010,2026-01-06 09:55:00,10000140,2026-01-06 10:06:47.942481775,34.0,train,fit
9000010_1767693600,9000010,2026-01-06 10:00:00,10000167,2026-01-06 10:10:47.942481775,8.0,train,fit
9000010_1767693900,9000010,2026-01-06 10:05:00,10000169,2026-01-06 10:15:47.942481775,59.0,train,fit
9000010_1767694200,9000010,2026-01-06 10:10:00,10000137,2026-01-06 10:20:47.942481775,2.0,train,fit
9000010_1767694500,9000010,2026-01-06 10:15:00,10000178,2026-01-06 10:25:47.942481775,-5.0,train,fit
9000010_1767694800,9000010,2026-01-06 10:20:00,10000131,2026-01-06 10:31:47.942481775,15.0,train,fit
9000010_1767695100,9000010,2026-01-06 10:25:00,10000136,2026-01-06 10:35:47.942481775,-12.0,train,fit
9000010_1767695400,9000010,2026-01-06 10:30:00,10000168,2026-01-06 10:40:47.942481775,5.0,train,fit
9000010_1767696600,9000010,2026-01-06 10:50:00,10000299,2026-01-06 11:04:47.942481775,33.0,train,fit
9000010_1767696900,9000010,2026-01-06 10:55:00,10000006,2026-01-06 11:06:47.942481775,33.0,train,fit
9000010_1767697200,9000010,2026-01-06 11:00:00,10000102,2026-01-06 11:10:47.942481775,33.0,train,fit
9000010_1767697500,9000010,2026-01-06 11:05:00,10000079,2026-01-06 11:15:47.942481775,41.0,train,fit
9000010_1767697800,9000010,2026-01-06 11:10:00,10000127,2026-01-06 11:21:47.942481775,-20.0,train,fit
9000010_1767698100,9000010,2026-01-06 11:15:00,10000078,2026-01-06 11:26:47.942481775,13.0,train,fit
9000010_1767698400,9000010,2026-01-06 11:20:00,10000113,2026-01-06 11:31:47.942481775,21.0,train,fit
9000010_1767698700,9000010,2026-01-06 11:25:00,10000083,2026-01-06 11:36:47.942481775,10.0,train,fit
9000010_1767699000,9000010,2026-01-06 11:30:00,10000075,2026-01-06 11:41:47.942481775,45.0,train,fit
9000010_1767699300,9000010,2026-01-06 11:35:00,10000089,2026-01-06 11:46:47.942481775,61.0,train,fit
9000010_1767714300,9000010,2026-01-06 15:45:00,10000182,2026-01-06 15:55:47.942481775,-41.0,train,fit
9000010_1767714600,9000010,2026-01-06 15:50:00,10000183,2026-01-06 16:00:47.942481775,-41.0,train,fit
9000010_1767714900,9000010,2026-01-06 15:55:00,10000185,2026-01-06 16:05:47.942481775,-41.0,train,fit
9000010_1767715200,9000010,2026-01-06 16:00:00,10000272,2026-01-06 16:11:47.942481775,-58.0,train,fit
9000010_1767715500,9000010,2026-01-06 16:05:00,10000192,2026-01-06 16:15:47.942481775,-138.0,train,fit
9000010_1767715800,9000010,2026-01-06 16:10:00,10000195,2026-01-06 16:21:47.942481775,-128.0,train,fit
9000010_1767716100,9000010,2026-01-06 16:15:00,10000197,2026-01-06 16:25:47.942481775,-69.0,train,fit
9000010_1767716400,9000010,2026-01-06 16:20:00,10000202,2026-01-06 16:30:47.942481775,-57.0,train,fit
9000010_1767716700,9000010,2026-01-06 16:25:00,10000203,2026-01-06 16:36:47.942481775,-30.0,train,fit
9000010_1767717900,9000010,2026-01-06 16:45:00,10000206,2026-01-06 16:58:47.942481775,-86.0,train,fit
9000010_1767718200,9000010,2026-01-06 16:50:00,10000207,2026-01-06 17:00:47.942481775,-86.0,train,fit
9000010_1767718500,9000010,2026-01-06 16:55:00,10000211,2026-01-06 17:06:47.942481775,-86.0,train,fit
9000010_1767718800,9000010,2026-01-06 17:00:00,10000109,2026-01-06 17:10:47.942481775,-63.0,train,fit
9000010_1767719100,9000010,2026-01-06 17:05:00,10000216,2026-01-06 17:15:47.942481775,-49.0,train,fit
9000010_1767719400,9000010,2026-01-06 17:10:00,10000217,2026-01-06 17:20:47.942481775,-40.0,train,fit
9000010_1767719700,9000010,2026-01-06 17:15:00,10000221,2026-01-06 17:25:47.942481775,-13.0,train,fit
9000010_1767720000,9000010,2026-01-06 17:20:00,10000225,2026-01-06 17:30:47.942481775,-54.0,train,fit
9000010_1767720300,9000010,2026-01-06 17:25:00,10000227,2026-01-06 17:35:47.942481775,-121.0,train,fit
9000010_1767720600,9000010,2026-01-06 17:30:00,10000288,2026-01-06 17:44:47.942481775,-47.0,train,fit
9000010_1767720900,9000010,2026-01-06 17:35:00,10000266,2026-01-06 17:45:47.942481775,4.0,train,fit
9000010_1767721200,9000010,2026-01-06 17:40:00,10000232,2026-01-06 17:51:47.942481775,-28.0,train,fit
9000010_1767721500,9000010,2026-01-06 17:45:00,10000303,2026-01-06 17:55:47.942481775,108.0,train,fit
9000010_1767721800,9000010,2026-01-06 17:50:00,10000236,2026-01-06 18:00:47.942481775,169.0,train,fit
9000010_1767722100,9000010,2026-01-06 17:55:00,10000241,2026-01-06 18:05:47.942481775,149.0,train,fit
9000010_1767722400,9000010,2026-01-06 18:00:00,10000252,2026-01-06 18:10:47.942481775,36.0,train,fit
9000010_1767722700,9000010,2026-01-06 18:05:00,10000245,2026-01-06 18:16:47.942481775,76.0,train,fit
9000010_1767723000,9000010,2026-01-06 18:10:00,10000276,2026-01-06 18:20:47.942481775,-87.0,train,fit
9000010_1767723300,9000010,2026-01-06 18:15:00,10000248,2026-01-06 18:25:47.942481775,-89.0,train,fit
9000011_1767675000,9000011,2026-01-06 04:50:00,10100001,2026-01-06 05:00:18.277703800,0.0,train,fit
9000011_1767675300,9000011,2026-01-06 04:55:00,10100106,2026-01-06 05:05:18.277703800,0.0,train,fit
9000011_1767675600,9000011,2026-01-06 05:00:00,10100179,2026-01-06 05:10:18.277703800,0.0,train,fit
9000011_1767675900,9000011,2026-01-06 05:05:00,10100271,2026-01-06 05:16:18.277703800,39.0,train,fit
9000011_1767676200,9000011,2026-01-06 05:10:00,10100035,2026-01-06 05:20:18.277703800,28.0,train,fit
9000011_1767676500,9000011,2026-01-06 05:15:00,10100058,2026-01-06 05:25:18.277703800,-5.0,train,fit
9000011_1767676800,9000011,2026-01-06 05:20:00,10100002,2026-01-06 05:30:18.277703800,155.0,train,fit
9000011_1767677100,9000011,2026-01-06 05:25:00,10100180,2026-01-06 05:35:18.277703800,238.0,train,fit
9000011_1767678000,9000011,2026-01-06 05:40:00,10100289,2026-01-06 05:52:18.277703800,202.0,train,fit
9000011_1767678300,9000011,2026-01-06 05:45:00,10100257,2026-01-06 05:55:18.277703800,202.0,train,fit
9000011_1767678600,9000011,2026-01-06 05:50:00,10100009,2026-01-06 06:01:18.277703800,202.0,train,fit
9000011_1767678900,9000011,2026-01-06 05:55:00,10100094,2026-01-06 06:05:18.277703800,28.0,train,fit
9000011_1767679200,9000011,2026-01-06 06:00:00,10100019,2026-01-06 06:10:18.277703800,62.0,train,fit
9000011_1767679500,9000011,2026-01-06 06:05:00,10100072,2026-01-06 06:15:18.277703800,-3.0,train,fit
9000011_1767679800,9000011,2026-01-06 06:10:00,10100071,2026-01-06 06:21:18.277703800,34.0,train,fit
9000011_1767680100,9000011,2026-01-06 06:15:00,10100064,2026-01-06 06:25:18.277703800,-59.0,train,fit
9000011_1767680400,9000011,2026-01-06 06:20:00,10100142,2026-01-06 06:30:18.277703800,-17.0,train,fit
9000011_1767681600,9000011,2026-01-06 06:40:00,10100147,2026-01-06 06:51:18.277703800,-60.0,train,fit
9000011_1767681900,9000011,2026-01-06 06:45:00,10100148,2026-01-06 06:56:18.277703800,-60.0,train,fit
9000011_1767682200,9000011,2026-01-06 06:50:00,10100124,2026-01-06 07:00:18.277703800,-60.0,train,fit
9000011_1767682500,9000011,2026-01-06 06:55:00,10100118,2026-01-06 07:05:18.277703800,15.0,train,fit
9000011_1767682800,9000011,2026-01-06 07:00:00,10100115,2026-01-06 07:11:18.277703800,-1.0,train,fit
9000011_1767683100,9000011,2026-01-06 07:05:00,10100117,2026-01-06 07:15:18.277703800,3.0,train,fit
9000011_1767683400,9000011,2026-01-06 07:10:00,10100145,2026-01-06 07:20:18.277703800,-12.0,train,fit
9000011_1767683700,9000011,2026-01-06 07:15:00,10100156,2026-01-06 07:25:18.277703800,-27.0,train,fit
9000011_1767690300,9000011,2026-01-06 09:05:00,10100062,2026-01-06 09:16:18.277703800,29.0,train,fit
9000011_1767690600,9000011,2026-01-06 09:10:00,10100264,2026-01-06 09:21:18.277703800,29.0,train,fit
9000011_1767690900,9000011,2026-01-06 09:15:00,10100038,2026-01-06 09:25:18.277703800,29.0,train,fit
9000011_1767691200,9000011,2026-01-06 09:20:00,10100061,2026-01-06 09:30:18.277703800,-5.0,train,fit
9000011_1767691500,9000011,2026-01-06 09:25:00,10100059,2026-01-06 09:37:18.277703800,-133.0,train,fit
9000011_1767691800,9000011,2026-01-06 09:30:00,10100030,2026-01-06 09:40:18.277703800,-61.0,train,fit
9000011_1767692100,9000011,2026-01-06 09:35:00,10100049,2026-01-06 09:45:18.277703800,33.0,train,fit
9000011_1767692400,9000011,2026-01-06 09:40:00,10100028,2026-01-06 09:50:18.277703800,35.0,train,fit
9000011_1767692700,9000011,2026-01-06 09:45:00,10100298,2026-01-06 09:56:18.277703800,47.0,train,fit
9000011_1767693300,9000011,2026-01-06 09:55:00,10100138,2026-01-06 10:05:18.277703800,77.0,train,fit
9000011_1767693600,9000011,2026-01-06 10:00:00,10100177,2026-01-06 10:10:18.277703800,42.0,train,fit
9000011_1767693900,9000011,2026-01-06 10:05:00,10100164,2026-01-06 10:15:18.277703800,42.0,train,fit
9000011_1767694200,9000011,2026-01-06 10:10:00,10100169,2026-01-06 10:21:18.277703800,-11.0,train,fit
9000011_1767694500,9000011,2026-01-06 10:15:00,10100174,2026-01-06 10:25:18.277703800,-5.0,train,fit
9000011_1767694800,9000011,2026-01-06 10:20:00,10100178,2026-01-06 10:31:18.277703800,0.0,train,fit
9000011_1767695100,9000011,2026-01-06 10:25:00,10100128,2026-01-06 10:35:18.277703800,15.0,train,fit
9000011_1767695400,9000011,2026-01-06 10:30:00,10100132,2026-01-06 10:40:18.277703800,13.0,train,fit
9000011_1767695700,9000011,2026-01-06 10:35:00,10100168,2026-01-06 10:46:18.277703800,-3.0,train,fit
9000011_1767697200,9000011,2026-01-06 11:00:00,10100299,2026-01-06 11:10:18.277703800,-5.0,train,fit
9000011_1767697500,9000011,2026-01-06 11:05:00,10100039,2026-01-06 11:15:18.277703800,-5.0,train,fit
9000011_1767697800,9000011,2026-01-06 11:10:00,10100088,2026-01-06 11:20:18.277703800,-5.0,train,fit
9000011_1767698100,9000011,2026-01-06 11:15:00,10100103,2026-01-06 11:25:18.277703800,43.0,train,fit
9000011_1767698400,9000011,2026-01-06 11:20:00,10100078,2026-01-06 11:32:18.277703800,22.0,train,fit
9000011_1767698700,9000011,2026-01-06 11:25:00,10100052,2026-01-06 11:35:18.277703800,-40.0,train,fit
9000011_1767699000,9000011,2026-01-06 11:30:00,10100082,2026-01-06 11:40:18.277703800,0.0,train,fit
9000011_1767699300,9000011,2026-01-06 11:35:00,10100076,2026-01-06 11:45:18.277703800,42.0,train,fit
9000011_1767699600,9000011,2026-01-06 11:40:00,10100089,2026-01-06 11:52:18.277703800,38.0,train,fit
9000011_1767714600,9000011,2026-01-06 15:50:00,10100182,2026-01-06 16:01:18.277703800,-44.0,train,fit
9000011_1767714900,9000011,2026-01-06 15:55:00,10100183,2026-01-06 16:06:18.277703800,-44.0,train,fit
9000011_1767715200,9000011,2026-01-06 16:00:00,10100185,2026-01-06 16:11:18.277703800,-44.0,train,fit
9000011_1767715500,9000011,2026-01-06 16:05:00,10100188,2026-01-06 16:15:18.277703800,-74.0,train,fit
9000011_1767715800,9000011,2026-01-06 16:10:00,10100191,2026-01-06 16:20:18.277703800,-95.0,train,fit
9000011_1767716100,9000011,2026-01-06 16:15:00,10100194,2026-01-06 16:25:18.277703800,-106.0,train,fit
9000011_1767716400,9000011,2026-01-06 16:20:00,10100198,2026-01-06 16:30:18.277703800,-45.0,train,fit
9000011_1767716700,9000011,2026-01-06 16:25:00,10100201,2026-01-06 16:35:18.277703800,-23.0,train,fit
9000011_1767717000,9000011,2026-01-06 16:30:00,10100203,2026-01-06 16:42:18.277703800,26.0,train,fit
9000011_1767718200,9000011,2026-01-06 16:50:00,10100206,2026-01-06 17:04:18.277703800,-90.0,train,fit
9000011_1767718500,9000011,2026-01-06 16:55:00,10100207,2026-01-06 17:06:18.277703800,-90.0,train,fit
9000011_1767718800,9000011,2026-01-06 17:00:00,10100210,2026-01-06 17:10:18.277703800,-90.0,train,fit
9000011_1767719100,9000011,2026-01-06 17:05:00,10100054,2026-01-06 17:15:18.277703800,-73.0,train,fit
9000011_1767719400,9000011,2026-01-06 17:10:00,10100216,2026-01-06 17:21:18.277703800,12.0,train,fit
9000011_1767719700,9000011,2026-01-06 17:15:00,10100217,2026-01-06 17:26:18.277703800,-26.0,train,fit
9000011_1767720000,9000011,2026-01-06 17:20:00,10100221,2026-01-06 17:31:18.277703800,-43.0,train,fit
9000011_1767720300,9000011,2026-01-06 17:25:00,10100225,2026-01-06 17:36:18.277703800,-50.0,train,fit
9000011_1767720600,9000011,2026-01-06 17:30:00,10100227,2026-01-06 17:41:18.277703800,-106.0,train,fit
9000011_1767720900,9000011,2026-01-06 17:35:00,10100229,2026-01-06 17:45:18.277703800,-65.0,train,fit
9000011_1767721200,9000011,2026-01-06 17:40:00,10100288,2026-01-06 17:50:18.277703800,-25.0,train,fit
9000011_1767721500,9000011,2026-01-06 17:45:00,10100231,2026-01-06 17:55:18.277703800,-94.0,train,fit
9000011_1767721800,9000011,2026-01-06 17:50:00,10100278,2026-01-06 18:00:18.277703800,-94.0,train,fit
9000011_1767722100,9000011,2026-01-06 17:55:00,10100236,2026-01-06 18:06:18.277703800,123.0,train,fit
9000011_1767722400,9000011,2026-01-06 18:00:00,10100240,2026-01-06 18:10:18.277703800,57.0,train,fit
9000011_1767722700,9000011,2026-01-06 18:05:00,10100252,2026-01-06 18:16:18.277703800,-4.0,train,fit
9000011_1767723000,9000011,2026-01-06 18:10:00,10100244,2026-01-06 18:20:18.277703800,90.0,train,fit
9000011_1767723300,9000011,2026-01-06 18:15:00,10100292,2026-01-06 18:25:18.277703800,-57.0,train,fit
9000011_1767723600,9000011,2026-01-06 18:20:00,10100248,2026-01-06 18:31:18.277703800,-122.0,train,fit
9000012_1767668700,9000012,2026-01-06 03:05:00,10200395,2026-01-06 03:16:04.882685946,0.0,train,fit
9000012_1767669000,9000012,2026-01-06 03:10:00,10200399,2026-01-06 03:20:04.882685946,0.0,train,fit
9000012_1767669300,9000012,2026-01-06 03:15:00,10200094,2026-01-06 03:25:04.882685946,0.0,train,fit
9000012_1767669600,9000012,2026-01-06 03:20:00,10200101,2026-01-06 03:30:04.882685946,158.0,train,fit
9000012_1767669900,9000012,2026-01-06 03:25:00,10200056,2026-01-06 03:36:04.882685946,179.0,train,fit
9000012_1767670200,9000012,2026-01-06 03:30:00,10200071,2026-01-06 03:40:04.882685946,373.0,train,fit
9000012_1767670500,9000012,2026-01-06 03:35:00,10200058,2026-01-06 03:45:04.882685946,295.0,train,fit
9000012_1767670800,9000012,2026-01-06 03:40:00,10200067,2026-01-06 03:50:04.882685946,206.0,train,fit
9000012_1767674400,9000012,2026-01-06 04:40:00,10200089,2026-01-06 04:50:04.882685946,25.0,train,fit
9000012_1767674700,9000012,2026-01-06 04:45:00,10200062,2026-01-06 04:56:04.882685946,-29.0,train,fit
9000012_1767675000,9000012,2026-01-06 04:50:00,10200208,2026-01-06 05:00:04.882685946,-57.0,train,fit
9000012_1767675300,9000012,2026-01-06 04:55:00,10200310,2026-01-06 05:07:04.882685946,34.0,train,fit
9000012_1767675600,9000012,2026-01-06 05:00:00,10200227,2026-01-06 05:14:04.882685946,-19.0,train,fit
9000012_1767675900,9000012,2026-01-06 05:05:00,10200063,2026-01-06 05:15:04.882685946,-73.0,train,fit
9000012_1767683400,9000012,2026-01-06 07:10:00,10200382,2026-01-06 07:22:04.882685946,27.0,train,fit
9000012_1767683700,9000012,2026-01-06 07:15:00,10200329,2026-01-06 07:25:04.882685946,27.0,train,fit
9000012_1767684000,9000012,2026-01-06 07:20:00,10200038,2026-01-06 07:30:04.882685946,27.0,train,fit
9000012_1767684300,9000012,2026-01-06 07:25:00,10200311,2026-01-06 07:35:04.882685946,79.0,train,fit
9000012_1767684600,9000012,2026-01-06 07:30:00,10200109,2026-01-06 07:40:04.882685946,12.0,train,fit
9000012_1767684900,9000012,2026-01-06 07:35:00,10200192,2026-01-06 07:48:04.882685946,8.0,train,fit
9000012_1767685200,9000012,2026-01-06 07:40:00,10200049,2026-01-06 07:50:04.882685946,-21.0,train,fit
9000012_1767685500,9000012,2026-01-06 07:45:00,10200370,2026-01-06 07:55:04.882685946,-55.0,train,fit
9000012_1767685800,9000012,2026-01-06 07:50:00,10200213,2026-01-06 08:00:04.882685946,-178.0,train,fit
9000012_1767686100,9000012,2026-01-06 07:55:00,10200045,2026-01-06 08:07:04.882685946,-185.0,train,fit
9000012_1767686400,9000012,2026-01-06 08:00:00,10200141,2026-01-06 08:10:04.882685946,-30.0,train,fit
9000012_1767686700,9000012,2026-01-06 08:05:00,10200064,2026-01-06 08:15:04.882685946,-2.0,train,fit
9000012_1767690000,9000012,2026-01-06 09:00:00,10200246,2026-01-06 09:10:04.882685946,-143.0,train,fit
9000012_1767690300,9000012,2026-01-06 09:05:00,10200335,2026-01-06 09:15:04.882685946,-143.0,train,fit
9000012_1767690600,9000012,2026-01-06 09:10:00,10200133,2026-01-06 09:20:04.882685946,-143.0,train,fit
9000012_1767690900,9000012,2026-01-06 09:15:00,10200074,2026-01-06 09:27:04.882685946,13.0,train,fit
9000012_1767691200,9000012,2026-01-06 09:20:00,10200307,2026-01-06 09:30:04.882685946,3.0,train,fit
9000012_1767691500,9000012,2026-01-06 09:25:00,10200127,2026-01-06 09:36:04.882685946,52.0,train,fit
9000012_1767691800,9000012,2026-01-06 09:30:00,10200124,2026-01-06 09:40:04.882685946,-46.0,train,fit
9000012_1767692100,9000012,2026-01-06 09:35:00,10200275,2026-01-06 09:48:04.882685946,-41.0,train,fit
9000012_1767692400,9000012,2026-01-06 09:40:00,10200356,2026-01-06 09:50:04.882685946,-205.0,train,fit
9000012_1767692700,9000012,2026-01-06 09:45:00,10200069,2026-01-06 09:55:04.882685946,-45.0,train,fit
9000012_1767693000,9000012,2026-01-06 09:50:00,10200309,2026-01-06 10:01:04.882685946,-60.0,train,fit
9000012_1767693300,9000012,2026-01-06 09:55:00,10200333,2026-01-06 10:06:04.882685946,-12.0,train,fit
9000012_1767699600,9000012,2026-01-06 11:40:00,10200147,2026-01-06 11:53:04.882685946,-63.0,train,fit
9000012_1767699900,9000012,2026-01-06 11:45:00,10200040,2026-01-06 11:55:04.882685946,-63.0,train,fit
9000012_1767700200,9000012,2026-01-06 11:50:00,10200324,2026-01-06 12:01:04.882685946,-63.0,train,fit
9000012_1767700500,9000012,2026-01-06 11:55:00,10200218,2026-01-06 12:05:04.882685946,34.0,train,fit
9000012_1767700800,9000012,2026-01-06 12:00:00,10200351,2026-01-06 12:10:04.882685946,36.0,train,fit
9000012_1767701100,9000012,2026-01-06 12:05:00,10200291,2026-01-06 12:19:04.882685946,133.0,train,fit
9000012_1767701400,9000012,2026-01-06 12:10:00,10200371,2026-01-06 12:21:04.882685946,89.0,train,fit
9000012_1767701700,9000012,2026-01-06 12:15:00,10200113,2026-01-06 12:26:04.882685946,10.0,train,fit
9000012_1767702000,9000012,2026-01-06 12:20:00,10200129,2026-01-06 12:31:04.882685946,3.0,train,fit
9000012_1767702300,9000012,2026-01-06 12:25:00,10200143,2026-01-06 12:38:04.882685946,-51.0,train,fit
9000012_1767702600,9000012,2026-01-06 12:30:00,10200039,2026-01-06 12:40:04.882685946,-33.0,train,fit
9000012_1767702900,9000012,2026-01-06 12:35:00,10200230,2026-01-06 12:45:04.882685946,15.0,train,fit
9000012_1767703200,9000012,2026-01-06 12:40:00,10200037,2026-01-06 12:50:04.882685946,-131.0,train,fit
9000012_1767704700,9000012,2026-01-06 13:05:00,10200317,2026-01-06 13:19:04.882685946,-228.0,train,fit
9000012_1767705000,9000012,2026-01-06 13:10:00,10200373,2026-01-06 13:20:04.882685946,-228.0,train,fit
9000012_1767705300,9000012,2026-01-06 13:15:00,10200190,2026-01-06 13:25:04.882685946,-228.0,train,fit
9000012_1767705600,9000012,2026-01-06 13:20:00,10200331,2026-01-06 13:31:04.882685946,23.0,train,fit
9000012_1767705900,9000012,2026-01-06 13:25:00,10200344,2026-01-06 13:36:04.882685946,61.0,train,fit
9000012_1767706500,9000012,2026-01-06 13:35:00,10200132,2026-01-06 13:45:04.882685946,178.0,train,fit
9000012_1767706800,9000012,2026-01-06 13:40:00,10200359,2026-01-06 13:52:04.882685946,63.0,train,fit
9000012_1767707100,9000012,2026-01-06 13:45:00,10200343,2026-01-06 13:57:04.882685946,63.0,train,fit
9000012_1767707400,9000012,2026-01-06 13:50:00,10200401,2026-01-06 14:00:04.882685946,-23.0,train,fit
9000012_1767707700,9000012,2026-01-06 13:55:00,10200242,2026-01-06 14:06:04.882685946,23.0,train,fit
9000012_1767708000,9000012,2026-01-06 14:00:00,10200134,2026-01-06 14:10:04.882685946,115.0,train,fit
9000012_1767708300,9000012,2026-01-06 14:05:00,10200300,2026-01-06 14:15:04.882685946,55.0,train,fit
9000012_1767710100,9000012,2026-01-06 14:35:00,10200202,2026-01-06 14:49:04.882685946,55.0,train,fit
9000012_1767714900,9000012,2026-01-06 15:55:00,10200341,2026-01-06 16:09:04.882685946,-68.0,train,fit
9000012_1767715200,9000012,2026-01-06 16:00:00,10200340,2026-01-06 16:10:04.882685946,-68.0,train,fit
9000012_1767715500,9000012,2026-01-06 16:05:00,10200023,2026-01-06 16:15:04.882685946,-68.0,train,fit
9000012_1767715800,9000012,2026-01-06 16:10:00,10200278,2026-01-06 16:21:04.882685946,1.0,train,fit
9000012_1767716100,9000012,2026-01-06 16:15:00,10200312,2026-01-06 16:26:04.882685946,54.0,train,fit
9000012_1767716700,9000012,2026-01-06 16:25:00,10200345,2026-01-06 16:35:04.882685946,69.0,train,fit
9000012_1767717000,9000012,2026-01-06 16:30:00,10200231,2026-01-06 16:42:04.882685946,-21.0,train,fit
9000012_1767717300,9000012,2026-01-06 16:35:00,10200294,2026-01-06 16:47:04.882685946,-21.0,train,fit
9000012_1767717600,9000012,2026-01-06 16:40:00,10200327,2026-01-06 16:50:04.882685946,-78.0,train,fit
9000012_1767717900,9000012,2026-01-06 16:45:00,10200238,2026-01-06 16:56:04.882685946,-37.0,train,fit
9000012_1767718200,9000012,2026-01-06 16:50:00,10200236,2026-01-06 17:00:04.882685946,-9.0,train,fit
9000012_1767718500,9000012,2026-01-06 16:55:00,10200232,2026-01-06 17:05:04.882685946,-94.0,train,fit
9000012_1767728700,9000012,2026-01-06 19:45:00,10200191,2026-01-06 19:55:04.882685946,306.0,train,fit
9000012_1767729000,9000012,2026-01-06 19:50:00,10200355,2026-01-06 20:00:04.882685946,306.0,train,fit
9000012_1767729300,9000012,2026-01-06 19:55:00,10200179,2026-01-06 20:05:04.882685946,306.0,train,fit
9000012_1767729600,9000012,2026-01-06 20:00:00,10200372,2026-01-06 20:13:04.882685946,53.0,train,fit
9000012_1767729900,9000012,2026-01-06 20:05:00,10200118,2026-01-06 20:15:04.882685946,233.0,train,fit
9000012_1767730200,9000012,2026-01-06 20:10:00,10200248,2026-01-06 20:20:04.882685946,336.0,train,fit
9000012_1767730500,9000012,2026-01-06 20:15:00,10200176,2026-01-06 20:25:04.882685946,392.0,train,fit
9000012_1767730800,9000012,2026-01-06 20:20:00,10200182,2026-01-06 20:31:04.882685946,348.0,train,fit
9000012_1767731100,9000012,2026-01-06 20:25:00,10200282,2026-01-06 20:35:04.882685946,548.0,train,fit
9000012_1767733800,9000012,2026-01-06 21:10:00,10200263,2026-01-06 21:20:04.882685946,629.0,train,fit
9000012_1767734100,9000012,2026-01-06 21:15:00,10200255,2026-01-06 21:25:04.882685946,629.0,train,fit
9000012_1767734400,9000012,2026-01-06 21:20:00,10200195,2026-01-06 21:30:04.882685946,629.0,train,fit
9000012_1767734700,9000012,2026-01-06 21:25:00,10200261,2026-01-06 21:38:04.882685946,17.0,train,fit
9000012_1767735000,9000012,2026-01-06 21:30:00,10200264,2026-01-06 21:40:04.882685946,23.0,train,fit
9000012_1767735300,9000012,2026-01-06 21:35:00,10200184,2026-01-06 21:45:04.882685946,53.0,train,fit
9000012_1767735600,9000012,2026-01-06 21:40:00,10200228,2026-01-06 21:50:04.882685946,8.0,train,fit
9000012_1767735900,9000012,2026-01-06 21:45:00,10200254,2026-01-06 21:56:04.882685946,-65.0,train,fit
9000012_1767736200,9000012,2026-01-06 21:50:00,10200260,2026-01-06 22:00:04.882685946,32.0,train,fit
9000013_1767666900,9000013,2026-01-06 02:35:00,10300395,2026-01-06 02:48:57.888885896,0.0,train,fit
9000013_1767667200,9000013,2026-01-06 02:40:00,10300386,2026-01-06 02:50:57.888885896,0.0,train,fit
9000013_1767667500,9000013,2026-01-06 02:45:00,10300092,2026-01-06 02:55:57.888885896,0.0,train,fit
9000013_1767667800,9000013,2026-01-06 02:50:00,10300098,2026-01-06 03:00:57.888885896,50.0,train,fit
9000013_1767668100,9000013,2026-01-06 02:55:00,10300047,2026-01-06 03:06:57.888885896,193.0,train,fit
9000013_1767668400,9000013,2026-01-06 03:00:00,10300061,2026-01-06 03:10:57.888885896,275.0,train,fit
9000013_1767668700,9000013,2026-01-06 03:05:00,10300072,2026-01-06 03:16:57.888885896,372.0,train,fit
9000013_1767669000,9000013,2026-01-06 03:10:00,10300067,2026-01-06 03:22:57.888885896,227.0,train,fit
9000013_1767672600,9000013,2026-01-06 04:10:00,10300123,2026-01-06 04:21:57.888885896,61.0,train,fit
9000013_1767672900,9000013,2026-01-06 04:15:00,10300062,2026-01-06 04:28:57.888885896,4.0,train,fit
9000013_1767673200,9000013,2026-01-06 04:20:00,10300073,2026-01-06 04:30:57.888885896,19.0,train,fit
9000013_1767673500,9000013,2026-01-06 04:25:00,10300301,2026-01-06 04:35:57.888885896,41.0,train,fit
9000013_1767673800,9000013,2026-01-06 04:30:00,10300313,2026-01-06 04:40:57.888885896,30.0,train,fit
9000013_1767674100,9000013,2026-01-06 04:35:00,10300227,2026-01-06 04:46:57.888885896,-52.0,train,fit
9000013_1767681600,9000013,2026-01-06 06:40:00,10300382,2026-01-06 06:54:57.888885896,12.0,train,fit
9000013_1767681900,9000013,2026-01-06 06:45:00,10300381,2026-01-06 06:55:57.888885896,12.0,train,fit
9000013_1767682200,9000013,2026-01-06 06:50:00,10300346,2026-01-06 07:00:57.888885896,12.0,train,fit
9000013_1767682500,9000013,2026-01-06 06:55:00,10300296,2026-01-06 07:06:57.888885896,30.0,train,fit
9000013_1767682800,9000013,2026-01-06 07:00:00,10300053,2026-01-06 07:11:57.888885896,12.0,train,fit
9000013_1767683400,9000013,2026-01-06 07:10:00,10300192,2026-01-06 07:20:57.888885896,21.0,train,fit
9000013_1767683700,9000013,2026-01-06 07:15:00,10300370,2026-01-06 07:27:57.888885896,-38.0,train,fit
9000013_1767684000,9000013,2026-01-06 07:20:00,10300213,2026-01-06 07:32:57.888885896,-38.0,train,fit
9000013_1767684300,9000013,2026-01-06 07:25:00,10300093,2026-01-06 07:35:57.888885896,-206.0,train,fit
9000013_1767684600,9000013,2026-01-06 07:30:00,10300131,2026-01-06 07:41:57.888885896,-30.0,train,fit
9000013_1767684900,9000013,2026-01-06 07:35:00,10300000,2026-01-06 07:45:57.888885896,55.0,train,fit
9000013_1767685200,9000013,2026-01-06 07:40:00,10300267,2026-01-06 07:50:57.888885896,-77.0,train,fit
9000013_1767688200,9000013,2026-01-06 08:30:00,10300246,2026-01-06 08:42:57.888885896,-113.0,train,fit
9000013_1767688500,9000013,2026-01-06 08:35:00,10300321,2026-01-06 08:45:57.888885896,-113.0,train,fit
9000013_1767688800,9000013,2026-01-06 08:40:00,10300028,2026-01-06 08:50:57.888885896,-113.0,train,fit
9000013_1767689100,9000013,2026-01-06 08:45:00,10300295,2026-01-06 08:55:57.888885896,17.0,train,fit
9000013_1767689400,9000013,2026-01-06 08:50:00,10300083,2026-01-06 09:00:57.888885896,-1.0,train,fit
9000013_1767689700,9000013,2026-01-06 08:55:00,10300127,2026-01-06 09:08:57.888885896,5.0,train,fit
9000013_1767690000,9000013,2026-01-06 09:00:00,10300107,2026-01-06 09:10:57.888885896,-52.0,train,fit
9000013_1767690300,9000013,2026-01-06 09:05:00,10300306,2026-01-06 09:15:57.888885896,-42.0,train,fit
9000013_1767690600,9000013,2026-01-06 09:10:00,10300275,2026-01-06 09:20:57.888885896,-206.0,train,fit
9000013_1767690900,9000013,2026-01-06 09:15:00,10300069,2026-01-06 09:27:57.888885896,-233.0,train,fit
9000013_1767691200,9000013,2026-01-06 09:20:00,10300108,2026-01-06 09:30:57.888885896,-50.0,train,fit
9000013_1767691500,9000013,2026-01-06 09:25:00,10300325,2026-01-06 09:35:57.888885896,-66.0,train,fit
9000013_1767698100,9000013,2026-01-06 11:15:00,10300147,2026-01-06 11:25:57.888885896,-74.0,train,fit
9000013_1767698400,9000013,2026-01-06 11:20:00,10300368,2026-01-06 11:30:57.888885896,-74.0,train,fit
9000013_1767698700,9000013,2026-01-06 11:25:00,10300338,2026-01-06 11:35:57.888885896,-74.0,train,fit
9000013_1767699000,9000013,2026-01-06 11:30:00,10300351,2026-01-06 11:42:57.888885896,54.0,train,fit
9000013_1767699300,9000013,2026-01-06 11:35:00,10300041,2026-01-06 11:45:57.888885896,76.0,train,fit
9000013_1767699600,9000013,2026-01-06 11:40:00,10300291,2026-01-06 11:51:57.888885896,129.0,train,fit
9000013_1767699900,9000013,2026-01-06 11:45:00,10300387,2026-01-06 11:55:57.888885896,6.0,train,fit
9000013_1767700200,9000013,2026-01-06 11:50:00,10300129,2026-01-06 12:03:57.888885896,29.0,train,fit
9000013_1767700500,9000013,2026-01-06 11:55:00,10300198,2026-01-06 12:05:57.888885896,24.0,train,fit
9000013_1767700800,9000013,2026-01-06 12:00:00,10300143,2026-01-06 12:10:57.888885896,2.0,train,fit
9000013_1767701100,9000013,2026-01-06 12:05:00,10300316,2026-01-06 12:16:57.888885896,-28.0,train,fit
9000013_1767701400,9000013,2026-01-06 12:10:00,10300024,2026-01-06 12:21:57.888885896,-27.0,train,fit
9000013_1767703200,9000013,2026-01-06 12:40:00,10300317,2026-01-06 12:51:57.888885896,-196.0,train,fit
9000013_1767703500,9000013,2026-01-06 12:45:00,10300224,2026-01-06 12:56:57.888885896,-196.0,train,fit
9000013_1767703800,9000013,2026-01-06 12:50:00,10300358,2026-01-06 13:00:57.888885896,-196.0,train,fit
9000013_1767704100,9000013,2026-01-06 12:55:00,10300344,2026-01-06 13:08:57.888885896,99.0,train,fit
9000013_1767704400,9000013,2026-01-06 13:00:00,10300175,2026-01-06 13:10:57.888885896,63.0,train,fit
9000013_1767704700,9000013,2026-01-06 13:05:00,10300132,2026-01-06 13:17:57.888885896,188.0,train,fit
9000013_1767705000,9000013,2026-01-06 13:10:00,10300120,2026-01-06 13:21:57.888885896,120.0,train,fit
9000013_1767705300,9000013,2026-01-06 13:15:00,10300385,2026-01-06 13:25:57.888885896,42.0,train,fit
9000013_1767705600,9000013,2026-01-06 13:20:00,10300394,2026-01-06 13:30:57.888885896,-14.0,train,fit
9000013_1767705900,9000013,2026-01-06 13:25:00,10300390,2026-01-06 13:36:57.888885896,-52.0,train,fit
9000013_1767706200,9000013,2026-01-06 13:30:00,10300243,2026-01-06 13:40:57.888885896,93.0,train,fit
9000013_1767706500,9000013,2026-01-06 13:35:00,10300300,2026-01-06 13:47:57.888885896,99.0,train,fit
9000013_1767713400,9000013,2026-01-06 15:30:00,10300341,2026-01-06 15:41:57.888885896,-95.0,train,fit
9000013_1767713700,9000013,2026-01-06 15:35:00,10300002,2026-01-06 15:46:57.888885896,-95.0,train,fit
9000013_1767714000,9000013,2026-01-06 15:40:00,10300199,2026-01-06 15:50:57.888885896,-95.0,train,fit
9000013_1767714300,9000013,2026-01-06 15:45:00,10300312,2026-01-06 15:58:57.888885896,91.0,train,fit
9000013_1767714600,9000013,2026-01-06 15:50:00,10300152,2026-01-06 16:00:57.888885896,62.0,train,fit
9000013_1767714900,9000013,2026-01-06 15:55:00,10300345,2026-01-06 16:07:57.888885896,55.0,train,fit
9000013_1767715200,9000013,2026-01-06 16:00:00,10300026,2026-01-06 16:11:57.888885896,-2.0,train,fit
9000013_1767715500,9000013,2026-01-06 16:05:00,10300271,2026-01-06 16:15:57.888885896,3.0,train,fit
9000013_1767715800,9000013,2026-01-06 16:10:00,10300357,2026-01-06 16:20:57.888885896,-132.0,train,fit
9000013_1767716100,9000013,2026-01-06 16:15:00,10300281,2026-01-06 16:26:57.888885896,-75.0,train,fit
9000013_1767716400,9000013,2026-01-06 16:20:00,10300234,2026-01-06 16:30:57.888885896,-4.0,train,fit
9000013_1767716700,9000013,2026-01-06 16:25:00,10300232,2026-01-06 16:37:57.888885896,26.0,train,fit
9000013_1767726900,9000013,2026-01-06 19:15:00,10300191,2026-01-06 19:27:57.888885896,371.0,train,fit
9000013_1767727200,9000013,2026-01-06 19:20:00,10300204,2026-01-06 19:30:57.888885896,371.0,train,fit
9000013_1767727500,9000013,2026-01-06 19:25:00,10300347,2026-01-06 19:35:57.888885896,371.0,train,fit
9000013_1767727800,9000013,2026-01-06 19:30:00,10300128,2026-01-06 19:40:57.888885896,-28.0,train,fit
9000013_1767728100,9000013,2026-01-06 19:35:00,10300372,2026-01-06 19:45:57.888885896,141.0,train,fit
9000013_1767728400,9000013,2026-01-06 19:40:00,10300287,2026-01-06 19:51:57.888885896,361.0,train,fit
9000013_1767728700,9000013,2026-01-06 19:45:00,10300388,2026-01-06 19:55:57.888885896,344.0,train,fit
9000013_1767729000,9000013,2026-01-06 19:50:00,10300181,2026-01-06 20:01:57.888885896,333.0,train,fit
9000013_1767729300,9000013,2026-01-06 19:55:00,10300178,2026-01-06 20:05:57.888885896,447.0,train,fit
9000013_1767729600,9000013,2026-01-06 20:00:00,10300375,2026-01-06 20:11:57.888885896,536.0,train,fit
9000013_1767732000,9000013,2026-01-06 20:40:00,10300263,2026-01-06 20:52:57.888885896,602.0,train,fit
9000013_1767732300,9000013,2026-01-06 20:45:00,10300010,2026-01-06 20:55:57.888885896,602.0,train,fit
9000013_1767732600,9000013,2026-01-06 20:50:00,10300121,2026-01-06 21:00:57.888885896,602.0,train,fit
9000013_1767732900,9000013,2026-01-06 20:55:00,10300256,2026-01-06 21:05:57.888885896,-15.0,train,fit
9000013_1767733200,9000013,2026-01-06 21:00:00,10300261,2026-01-06 21:10:57.888885896,54.0,train,fit
9000013_1767733500,9000013,2026-01-06 21:05:00,10300011,2026-01-06 21:16:57.888885896,54.0,train,fit
9000013_1767733800,9000013,2026-01-06 21:10:00,10300130,2026-01-06 21:20:57.888885896,33.0,train,fit
9000013_1767734100,9000013,2026-01-06 21:15:00,10300186,2026-01-06 21:26:57.888885896,-49.0,train,fit
9000013_1767734400,9000013,2026-01-06 21:20:00,10300259,2026-01-06 21:30:57.888885896,-29.0,train,fit
9000013_1767734700,9000013,2026-01-06 21:25:00,10300253,2026-01-06 21:36:57.888885896,25.0,train,fit
9000014_1767665400,9000014,2026-01-06 02:10:00,10400473,2026-01-06 02:20:56.876587200,0.0,train,fit
9000014_1767665700,9000014,2026-01-06 02:15:00,10400660,2026-01-06 02:25:56.876587200,-20.0,train,fit
9000014_1767666000,9000014,2026-01-06 02:20:00,10400666,2026-01-06 02:30:56.876587200,7.0,train,fit
9000014_1767666300,9000014,2026-01-06 02:25:00,10400650,2026-01-06 02:35:56.876587200,68.0,train,fit
9000014_1767666600,9000014,2026-01-06 02:30:00,10400242,2026-01-06 02:40:56.876587200,44.0,train,fit
9000014_1767666900,9000014,2026-01-06 02:35:00,10400258,2026-01-06 02:45:56.876587200,61.0,train,fit
9000014_1767667200,9000014,2026-01-06 02:40:00,10400252,2026-01-06 02:50:56.876587200,-13.0,train,fit
9000014_1767667500,9000014,2026-01-06 02:45:00,10400259,2026-01-06 02:56:56.876587200,10.0,train,fit
9000014_1767667800,9000014,2026-01-06 02:50:00,10400498,2026-01-06 03:01:56.876587200,1.0,train,fit
9000014_1767668100,9000014,2026-01-06 02:55:00,10400493,2026-01-06 03:06:56.876587200,149.0,train,fit
9000014_1767668400,9000014,2026-01-06 03:00:00,10400490,2026-01-06 03:10:56.876587200,-28.0,train,fit
9000014_1767668700,9000014,2026-01-06 03:05:00,10400488,2026-01-06 03:15:56.876587200,8.0,train,fit
9000014_1767669300,9000014,2026-01-06 03:15:00,10400353,2026-01-06 03:26:56.876587200,82.0,train,fit
9000014_1767669600,9000014,2026-01-06 03:20:00,10400348,2026-01-06 03:31:56.876587200,42.0,train,fit
9000014_1767669900,9000014,2026-01-06 03:25:00,10400347,2026-01-06 03:35:56.876587200,42.0,train,fit
9000014_1767670200,9000014,2026-01-06 03:30:00,10400531,2026-01-06 03:40:56.876587200,232.0,train,fit
9000014_1767670500,9000014,2026-01-06 03:35:00,10400356,2026-01-06 03:45:56.876587200,113.0,train,fit
9000014_1767670800,9000014,2026-01-06 03:40:00,10400540,2026-01-06 03:51:56.876587200,279.0,train,fit
9000014_1767671100,9000014,2026-01-06 03:45:00,10400526,2026-01-06 03:55:56.876587200,327.0,train,fit
9000014_1767671400,9000014,2026-01-06 03:50:00,10400352,2026-01-06 04:00:56.876587200,366.0,train,fit
9000014_1767671700,9000014,2026-01-06 03:55:00,10400592,2026-01-06 04:06:56.876587200,216.0,train,fit
9000014_1767672000,9000014,2026-01-06 04:00:00,10400591,2026-01-06 04:10:56.876587200,306.0,train,fit
9000014_1767672300,9000014,2026-01-06 04:05:00,10400621,2026-01-06 04:17:56.876587200,188.0,train,fit
9000014_1767672600,9000014,2026-01-06 04:10:00,10400460,2026-01-06 04:21:56.876587200,112.0,train,fit
9000014_1767672900,9000014,2026-01-06 04:15:00,10400387,2026-01-06 04:26:56.876587200,265.0,train,fit
9000014_1767673200,9000014,2026-01-06 04:20:00,10400586,2026-01-06 04:30:56.876587200,142.0,train,fit
9000014_1767673500,9000014,2026-01-06 04:25:00,10400392,2026-01-06 04:36:56.876587200,59.0,train,fit
9000014_1767673800,9000014,2026-01-06 04:30:00,10400391,2026-01-06 04:40:56.876587200,147.0,train,fit
9000014_1767678600,9000014,2026-01-06 05:50:00,10400021,2026-01-06 06:03:56.876587200,22.0,train,fit
9000014_1767678900,9000014,2026-01-06 05:55:00,10400035,2026-01-06 06:05:56.876587200,22.0,train,fit
9000014_1767679200,9000014,2026-01-06 06:00:00,10400115,2026-01-06 06:10:56.876587200,22.0,train,fit
9000014_1767679500,9000014,2026-01-06 06:05:00,10400519,2026-01-06 06:16:56.876587200,53.0,train,fit
9000014_1767679800,9000014,2026-01-06 06:10:00,10400407,2026-01-06 06:20:56.876587200,76.0,train,fit
9000014_1767680100,9000014,2026-01-06 06:15:00,10400343,2026-01-06 06:25:56.876587200,-57.0,train,fit
9000014_1767680400,9000014,2026-01-06 06:20:00,10400345,2026-01-06 06:30:56.876587200,-39.0,train,fit
9000014_1767680700,9000014,2026-01-06 06:25:00,10400630,2026-01-06 06:36:56.876587200,53.0,train,fit
9000014_1767681000,9000014,2026-01-06 06:30:00,10400344,2026-01-06 06:40:56.876587200,122.0,train,fit
9000014_1767681300,9000014,2026-01-06 06:35:00,10400579,2026-01-06 06:47:56.876587200,-48.0,train,fit
9000014_1767681600,9000014,2026-01-06 06:40:00,10400575,2026-01-06 06:50:56.876587200,-37.0,train,fit
9000014_1767681900,9000014,2026-01-06 06:45:00,10400012,2026-01-06 06:55:56.876587200,250.0,train,fit
9000014_1767682200,9000014,2026-01-06 06:50:00,10400416,2026-01-06 07:00:56.876587200,249.0,train,fit
9000014_1767682500,9000014,2026-01-06 06:55:00,10400379,2026-01-06 07:05:56.876587200,431.0,train,fit
9000014_1767682800,9000014,2026-01-06 07:00:00,10400446,2026-01-06 07:10:56.876587200,301.0,train,fit
9000014_1767683100,9000014,2026-01-06 07:05:00,10400068,2026-01-06 07:15:56.876587200,188.0,train,fit
9000014_1767683400,9000014,2026-01-06 07:10:00,10400383,2026-01-06 07:20:56.876587200,249.0,train,fit
9000014_1767683700,9000014,2026-01-06 07:15:00,10400657,2026-01-06 07:25:56.876587200,219.0,train,fit
9000014_1767684300,9000014,2026-01-06 07:25:00,10400656,2026-01-06 07:35:56.876587200,151.0,train,fit
9000014_1767684600,9000014,2026-01-06 07:30:00,10400550,2026-01-06 07:42:56.876587200,171.0,train,fit
9000014_1767684900,9000014,2026-01-06 07:35:00,10400070,2026-01-06 07:45:56.876587200,171.0,train,fit
9000014_1767685200,9000014,2026-01-06 07:40:00,10400216,2026-01-06 07:52:56.876587200,155.0,train,fit
9000014_1767685500,9000014,2026-01-06 07:45:00,10400629,2026-01-06 07:55:56.876587200,54.0,train,fit
9000014_1767685800,9000014,2026-01-06 07:50:00,10400542,2026-01-06 08:02:56.876587200,45.0,train,fit
9000014_1767686100,9000014,2026-01-06 07:55:00,10400547,2026-01-06 08:06:56.876587200,56.0,train,fit
9000014_1767686400,9000014,2026-01-06 08:00:00,10400101,2026-01-06 08:10:56.876587200,49.0,train,fit
9000014_1767686700,9000014,2026-01-06 08:05:00,10400098,2026-01-06 08:16:56.876587200,-126.0,train,fit
9000014_1767687000,9000014,2026-01-06 08:10:00,10400160,2026-01-06 08:20:56.876587200,-93.0,train,fit
9000014_1767687300,9000014,2026-01-06 08:15:00,10400031,2026-01-06 08:25:56.876587200,-114.0,train,fit
9000014_1767687600,9000014,2026-01-06 08:20:00,10400162,2026-01-06 08:30:56.876587200,193.0,train,fit
9000014_1767687900,9000014,2026-01-06 08:25:00,10400032,2026-01-06 08:36:56.876587200,282.0,train,fit
9000014_1767688200,9000014,2026-01-06 08:30:00,10400601,2026-01-06 08:40:56.876587200,395.0,train,fit
9000014_1767688500,9000014,2026-01-06 08:35:00,10400610,2026-01-06 08:45:56.876587200,120.0,train,fit
9000014_1767688800,9000014,2026-01-06 08:40:00,10400154,2026-01-06 08:50:56.876587200,77.0,train,fit
9000014_1767689100,9000014,2026-01-06 08:45:00,10400030,2026-01-06 08:55:56.876587200,8.0,train,fit
9000014_1767692100,9000014,2026-01-06 09:35:00,10400422,2026-01-06 09:47:56.876587200,-215.0,train,fit
9000014_1767692400,9000014,2026-01-06 09:40:00,10400607,2026-01-06 09:54:56.876587200,-215.0,train,fit
9000014_1767692700,9000014,2026-01-06 09:45:00,10400634,2026-01-06 09:56:56.876587200,-215.0,train,fit
9000014_1767693000,9000014,2026-01-06 09:50:00,10400088,2026-01-06 10:00:56.876587200,142.0,train,fit
9000014_1767693300,9000014,2026-01-06 09:55:00,10400359,2026-01-06 10:05:56.876587200,15.0,train,fit
9000014_1767693600,9000014,2026-01-06 10:00:00,10400231,2026-01-06 10:10:56.876587200,47.0,train,fit
9000014_1767693900,9000014,2026-01-06 10:05:00,10400364,2026-01-06 10:16:56.876587200,137.0,train,fit
9000014_1767694200,9000014,2026-01-06 10:10:00,10400156,2026-01-06 10:20:56.876587200,243.0,train,fit
9000014_1767694500,9000014,2026-01-06 10:15:00,10400357,2026-01-06 10:25:56.876587200,133.0,train,fit
9000014_1767694800,9000014,2026-01-06 10:20:00,10400019,2026-01-06 10:32:56.876587200,-5.0,train,fit
9000014_1767695100,9000014,2026-01-06 10:25:00,10400146,2026-01-06 10:35:56.876587200,5.0,train,fit
9000014_1767695400,9000014,2026-01-06 10:30:00,10400596,2026-01-06 10:40:56.876587200,-101.0,train,fit
9000014_1767695700,9000014,2026-01-06 10:35:00,10400067,2026-01-06 10:45:56.876587200,226.0,train,fit
9000014_1767696000,9000014,2026-01-06 10:40:00,10400410,2026-01-06 10:50:56.876587200,241.0,train,fit
9000014_1767696300,9000014,2026-01-06 10:45:00,10400079,2026-01-06 10:55:56.876587200,156.0,train,fit
9000014_1767696600,9000014,2026-01-06 10:50:00,10400190,2026-01-06 11:00:56.876587200,10.0,train,fit
9000014_1767696900,9000014,2026-01-06 10:55:00,10400618,2026-01-06 11:05:56.876587200,59.0,train,fit
9000014_1767697200,9000014,2026-01-06 11:00:00,10400096,2026-01-06 11:10:56.876587200,90.0,train,fit
9000014_1767697800,9000014,2026-01-06 11:10:00,10400667,2026-01-06 11:22:56.876587200,54.0,train,fit
9000014_1767698100,9000014,2026-01-06 11:15:00,10400097,2026-01-06 11:29:56.876587200,103.0,train,fit
9000014_1767698400,9000014,2026-01-06 11:20:00,10400168,2026-01-06 11:31:56.876587200,103.0,train,fit
9000014_1767698700,9000014,2026-01-06 11:25:00,10400433,2026-01-06 11:35:56.876587200,-12.0,train,fit
9000014_1767699000,9000014,2026-01-06 11:30:00,10400169,2026-01-06 11:40:56.876587200,-75.0,train,fit
9000014_1767699300,9000014,2026-01-06 11:35:00,10400165,2026-01-06 11:45:56.876587200,-94.0,train,fit
9000014_1767699600,9000014,2026-01-06 11:40:00,10400415,2026-01-06 11:51:56.876587200,-130.0,train,fit
9000014_1767699900,9000014,2026-01-06 11:45:00,10400092,2026-01-06 11:55:56.876587200,-33.0,train,fit
9000014_1767700200,9000014,2026-01-06 11:50:00,10400384,2026-01-06 12:00:56.876587200,-177.0,train,fit
9000014_1767700500,9000014,2026-01-06 11:55:00,10400479,2026-01-06 12:07:56.876587200,-262.0,train,fit
9000014_1767700800,9000014,2026-01-06 12:00:00,10400401,2026-01-06 12:10:56.876587200,-284.0,train,fit
9000014_1767701100,9000014,2026-01-06 12:05:00,10400477,2026-01-06 12:15:56.876587200,97.0,train,fit
9000014_1767701400,9000014,2026-01-06 12:10:00,10400185,2026-01-06 12:20:56.876587200,75.0,train,fit
9000014_1767701700,9000014,2026-01-06 12:15:00,10400435,2026-01-06 12:25:56.876587200,113.0,train,fit
9000014_1767702000,9000014,2026-01-06 12:20:00,10400598,2026-01-06 12:30:56.876587200,29.0,train,fit
9000014_1767702300,9000014,2026-01-06 12:25:00,10400475,2026-01-06 12:35:56.876587200,-186.0,train,fit
9000014_1767702600,9000014,2026-01-06 12:30:00,10400114,2026-01-06 12:40:56.876587200,-89.0,train,fit
9000014_1767702900,9000014,2026-01-06 12:35:00,10400113,2026-01-06 12:45:56.876587200,-70.0,train,fit
9000014_1767703500,9000014,2026-01-06 12:45:00,10400112,2026-01-06 12:57:56.876587200,-106.0,train,fit
9000014_1767703800,9000014,2026-01-06 12:50:00,10400609,2026-01-06 13:04:56.876587200,-92.0,train,fit
9000014_1767704100,9000014,2026-01-06 12:55:00,10400449,2026-01-06 13:06:56.876587200,-92.0,train,fit
9000014_1767704400,9000014,2026-01-06 13:00:00,10400662,2026-01-06 13:10:56.876587200,-5.0,train,fit
9000014_1767704700,9000014,2026-01-06 13:05:00,10400670,2026-01-06 13:15:56.876587200,-43.0,train,fit
9000014_1767705000,9000014,2026-01-06 13:10:00,10400082,2026-01-06 13:20:56.876587200,1.0,train,fit
9000014_1767705300,9000014,2026-01-06 13:15:00,10400372,2026-01-06 13:26:56.876587200,75.0,train,fit
9000014_1767705600,9000014,2026-01-06 13:20:00,10400571,2026-01-06 13:30:56.876587200,219.0,train,fit
9000014_1767705900,9000014,2026-01-06 13:25:00,10400374,2026-01-06 13:35:56.876587200,84.0,train,fit
9000014_1767706200,9000014,2026-01-06 13:30:00,10400116,2026-01-06 13:42:56.876587200,42.0,train,fit
9000014_1767706500,9000014,2026-01-06 13:35:00,10400196,2026-01-06 13:45:56.876587200,73.0,train,fit
9000014_1767706800,9000014,2026-01-06 13:40:00,10400328,2026-01-06 13:50:56.876587200,28.0,train,fit
9000014_1767707100,9000014,2026-01-06 13:45:00,10400330,2026-01-06 13:55:56.876587200,37.0,train,fit
9000014_1767707400,9000014,2026-01-06 13:50:00,10400083,2026-01-06 14:00:56.876587200,89.0,train,fit
9000014_1767707700,9000014,2026-01-06 13:55:00,10400419,2026-01-06 14:05:56.876587200,66.0,train,fit
9000014_1767708000,9000014,2026-01-06 14:00:00,10400108,2026-01-06 14:10:56.876587200,26.0,train,fit
9000014_1767708300,9000014,2026-01-06 14:05:00,10400099,2026-01-06 14:15:56.876587200,139.0,train,fit
9000014_1767708600,9000014,2026-01-06 14:10:00,10400329,2026-01-06 14:20:56.876587200,48.0,train,fit
9000014_1767709200,9000014,2026-01-06 14:20:00,10400654,2026-01-06 14:33:56.876587200,150.0,train,fit
9000014_1767709500,9000014,2026-01-06 14:25:00,10400341,2026-01-06 14:35:56.876587200,150.0,train,fit
9000014_1767709800,9000014,2026-01-06 14:30:00,10400512,2026-01-06 14:40:56.876587200,150.0,train,fit
9000014_1767710100,9000014,2026-01-06 14:35:00,10400515,2026-01-06 14:46:56.876587200,16.0,train,fit
9000014_1767710400,9000014,2026-01-06 14:40:00,10400517,2026-01-06 14:50:56.876587200,15.0,train,fit
9000014_1767710700,9000014,2026-01-06 14:45:00,10400339,2026-01-06 14:55:56.876587200,37.0,train,fit
9000014_1767720300,9000014,2026-01-06 17:25:00,10400552,2026-01-06 17:36:56.876587200,208.0,train,fit
9000014_1767720600,9000014,2026-01-06 17:30:00,10400193,2026-01-06 17:40:56.876587200,269.0,train,fit
9000014_1767720900,9000014,2026-01-06 17:35:00,10400076,2026-01-06 17:45:56.876587200,389.0,train,fit
9000014_1767721200,9000014,2026-01-06 17:40:00,10400683,2026-01-06 17:50:56.876587200,323.0,train,fit
9000014_1767721500,9000014,2026-01-06 17:45:00,10400017,2026-01-06 17:55:56.876587200,394.0,train,fit
9000014_1767721800,9000014,2026-01-06 17:50:00,10400104,2026-01-06 18:00:56.876587200,461.0,train,fit
9000014_1767722100,9000014,2026-01-06 17:55:00,10400133,2026-01-06 18:06:56.876587200,313.0,train,fit
9000014_1767722400,9000014,2026-01-06 18:00:00,10400010,2026-01-06 18:10:56.876587200,458.0,train,fit
9000014_1767722700,9000014,2026-01-06 18:05:00,10400188,2026-01-06 18:16:56.876587200,314.0,train,fit
9000014_1767723000,9000014,2026-01-06 18:10:00,10400501,2026-01-06 18:20:56.876587200,257.0,train,fit
9000014_1767723300,9000014,2026-01-06 18:15:00,10400679,2026-01-06 18:26:56.876587200,283.0,train,fit
9000014_1767723600,9000014,2026-01-06 18:20:00,10400564,2026-01-06 18:33:56.876587200,324.0,train,fit
9000014_1767723900,9000014,2026-01-06 18:25:00,10400132,2026-01-06 18:35:56.876587200,293.0,train,fit
9000014_1767724200,9000014,2026-01-06 18:30:00,10400008,2026-01-06 18:40:56.876587200,248.0,train,fit
9000014_1767724500,9000014,2026-01-06 18:35:00,10400164,2026-01-06 18:46:56.876587200,62.0,train,fit
9000014_1767724800,9000014,2026-01-06 18:40:00,10400431,2026-01-06 18:50:56.876587200,21.0,train,fit
9000014_1767725100,9000014,2026-01-06 18:45:00,10400569,2026-01-06 18:55:56.876587200,28.0,train,fit
9000014_1767729300,9000014,2026-01-06 19:55:00,10400222,2026-01-06 20:05:56.876587200,47.0,train,fit
9000014_1767729600,9000014,2026-01-06 20:00:00,10400006,2026-01-06 20:10:56.876587200,171.0,train,fit
9000014_1767729900,9000014,2026-01-06 20:05:00,10400224,2026-01-06 20:15:56.876587200,101.0,train,fit
9000014_1767730200,9000014,2026-01-06 20:10:00,10400106,2026-01-06 20:21:56.876587200,279.0,train,fit
9000014_1767730500,9000014,2026-01-06 20:15:00,10400227,2026-01-06 20:25:56.876587200,247.0,train,fit
9000014_1767730800,9000014,2026-01-06 20:20:00,10400437,2026-01-06 20:31:56.876587200,139.0,train,fit
9000014_1767731100,9000014,2026-01-06 20:25:00,10400077,2026-01-06 20:35:56.876587200,203.0,train,fit
9000014_1767731400,9000014,2026-01-06 20:30:00,10400204,2026-01-06 20:41:56.876587200,175.0,train,fit
9000014_1767731700,9000014,2026-01-06 20:35:00,10400205,2026-01-06 20:45:56.876587200,364.0,train,fit
9000014_1767732000,9000014,2026-01-06 20:40:00,10400005,2026-01-06 20:51:56.876587200,321.0,train,fit
9000014_1767732300,9000014,2026-01-06 20:45:00,10400206,2026-01-06 20:56:56.876587200,314.0,train,fit
9000014_1767732600,9000014,2026-01-06 20:50:00,10400155,2026-01-06 21:00:56.876587200,149.0,train,fit
9000014_1767732900,9000014,2026-01-06 20:55:00,10400301,2026-01-06 21:05:56.876587200,215.0,train,fit
9000014_1767736500,9000014,2026-01-06 21:55:00,10400300,2026-01-06 22:09:56.876587200,75.0,train,fit
9000014_1767736800,9000014,2026-01-06 22:00:00,10400298,2026-01-06 22:10:56.876587200,75.0,train,fit
9000014_1767737100,9000014,2026-01-06 22:05:00,10400199,2026-01-06 22:16:56.876587200,75.0,train,fit
9000014_1767737400,9000014,2026-01-06 22:10:00,10400304,2026-01-06 22:20:56.876587200,103.0,train,fit
9000014_1767737700,9000014,2026-01-06 22:15:00,10400675,2026-01-06 22:25:56.876587200,107.0,train,fit
9000014_1767738000,9000014,2026-01-06 22:20:00,10400293,2026-01-06 22:31:56.876587200,100.0,train,fit
9000014_1767738300,9000014,2026-01-06 22:25:00,10400038,2026-01-06 22:35:56.876587200,114.0,train,fit
9000014_1767738600,9000014,2026-01-06 22:30:00,10400307,2026-01-06 22:40:56.876587200,68.0,train,fit
9000014_1767738900,9000014,2026-01-06 22:35:00,10400409,2026-01-06 22:45:56.876587200,0.0,train,fit
9000014_1767739200,9000014,2026-01-06 22:40:00,10400429,2026-01-06 22:50:56.876587200,-3.0,train,fit
9000014_1767739500,9000014,2026-01-06 22:45:00,10400463,2026-01-06 22:55:56.876587200,-16.0,train,fit
9000014_1767739800,9000014,2026-01-06 22:50:00,10400687,2026-01-06 23:00:56.876587200,133.0,train,fit
9000014_1767740100,9000014,2026-01-06 22:55:00,10400049,2026-01-06 23:05:56.876587200,113.0,train,fit
9000014_1767740400,9000014,2026-01-06 23:00:00,10400094,2026-01-06 23:10:56.876587200,65.0,train,fit
9000014_1767740700,9000014,2026-01-06 23:05:00,10400289,2026-01-06 23:16:56.876587200,-1.0,train,fit
9000014_1767741000,9000014,2026-01-06 23:10:00,10400191,2026-01-06 23:21:56.876587200,187.0,train,fit
9000014_1767741900,9000014,2026-01-06 23:25:00,10400270,2026-01-06 23:39:56.876587200,62.0,train,fit
9000014_1767742200,9000014,2026-01-06 23:30:00,10400269,2026-01-06 23:40:56.876587200,62.0,train,fit
9000014_1767742500,9000014,2026-01-06 23:35:00,10400055,2026-01-06 23:46:56.876587200,62.0,train,fit
9000015_1767668400,9000015,2026-01-06 03:00:00,10500658,2026-01-06 03:10:10.268893882,-6.0,train,fit
9000015_1767668700,9000015,2026-01-06 03:05:00,10500663,2026-01-06 03:15:10.268893882,43.0,train,fit
9000015_1767669000,9000015,2026-01-06 03:10:00,10500649,2026-01-06 03:21:10.268893882,-2.0,train,fit
9000015_1767669300,9000015,2026-01-06 03:15:00,10500653,2026-01-06 03:25:10.268893882,20.0,train,fit
9000015_1767669600,9000015,2026-01-06 03:20:00,10500241,2026-01-06 03:30:10.268893882,134.0,train,fit
9000015_1767669900,9000015,2026-01-06 03:25:00,10500261,2026-01-06 03:35:10.268893882,-50.0,train,fit
9000015_1767670200,9000015,2026-01-06 03:30:00,10500253,2026-01-06 03:40:10.268893882,18.0,train,fit
9000015_1767670500,9000015,2026-01-06 03:35:00,10500251,2026-01-06 03:46:10.268893882,-8.0,train,fit
9000015_1767670800,9000015,2026-01-06 03:40:00,10500499,2026-01-06 03:50:10.268893882,132.0,train,fit
9000015_1767671100,9000015,2026-01-06 03:45:00,10500496,2026-01-06 03:55:10.268893882,33.0,train,fit
9000015_1767671400,9000015,2026-01-06 03:50:00,10500487,2026-01-06 04:00:10.268893882,2.0,train,fit
9000015_1767671700,9000015,2026-01-06 03:55:00,10500314,2026-01-06 04:05:10.268893882,81.0,train,fit
9000015_1767672000,9000015,2026-01-06 04:00:00,10500353,2026-01-06 04:14:10.268893882,69.0,train,fit
9000015_1767672300,9000015,2026-01-06 04:05:00,10500354,2026-01-06 04:15:10.268893882,73.0,train,fit
9000015_1767672600,9000015,2026-01-06 04:10:00,10500538,2026-01-06 04:21:10.268893882,67.0,train,fit
9000015_1767672900,9000015,2026-01-06 04:15:00,10500349,2026-01-06 04:25:10.268893882,212.0,train,fit
9000015_1767673200,9000015,2026-01-06 04:20:00,10500541,2026-01-06 04:30:10.268893882,159.0,train,fit
9000015_1767673500,9000015,2026-01-06 04:25:00,10500539,2026-01-06 04:37:10.268893882,196.0,train,fit
9000015_1767673800,9000015,2026-01-06 04:30:00,10500536,2026-01-06 04:41:10.268893882,216.0,train,fit
9000015_1767674100,9000015,2026-01-06 04:35:00,10500530,2026-01-06 04:45:10.268893882,309.0,train,fit
9000015_1767674400,9000015,2026-01-06 04:40:00,10500398,2026-01-06 04:51:10.268893882,325.0,train,fit
9000015_1767674700,9000015,2026-01-06 04:45:00,10500590,2026-01-06 04:55:10.268893882,271.0,train,fit
9000015_1767675000,9000015,2026-01-06 04:50:00,10500389,2026-01-06 05:00:10.268893882,337.0,train,fit
9000015_1767675300,9000015,2026-01-06 04:55:00,10500621,2026-01-06 05:05:10.268893882,150.0,train,fit
9000015_1767675600,9000015,2026-01-06 05:00:00,10500397,2026-01-06 05:11:10.268893882,162.0,train,fit
9000015_1767675900,9000015,2026-01-06 05:05:00,10500585,2026-01-06 05:15:10.268893882,292.0,train,fit
9000015_1767676200,9000015,2026-01-06 05:10:00,10500395,2026-01-06 05:20:10.268893882,113.0,train,fit
9000015_1767676500,9000015,2026-01-06 05:15:00,10500589,2026-01-06 05:25:10.268893882,56.0,train,fit
9000015_1767676800,9000015,2026-01-06 05:20:00,10500583,2026-01-06 05:30:10.268893882,149.0,train,fit
9000015_1767681600,9000015,2026-01-06 06:40:00,10500021,2026-01-06 06:51:10.268893882,25.0,train,fit
9000015_1767681900,9000015,2026-01-06 06:45:00,10500115,2026-01-06 06:58:10.268893882,25.0,train,fit
9000015_1767682200,9000015,2026-01-06 06:50:00,10500214,2026-01-06 07:00:10.268893882,25.0,train,fit
9000015_1767682500,9000015,2026-01-06 06:55:00,10500052,2026-01-06 07:05:10.268893882,71.0,train,fit
9000015_1767682800,9000015,2026-01-06 07:00:00,10500523,2026-01-06 07:10:10.268893882,-40.0,train,fit
9000015_1767683100,9000015,2026-01-06 07:05:00,10500521,2026-01-06 07:15:10.268893882,-30.0,train,fit
9000015_1767683400,9000015,2026-01-06 07:10:00,10500616,2026-01-06 07:20:10.268893882,64.0,train,fit
9000015_1767683700,9000015,2026-01-06 07:15:00,10500444,2026-01-06 07:25:10.268893882,108.0,train,fit
9000015_1767684000,9000015,2026-01-06 07:20:00,10500524,2026-01-06 07:30:10.268893882,51.0,train,fit
9000015_1767684300,9000015,2026-01-06 07:25:00,10500579,2026-01-06 07:35:10.268893882,-93.0,train,fit
9000015_1767684600,9000015,2026-01-06 07:30:00,10500111,2026-01-06 07:40:10.268893882,-56.0,train,fit
9000015_1767684900,9000015,2026-01-06 07:35:00,10500056,2026-01-06 07:46:10.268893882,253.0,train,fit
9000015_1767685200,9000015,2026-01-06 07:40:00,10500624,2026-01-06 07:50:10.268893882,303.0,train,fit
9000015_1767685500,9000015,2026-01-06 07:45:00,10500375,2026-01-06 07:55:10.268893882,383.0,train,fit
9000015_1767685800,9000015,2026-01-06 07:50:00,10500377,2026-01-06 08:01:10.268893882,260.0,train,fit
9000015_1767686100,9000015,2026-01-06 07:55:00,10500378,2026-01-06 08:05:10.268893882,165.0,train,fit
9000015_1767686400,9000015,2026-01-06 08:00:00,10500053,2026-01-06 08:11:10.268893882,166.0,train,fit
9000015_1767687000,9000015,2026-01-06 08:10:00,10500656,2026-01-06 08:23:10.268893882,231.0,train,fit
9000015_1767687300,9000015,2026-01-06 08:15:00,10500659,2026-01-06 08:25:10.268893882,149.0,train,fit
9000015_1767687600,9000015,2026-01-06 08:20:00,10500550,2026-01-06 08:30:10.268893882,149.0,train,fit
9000015_1767687900,9000015,2026-01-06 08:25:00,10500100,2026-01-06 08:36:10.268893882,161.0,train,fit
9000015_1767688200,9000015,2026-01-06 08:30:00,10500216,2026-01-06 08:40:10.268893882,135.0,train,fit
9000015_1767688500,9000015,2026-01-06 08:35:00,10500442,2026-01-06 08:45:10.268893882,33.0,train,fit
9000015_1767688800,9000015,2026-01-06 08:40:00,10500542,2026-01-06 08:50:10.268893882,65.0,train,fit
9000015_1767689100,9000015,2026-01-06 08:45:00,10500548,2026-01-06 08:56:10.268893882,48.0,train,fit
9000015_1767689400,9000015,2026-01-06 08:50:00,10500543,2026-01-06 09:00:10.268893882,56.0,train,fit
9000015_1767689700,9000015,2026-01-06 08:55:00,10500151,2026-01-06 09:07:10.268893882,-158.0,train,fit
9000015_1767690000,9000015,2026-01-06 09:00:00,10500440,2026-01-06 09:10:10.268893882,-168.0,train,fit
9000015_1767690300,9000015,2026-01-06 09:05:00,10500248,2026-01-06 09:15:10.268893882,249.0,train,fit
9000015_1767690600,9000015,2026-01-06 09:10:00,10500232,2026-01-06 09:20:10.268893882,193.0,train,fit
9000015_1767690900,9000015,2026-01-06 09:15:00,10500033,2026-01-06 09:25:10.268893882,318.0,train,fit
9000015_1767691200,9000015,2026-01-06 09:20:00,10500027,2026-01-06 09:30:10.268893882,294.0,train,fit
9000015_1767691500,9000015,2026-01-06 09:25:00,10500250,2026-01-06 09:35:10.268893882,124.0,train,fit
9000015_1767691800,9000015,2026-01-06 09:30:00,10500028,2026-01-06 09:40:10.268893882,80.0,train,fit
9000015_1767692100,9000015,2026-01-06 09:35:00,10500025,2026-01-06 09:45:10.268893882,-15.0,train,fit
9000015_1767695100,9000015,2026-01-06 10:25:00,10500422,2026-01-06 10:35:10.268893882,-225.0,train,fit
9000015_1767695400,9000015,2026-01-06 10:30:00,10500607,2026-01-06 10:42:10.268893882,-225.0,train,fit
9000015_1767695700,9000015,2026-01-06 10:35:00,10500640,2026-01-06 10:45:10.268893882,-225.0,train,fit
9000015_1767696000,9000015,2026-01-06 10:40:00,10500369,2026-01-06 10:52:10.268893882,112.0,train,fit
9000015_1767696300,9000015,2026-01-06 10:45:00,10500404,2026-01-06 10:55:10.268893882,71.0,train,fit
9000015_1767696600,9000015,2026-01-06 10:50:00,10500363,2026-01-06 11:02:10.268893882,102.0,train,fit
9000015_1767696900,9000015,2026-01-06 10:55:00,10500043,2026-01-06 11:06:10.268893882,149.0,train,fit
9000015_1767697200,9000015,2026-01-06 11:00:00,10500365,2026-01-06 11:10:10.268893882,194.0,train,fit
9000015_1767697500,9000015,2026-01-06 11:05:00,10500060,2026-01-06 11:15:10.268893882,75.0,train,fit
9000015_1767697800,9000015,2026-01-06 11:10:00,10500019,2026-01-06 11:20:10.268893882,11.0,train,fit
9000015_1767698100,9000015,2026-01-06 11:15:00,10500127,2026-01-06 11:25:10.268893882,74.0,train,fit
9000015_1767698400,9000015,2026-01-06 11:20:00,10500042,2026-01-06 11:31:10.268893882,-78.0,train,fit
9000015_1767698700,9000015,2026-01-06 11:25:00,10500091,2026-01-06 11:35:10.268893882,228.0,train,fit
9000015_1767699000,9000015,2026-01-06 11:30:00,10500595,2026-01-06 11:40:10.268893882,296.0,train,fit
9000015_1767699300,9000015,2026-01-06 11:35:00,10500163,2026-01-06 11:46:10.268893882,112.0,train,fit
9000015_1767699600,9000015,2026-01-06 11:40:00,10500400,2026-01-06 11:50:10.268893882,33.0,train,fit
9000015_1767699900,9000015,2026-01-06 11:45:00,10500143,2026-01-06 11:56:10.268893882,51.0,train,fit
9000015_1767700800,9000015,2026-01-06 12:00:00,10500667,2026-01-06 12:10:10.268893882,76.0,train,fit
9000015_1767701100,9000015,2026-01-06 12:05:00,10500097,2026-01-06 12:17:10.268893882,76.0,train,fit
9000015_1767701400,9000015,2026-01-06 12:10:00,10500246,2026-01-06 12:20:10.268893882,76.0,train,fit
9000015_1767701700,9000015,2026-01-06 12:15:00,10500080,2026-01-06 12:27:10.268893882,7.0,train,fit
9000015_1767702000,9000015,2026-01-06 12:20:00,10500581,2026-01-06 12:30:10.268893882,-118.0,train,fit
9000015_1767702300,9000015,2026-01-06 12:25:00,10500599,2026-01-06 12:37:10.268893882,-123.0,train,fit
9000015_1767702600,9000015,2026-01-06 12:30:00,10500024,2026-01-06 12:41:10.268893882,-117.0,train,fit
9000015_1767702900,9000015,2026-01-06 12:35:00,10500192,2026-01-06 12:45:10.268893882,-38.0,train,fit
9000015_1767703200,9000015,2026-01-06 12:40:00,10500050,2026-01-06 12:50:10.268893882,-216.0,train,fit
9000015_1767703500,9000015,2026-01-06 12:45:00,10500479,2026-01-06 12:55:10.268893882,-264.0,train,fit
9000015_1767703800,9000015,2026-01-06 12:50:00,10500626,2026-01-06 13:00:10.268893882,-249.0,train,fit
9000015_1767704100,9000015,2026-01-06 12:55:00,10500402,2026-01-06 13:06:10.268893882,55.0,train,fit
9000015_1767704400,9000015,2026-01-06 13:00:00,10500233,2026-01-06 13:10:10.268893882,103.0,train,fit
9000015_1767704700,9000015,2026-01-06 13:05:00,10500476,2026-01-06 13:15:10.268893882,82.0,train,fit
9000015_1767705000,9000015,2026-01-06 13:10:00,10500622,2026-01-06 13:21:10.268893882,-41.0,train,fit
9000015_1767705300,9000015,2026-01-06 13:15:00,10500059,2026-01-06 13:25:10.268893882,-183.0,train,fit
9000015_1767705600,9000015,2026-01-06 13:20:00,10500484,2026-01-06 13:31:10.268893882,-148.0,train,fit
9000015_1767706500,9000015,2026-01-06 13:35:00,10500112,2026-01-06 13:45:10.268893882,-99.0,train,fit
9000015_1767706800,9000015,2026-01-06 13:40:00,10500609,2026-01-06 13:52:10.268893882,-99.0,train,fit
9000015_1767707100,9000015,2026-01-06 13:45:00,10500456,2026-01-06 13:55:10.268893882,-99.0,train,fit
9000015_1767707400,9000015,2026-01-06 13:50:00,10500655,2026-01-06 14:02:10.268893882,20.0,train,fit
9000015_1767707700,9000015,2026-01-06 13:55:00,10500572,2026-01-06 14:05:10.268893882,43.0,train,fit
9000015_1767708000,9000015,2026-01-06 14:00:00,10500376,2026-01-06 14:12:10.268893882,73.0,train,fit
9000015_1767708300,9000015,2026-01-06 14:05:00,10500346,2026-01-06 14:16:10.268893882,77.0,train,fit
9000015_1767708600,9000015,2026-01-06 14:10:00,10500373,2026-01-06 14:20:10.268893882,179.0,train,fit
9000015_1767708900,9000015,2026-01-06 14:15:00,10500219,2026-01-06 14:25:10.268893882,56.0,train,fit
9000015_1767709200,9000015,2026-01-06 14:20:00,10500116,2026-01-06 14:30:10.268893882,59.0,train,fit
9000015_1767709500,9000015,2026-01-06 14:25:00,10500061,2026-01-06 14:35:10.268893882,139.0,train,fit
9000015_1767709800,9000015,2026-01-06 14:30:00,10500605,2026-01-06 14:41:10.268893882,4.0,train,fit
9000015_1767710100,9000015,2026-01-06 14:35:00,10500023,2026-01-06 14:45:10.268893882,47.0,train,fit
9000015_1767710400,9000015,2026-01-06 14:40:00,10500322,2026-01-06 14:50:10.268893882,182.0,train,fit
9000015_1767710700,9000015,2026-01-06 14:45:00,10500058,2026-01-06 14:56:10.268893882,44.0,train,fit
9000015_1767711000,9000015,2026-01-06 14:50:00,10500606,2026-01-06 15:00:10.268893882,48.0,train,fit
9000015_1767711300,9000015,2026-01-06 14:55:00,10500136,2026-01-06 15:06:10.268893882,103.0,train,fit
9000015_1767712200,9000015,2026-01-06 15:10:00,10500654,2026-01-06 15:21:10.268893882,169.0,train,fit
9000015_1767712500,9000015,2026-01-06 15:15:00,10500512,2026-01-06 15:28:10.268893882,169.0,train,fit
9000015_1767712800,9000015,2026-01-06 15:20:00,10500513,2026-01-06 15:30:10.268893882,169.0,train,fit
9000015_1767713100,9000015,2026-01-06 15:25:00,10500516,2026-01-06 15:35:10.268893882,-4.0,train,fit
9000015_1767713400,9000015,2026-01-06 15:30:00,10500034,2026-01-06 15:40:10.268893882,78.0,train,fit
9000015_1767713700,9000015,2026-01-06 15:35:00,10500509,2026-01-06 15:45:10.268893882,119.0,train,fit
9000015_1767723300,9000015,2026-01-06 18:15:00,10500554,2026-01-06 18:26:10.268893882,197.0,train,fit
9000015_1767723600,9000015,2026-01-06 18:20:00,10500620,2026-01-06 18:30:10.268893882,373.0,train,fit
9000015_1767723900,9000015,2026-01-06 18:25:00,10500637,2026-01-06 18:35:10.268893882,341.0,train,fit
9000015_1767724200,9000015,2026-01-06 18:30:00,10500678,2026-01-06 18:40:10.268893882,302.0,train,fit
9000015_1767724500,9000015,2026-01-06 18:35:00,10500072,2026-01-06 18:45:10.268893882,408.0,train,fit
9000015_1767724800,9000015,2026-01-06 18:40:00,10500107,2026-01-06 18:50:10.268893882,383.0,train,fit
9000015_1767725100,9000015,2026-01-06 18:45:00,10500316,2026-01-06 18:55:10.268893882,395.0,train,fit
9000015_1767725400,9000015,2026-01-06 18:50:00,10500313,2026-01-06 19:00:10.268893882,463.0,train,fit
9000015_1767725700,9000015,2026-01-06 18:55:00,10500408,2026-01-06 19:05:10.268893882,282.0,train,fit
9000015_1767726000,9000015,2026-01-06 19:00:00,10500319,2026-01-06 19:11:10.268893882,281.0,train,fit
9000015_1767726300,9000015,2026-01-06 19:05:00,10500320,2026-01-06 19:16:10.268893882,358.0,train,fit
9000015_1767726600,9000015,2026-01-06 19:10:00,10500564,2026-01-06 19:21:10.268893882,276.0,train,fit
9000015_1767726900,9000015,2026-01-06 19:15:00,10500008,2026-01-06 19:28:10.268893882,253.0,train,fit
9000015_1767727200,9000015,2026-01-06 19:20:00,10500044,2026-01-06 19:30:10.268893882,287.0,train,fit
9000015_1767727500,9000015,2026-01-06 19:25:00,10500140,2026-01-06 19:35:10.268893882,33.0,train,fit
9000015_1767727800,9000015,2026-01-06 19:30:00,10500562,2026-01-06 19:40:10.268893882,28.0,train,fit
9000015_1767728100,9000015,2026-01-06 19:35:00,10500003,2026-01-06 19:46:10.268893882,43.0,train,fit
9000015_1767732300,9000015,2026-01-06 20:45:00,10500438,2026-01-06 20:56:10.268893882,147.0,train,fit
9000015_1767732600,9000015,2026-01-06 20:50:00,10500220,2026-01-06 21:01:10.268893882,168.0,train,fit
9000015_1767732900,9000015,2026-01-06 20:55:00,10500225,2026-01-06 21:05:10.268893882,229.0,train,fit
9000015_1767733200,9000015,2026-01-06 21:00:00,10500131,2026-01-06 21:11:10.268893882,273.0,train,fit
9000015_1767733500,9000015,2026-01-06 21:05:00,10500474,2026-01-06 21:15:10.268893882,272.0,train,fit
9000015_1767733800,9000015,2026-01-06 21:10:00,10500201,2026-01-06 21:21:10.268893882,140.0,train,fit
9000015_1767734100,9000015,2026-01-06 21:15:00,10500117,2026-01-06 21:25:10.268893882,227.0,train,fit
9000015_1767734400,9000015,2026-01-06 21:20:00,10500466,2026-01-06 21:31:10.268893882,54.0,train,fit
9000015_1767734700,9000015,2026-01-06 21:25:00,10500680,2026-01-06 21:36:10.268893882,346.0,train,fit
9000015_1767735000,9000015,2026-01-06 21:30:00,10500294,2026-01-06 21:40:10.268893882,349.0,train,fit
9000015_1767735300,9000015,2026-01-06 21:35:00,10500142,2026-01-06 21:45:10.268893882,211.0,train,fit
9000015_1767735600,9000015,2026-01-06 21:40:00,10500208,2026-01-06 21:50:10.268893882,159.0,train,fit
9000015_1767735900,9000015,2026-01-06 21:45:00,10500297,2026-01-06 21:55:10.268893882,162.0,train,fit
9000015_1767739500,9000015,2026-01-06 22:45:00,10500300,2026-01-06 22:57:10.268893882,86.0,train,fit
9000015_1767739800,9000015,2026-01-06 22:50:00,10500302,2026-01-06 23:02:10.268893882,86.0,train,fit
9000015_1767740100,9000015,2026-01-06 22:55:00,10500406,2026-01-06 23:05:10.268893882,86.0,train,fit
9000015_1767740400,9000015,2026-01-06 23:00:00,10500305,2026-01-06 23:10:10.268893882,61.0,train,fit
9000015_1767740700,9000015,2026-01-06 23:05:00,10500290,2026-01-06 23:15:10.268893882,66.0,train,fit
9000015_1767741000,9000015,2026-01-06 23:10:00,10500295,2026-01-06 23:21:10.268893882,127.0,train,fit
9000015_1767741300,9000015,2026-01-06 23:15:00,10500074,2026-01-06 23:25:10.268893882,129.0,train,fit
9000015_1767741600,9000015,2026-01-06 23:20:00,10500309,2026-01-06 23:30:10.268893882,67.0,train,fit
9000015_1767741900,9000015,2026-01-06 23:25:00,10500612,2026-01-06 23:35:10.268893882,-23.0,train,fit
9000015_1767742200,9000015,2026-01-06 23:30:00,10500633,2026-01-06 23:40:10.268893882,15.0,train,fit
9000015_1767742500,9000015,2026-01-06 23:35:00,10500284,2026-01-06 23:45:10.268893882,178.0,train,fit
9000015_1767742800,9000015,2026-01-06 23:40:00,10500007,2026-01-06 23:50:10.268893882,143.0,train,fit
9000015_1767743100,9000015,2026-01-06 23:45:00,10500286,2026-01-06 23:55:10.268893882,116.0,train,fit
9000015_1767743400,9000015,2026-01-06 23:50:00,10500287,2026-01-07 00:01:10.268893882,85.0,train,fit
9000015_1767743700,9000015,2026-01-06 23:55:00,10500129,2026-01-07 00:05:10.268893882,136.0,train,fit
9000015_1767744900,9000015,2026-01-07 00:15:00,10500270,2026-01-07 00:27:10.268893882,108.0,train,fit
9000015_1767745200,9000015,2026-01-07 00:20:00,10500262,2026-01-07 00:32:10.268893882,108.0,train,fit
9000015_1767745500,9000015,2026-01-07 00:25:00,10500263,2026-01-07 00:35:10.268893882,108.0,train,fit
9000016_1767677100,9000016,2026-01-06 05:25:00,10600214,2026-01-06 05:35:40.807087695,0.0,train,fit
9000016_1767677400,9000016,2026-01-06 05:30:00,10600215,2026-01-06 05:40:40.807087695,0.0,train,fit
9000016_1767677700,9000016,2026-01-06 05:35:00,10600211,2026-01-06 05:45:40.807087695,0.0,train,fit
9000016_1767678000,9000016,2026-01-06 05:40:00,10600228,2026-01-06 05:50:40.807087695,188.0,train,fit
9000016_1767678300,9000016,2026-01-06 05:45:00,10600221,2026-01-06 05:55:40.807087695,161.0,train,fit
9000016_1767678600,9000016,2026-01-06 05:50:00,10600219,2026-01-06 06:00:40.807087695,163.0,train,fit
9000016_1767679500,9000016,2026-01-06 06:05:00,10600227,2026-01-06 06:15:40.807087695,285.0,train,fit
9000016_1767679800,9000016,2026-01-06 06:10:00,10600038,2026-01-06 06:20:40.807087695,285.0,train,fit
9000016_1767680100,9000016,2026-01-06 06:15:00,10600312,2026-01-06 06:25:40.807087695,285.0,train,fit
9000016_1767680400,9000016,2026-01-06 06:20:00,10600004,2026-01-06 06:30:40.807087695,137.0,train,fit
9000016_1767680700,9000016,2026-01-06 06:25:00,10600233,2026-01-06 06:35:40.807087695,73.0,train,fit
9000016_1767681000,9000016,2026-01-06 06:30:00,10600316,2026-01-06 06:40:40.807087695,36.0,train,fit
9000016_1767681900,9000016,2026-01-06 06:45:00,10600347,2026-01-06 06:55:40.807087695,109.0,train,fit
9000016_1767682200,9000016,2026-01-06 06:50:00,10600011,2026-01-06 07:00:40.807087695,109.0,train,fit
9000016_1767682500,9000016,2026-01-06 06:55:00,10600332,2026-01-06 07:05:40.807087695,109.0,train,fit
9000016_1767682800,9000016,2026-01-06 07:00:00,10600009,2026-01-06 07:10:40.807087695,38.0,train,fit
9000016_1767683100,9000016,2026-01-06 07:05:00,10600329,2026-01-06 07:15:40.807087695,18.0,train,fit
9000016_1767683400,9000016,2026-01-06 07:10:00,10600330,2026-01-06 07:20:40.807087695,20.0,train,fit
9000016_1767684000,9000016,2026-01-06 07:20:00,10600003,2026-01-06 07:30:40.807087695,-12.0,train,fit
9000016_1767684300,9000016,2026-01-06 07:25:00,10600311,2026-01-06 07:35:40.807087695,190.0,train,fit
9000016_1767684600,9000016,2026-01-06 07:30:00,10600335,2026-01-06 07:40:40.807087695,190.0,train,fit
9000016_1767684900,9000016,2026-01-06 07:35:00,10600231,2026-01-06 07:45:40.807087695,194.0,train,fit
9000016_1767685200,9000016,2026-01-06 07:40:00,10600323,2026-01-06 07:50:40.807087695,113.0,train,fit
9000016_1767685500,9000016,2026-01-06 07:45:00,10600318,2026-01-06 07:55:40.807087695,138.0,train,fit
9000016_1767686100,9000016,2026-01-06 07:55:00,10600029,2026-01-06 08:05:40.807087695,271.0,train,fit
9000016_1767686400,9000016,2026-01-06 08:00:00,10600230,2026-01-06 08:10:40.807087695,273.0,train,fit
9000016_1767686700,9000016,2026-01-06 08:05:00,10600026,2026-01-06 08:15:40.807087695,273.0,train,fit
9000016_1767687000,9000016,2026-01-06 08:10:00,10600351,2026-01-06 08:20:40.807087695,224.0,train,fit
9000016_1767687300,9000016,2026-01-06 08:15:00,10600021,2026-01-06 08:25:40.807087695,270.0,train,fit
9000016_1767687600,9000016,2026-01-06 08:20:00,10600017,2026-01-06 08:30:40.807087695,227.0,train,fit
9000016_1767688200,9000016,2026-01-06 08:30:00,10600025,2026-01-06 08:42:40.807087695,367.0,train,fit
9000016_1767691500,9000016,2026-01-06 09:25:00,10600254,2026-01-06 09:35:40.807087695,0.0,train,fit
9000016_1767691800,9000016,2026-01-06 09:30:00,10600245,2026-01-06 09:40:40.807087695,0.0,train,fit
9000016_1767692100,9000016,2026-01-06 09:35:00,10600249,2026-01-06 09:45:40.807087695,0.0,train,fit
9000016_1767692400,9000016,2026-01-06 09:40:00,10600242,2026-01-06 09:50:40.807087695,-6.0,train,fit
9000016_1767692700,9000016,2026-01-06 09:45:00,10600238,2026-01-06 09:56:40.807087695,-8.0,train,fit
9000016_1767693000,9000016,2026-01-06 09:50:00,10600034,2026-01-06 10:01:40.807087695,104.0,train,fit
9000016_1767693300,9000016,2026-01-06 09:55:00,10600031,2026-01-06 10:05:40.807087695,130.0,train,fit
9000016_1767693900,9000016,2026-01-06 10:05:00,10600294,2026-01-06 10:15:40.807087695,141.0,train,fit
9000016_1767694200,9000016,2026-01-06 10:10:00,10600292,2026-01-06 10:20:40.807087695,171.0,train,fit
9000016_1767694500,9000016,2026-01-06 10:15:00,10600290,2026-01-06 10:25:40.807087695,171.0,train,fit
9000016_1767694800,9000016,2026-01-06 10:20:00,10600286,2026-01-06 10:30:40.807087695,-104.0,train,fit
9000016_1767695100,9000016,2026-01-06 10:25:00,10600058,2026-01-06 10:36:40.807087695,-108.0,train,fit
9000016_1767695400,9000016,2026-01-06 10:30:00,10600054,2026-01-06 10:41:40.807087695,47.0,train,fit
9000016_1767695700,9000016,2026-01-06 10:35:00,10600051,2026-01-06 10:45:40.807087695,-10.0,train,fit
9000016_1767696300,9000016,2026-01-06 10:45:00,10600050,2026-01-06 10:55:40.807087695,173.0,train,fit
9000016_1767696600,9000016,2026-01-06 10:50:00,10600282,2026-01-06 11:00:40.807087695,185.0,train,fit
9000016_1767696900,9000016,2026-01-06 10:55:00,10600279,2026-01-06 11:05:40.807087695,185.0,train,fit
9000016_1767697200,9000016,2026-01-06 11:00:00,10600275,2026-01-06 11:10:40.807087695,-36.0,train,fit
9000016_1767697500,9000016,2026-01-06 11:05:00,10600271,2026-01-06 11:16:40.807087695,-6.0,train,fit
9000016_1767697800,9000016,2026-01-06 11:10:00,10600046,2026-01-06 11:21:40.807087695,82.0,train,fit
9000016_1767698100,9000016,2026-01-06 11:15:00,10600043,2026-01-06 11:25:40.807087695,92.0,train,fit
9000016_1767698700,9000016,2026-01-06 11:25:00,10600296,2026-01-06 11:35:40.807087695,204.0,train,fit
9000016_1767699000,9000016,2026-01-06 11:30:00,10600079,2026-01-06 11:40:40.807087695,253.0,train,fit
9000016_1767699300,9000016,2026-01-06 11:35:00,10600076,2026-01-06 11:45:40.807087695,253.0,train,fit
9000016_1767699600,9000016,2026-01-06 11:40:00,10600072,2026-01-06 11:50:40.807087695,34.0,train,fit
9000016_1767703800,9000016,2026-01-06 12:50:00,10600096,2026-01-06 13:00:40.807087695,265.0,train,fit
9000016_1767704100,9000016,2026-01-06 12:55:00,10600093,2026-01-06 13:05:40.807087695,265.0,train,fit
9000016_1767704400,9000016,2026-01-06 13:00:00,10600089,2026-01-06 13:10:40.807087695,29.0,train,fit
9000016_1767704700,9000016,2026-01-06 13:05:00,10600085,2026-01-06 13:16:40.807087695,102.0,train,fit
9000016_1767705000,9000016,2026-01-06 13:10:00,10600299,2026-01-06 13:21:40.807087695,102.0,train,fit
9000016_1767705600,9000016,2026-01-06 13:20:00,10600104,2026-01-06 13:31:40.807087695,181.0,train,fit
9000016_1767718200,9000016,2026-01-06 16:50:00,10600164,2026-01-06 17:01:40.807087695,-43.0,train,fit
9000016_1767718500,9000016,2026-01-06 16:55:00,10600161,2026-01-06 17:05:40.807087695,-106.0,train,fit
9000016_1767718800,9000016,2026-01-06 17:00:00,10600204,2026-01-06 17:13:40.807087695,114.0,train,fit
9000016_1767719100,9000016,2026-01-06 17:05:00,10600205,2026-01-06 17:15:40.807087695,129.0,train,fit
9000016_1767719400,9000016,2026-01-06 17:10:00,10600200,2026-01-06 17:21:40.807087695,138.0,train,fit
9000016_1767719700,9000016,2026-01-06 17:15:00,10600197,2026-01-06 17:25:40.807087695,-29.0,train,fit
9000016_1767720000,9000016,2026-01-06 17:20:00,10600193,2026-01-06 17:30:40.807087695,34.0,train,fit
9000016_1767720300,9000016,2026-01-06 17:25:00,10600189,2026-01-06 17:35:40.807087695,-29.0,train,fit
9000016_1767720600,9000016,2026-01-06 17:30:00,10600186,2026-01-06 17:40:40.807087695,10.0,train,fit
9000016_1767721200,9000016,2026-01-06 17:40:00,10600160,2026-01-06 17:51:40.807087695,165.0,train,fit
9000016_1767721500,9000016,2026-01-06 17:45:00,10600157,2026-01-06 17:56:40.807087695,243.0,train,fit
9000016_1767721800,9000016,2026-01-06 17:50:00,10600154,2026-01-06 18:01:40.807087695,243.0,train,fit
9000016_1767722100,9000016,2026-01-06 17:55:00,10600150,2026-01-06 18:06:40.807087695,49.0,train,fit
9000016_1767722400,9000016,2026-01-06 18:00:00,10600147,2026-01-06 18:10:40.807087695,39.0,train,fit
9000016_1767722700,9000016,2026-01-06 18:05:00,10600143,2026-01-06 18:15:40.807087695,18.0,train,fit
9000016_1767723000,9000016,2026-01-06 18:10:00,10600106,2026-01-06 18:20:40.807087695,6.0,train,fit
9000016_1767723600,9000016,2026-01-06 18:20:00,10600140,2026-01-06 18:30:40.807087695,150.0,train,fit
9000016_1767723900,9000016,2026-01-06 18:25:00,10600137,2026-01-06 18:35:40.807087695,128.0,train,fit
9000016_1767724200,9000016,2026-01-06 18:30:00,10600132,2026-01-06 18:40:40.807087695,128.0,train,fit
9000016_1767724500,9000016,2026-01-06 18:35:00,10600128,2026-01-06 18:45:40.807087695,96.0,train,fit
9000016_1767724800,9000016,2026-01-06 18:40:00,10600123,2026-01-06 18:51:40.807087695,312.0,train,fit
9000016_1767725700,9000016,2026-01-06 18:55:00,10600206,2026-01-06 19:05:40.807087695,661.0,train,fit
9000017_1767675000,9000017,2026-01-06 04:50:00,10700214,2026-01-06 05:03:08.228144035,0.0,train,fit
9000017_1767675300,9000017,2026-01-06 04:55:00,10700210,2026-01-06 05:05:08.228144035,0.0,train,fit
9000017_1767675600,9000017,2026-01-06 05:00:00,10700213,2026-01-06 05:10:08.228144035,0.0,train,fit
9000017_1767675900,9000017,2026-01-06 05:05:00,10700212,2026-01-06 05:15:08.228144035,64.0,train,fit
9000017_1767676200,9000017,2026-01-06 05:10:00,10700220,2026-01-06 05:21:08.228144035,278.0,train,fit
9000017_1767676500,9000017,2026-01-06 05:15:00,10700218,2026-01-06 05:26:08.228144035,141.0,train,fit
9000017_1767676800,9000017,2026-01-06 05:20:00,10700207,2026-01-06 05:31:08.228144035,181.0,train,fit
9000017_1767677400,9000017,2026-01-06 05:30:00,10700227,2026-01-06 05:43:08.228144035,258.0,train,fit
9000017_1767677700,9000017,2026-01-06 05:35:00,10700014,2026-01-06 05:45:08.228144035,313.0,train,fit
9000017_1767678000,9000017,2026-01-06 05:40:00,10700308,2026-01-06 05:50:08.228144035,313.0,train,fit
9000017_1767678300,9000017,2026-01-06 05:45:00,10700350,2026-01-06 05:55:08.228144035,103.0,train,fit
9000017_1767678600,9000017,2026-01-06 05:50:00,10700010,2026-01-06 06:01:08.228144035,169.0,train,fit
9000017_1767678900,9000017,2026-01-06 05:55:00,10700313,2026-01-06 06:06:08.228144035,51.0,train,fit
9000017_1767679200,9000017,2026-01-06 06:00:00,10700315,2026-01-06 06:11:08.228144035,61.0,train,fit
9000017_1767679800,9000017,2026-01-06 06:10:00,10700347,2026-01-06 06:23:08.228144035,39.0,train,fit
9000017_1767680100,9000017,2026-01-06 06:15:00,10700348,2026-01-06 06:25:08.228144035,138.0,train,fit
9000017_1767680400,9000017,2026-01-06 06:20:00,10700012,2026-01-06 06:30:08.228144035,138.0,train,fit
9000017_1767680700,9000017,2026-01-06 06:25:00,10700340,2026-01-06 06:35:08.228144035,-22.0,train,fit
9000017_1767681000,9000017,2026-01-06 06:30:00,10700345,2026-01-06 06:41:08.228144035,38.0,train,fit
9000017_1767681300,9000017,2026-01-06 06:35:00,10700338,2026-01-06 06:46:08.228144035,13.0,train,fit
9000017_1767681600,9000017,2026-01-06 06:40:00,10700339,2026-01-06 06:51:08.228144035,36.0,train,fit
9000017_1767681900,9000017,2026-01-06 06:45:00,10700003,2026-01-06 06:58:08.228144035,-52.0,train,fit
9000017_1767682200,9000017,2026-01-06 06:50:00,10700002,2026-01-06 07:00:08.228144035,121.0,train,fit
9000017_1767682500,9000017,2026-01-06 06:55:00,10700344,2026-01-06 07:05:08.228144035,133.0,train,fit
9000017_1767682800,9000017,2026-01-06 07:00:00,10700322,2026-01-06 07:10:08.228144035,92.0,train,fit
9000017_1767683100,9000017,2026-01-06 07:05:00,10700320,2026-01-06 07:16:08.228144035,247.0,train,fit
9000017_1767683400,9000017,2026-01-06 07:10:00,10700319,2026-01-06 07:21:08.228144035,125.0,train,fit
9000017_1767683700,9000017,2026-01-06 07:15:00,10700327,2026-01-06 07:26:08.228144035,192.0,train,fit
9000017_1767684000,9000017,2026-01-06 07:20:00,10700029,2026-01-06 07:33:08.228144035,192.0,train,fit
9000017_1767684300,9000017,2026-01-06 07:25:00,10700030,2026-01-06 07:35:08.228144035,239.0,train,fit
9000017_1767684600,9000017,2026-01-06 07:30:00,10700305,2026-01-06 07:40:08.228144035,324.0,train,fit
9000017_1767684900,9000017,2026-01-06 07:35:00,10700346,2026-01-06 07:45:08.228144035,82.0,train,fit
9000017_1767685200,9000017,2026-01-06 07:40:00,10700022,2026-01-06 07:51:08.228144035,265.0,train,fit
9000017_1767685500,9000017,2026-01-06 07:45:00,10700018,2026-01-06 07:56:08.228144035,269.0,train,fit
9000017_1767685800,9000017,2026-01-06 07:50:00,10700015,2026-01-06 08:01:08.228144035,254.0,train,fit
9000017_1767686400,9000017,2026-01-06 08:00:00,10700025,2026-01-06 08:10:08.228144035,400.0,train,fit
9000017_1767689400,9000017,2026-01-06 08:50:00,10700254,2026-01-06 09:03:08.228144035,-18.0,train,fit
9000017_1767689700,9000017,2026-01-06 08:55:00,10700253,2026-01-06 09:05:08.228144035,-18.0,train,fit
9000017_1767690000,9000017,2026-01-06 09:00:00,10700250,2026-01-06 09:11:08.228144035,-18.0,train,fit
9000017_1767690300,9000017,2026-01-06 09:05:00,10700244,2026-01-06 09:15:08.228144035,63.0,train,fit
9000017_1767690600,9000017,2026-01-06 09:10:00,10700240,2026-01-06 09:20:08.228144035,74.0,train,fit
9000017_1767690900,9000017,2026-01-06 09:15:00,10700246,2026-01-06 09:25:08.228144035,83.0,train,fit
9000017_1767691200,9000017,2026-01-06 09:20:00,10700033,2026-01-06 09:30:08.228144035,49.0,train,fit
9000017_1767691800,9000017,2026-01-06 09:30:00,10700294,2026-01-06 09:43:08.228144035,133.0,train,fit
9000017_1767692100,9000017,2026-01-06 09:35:00,10700295,2026-01-06 09:45:08.228144035,149.0,train,fit
9000017_1767692400,9000017,2026-01-06 09:40:00,10700013,2026-01-06 09:51:08.228144035,149.0,train,fit
9000017_1767692700,9000017,2026-01-06 09:45:00,10700288,2026-01-06 09:55:08.228144035,-49.0,train,fit
9000017_1767693000,9000017,2026-01-06 09:50:00,10700060,2026-01-06 10:00:08.228144035,-12.0,train,fit
9000017_1767693300,9000017,2026-01-06 09:55:00,10700056,2026-01-06 10:05:08.228144035,-23.0,train,fit
9000017_1767693600,9000017,2026-01-06 10:00:00,10700053,2026-01-06 10:10:08.228144035,-32.0,train,fit
9000017_1767694200,9000017,2026-01-06 10:10:00,10700050,2026-01-06 10:23:08.228144035,162.0,train,fit
9000017_1767694500,9000017,2026-01-06 10:15:00,10700284,2026-01-06 10:25:08.228144035,193.0,train,fit
9000017_1767694800,9000017,2026-01-06 10:20:00,10700280,2026-01-06 10:31:08.228144035,193.0,train,fit
9000017_1767695100,9000017,2026-01-06 10:25:00,10700277,2026-01-06 10:35:08.228144035,-52.0,train,fit
9000017_1767695400,9000017,2026-01-06 10:30:00,10700273,2026-01-06 10:40:08.228144035,9.0,train,fit
9000017_1767695700,9000017,2026-01-06 10:35:00,10700048,2026-01-06 10:45:08.228144035,68.0,train,fit
9000017_1767696000,9000017,2026-01-06 10:40:00,10700045,2026-01-06 10:50:08.228144035,43.0,train,fit
9000017_1767696600,9000017,2026-01-06 10:50:00,10700296,2026-01-06 11:03:08.228144035,189.0,train,fit
9000017_1767696900,9000017,2026-01-06 10:55:00,10700081,2026-01-06 11:05:08.228144035,261.0,train,fit
9000017_1767697200,9000017,2026-01-06 11:00:00,10700077,2026-01-06 11:11:08.228144035,261.0,train,fit
9000017_1767697500,9000017,2026-01-06 11:05:00,10700074,2026-01-06 11:15:08.228144035,-43.0,train,fit
9000017_1767701700,9000017,2026-01-06 12:15:00,10700098,2026-01-06 12:25:08.228144035,315.0,train,fit
9000017_1767702000,9000017,2026-01-06 12:20:00,10700094,2026-01-06 12:31:08.228144035,315.0,train,fit
9000017_1767702300,9000017,2026-01-06 12:25:00,10700091,2026-01-06 12:35:08.228144035,16.0,train,fit
9000017_1767702600,9000017,2026-01-06 12:30:00,10700087,2026-01-06 12:40:08.228144035,148.0,train,fit
9000017_1767702900,9000017,2026-01-06 12:35:00,10700084,2026-01-06 12:45:08.228144035,117.0,train,fit
9000017_1767703200,9000017,2026-01-06 12:40:00,10700298,2026-01-06 12:50:08.228144035,-6.0,train,fit
9000017_1767703500,9000017,2026-01-06 12:45:00,10700104,2026-01-06 12:59:08.228144035,72.0,train,fit
9000017_1767716100,9000017,2026-01-06 16:15:00,10700166,2026-01-06 16:25:08.228144035,-34.0,train,fit
9000017_1767716400,9000017,2026-01-06 16:20:00,10700163,2026-01-06 16:30:08.228144035,-56.0,train,fit
9000017_1767717000,9000017,2026-01-06 16:30:00,10700204,2026-01-06 16:41:08.228144035,196.0,train,fit
9000017_1767717300,9000017,2026-01-06 16:35:00,10700202,2026-01-06 16:46:08.228144035,120.0,train,fit
9000017_1767717600,9000017,2026-01-06 16:40:00,10700199,2026-01-06 16:51:08.228144035,120.0,train,fit
9000017_1767717900,9000017,2026-01-06 16:45:00,10700195,2026-01-06 16:56:08.228144035,-29.0,train,fit
9000017_1767718200,9000017,2026-01-06 16:50:00,10700192,2026-01-06 17:00:08.228144035,-59.0,train,fit
9000017_1767718500,9000017,2026-01-06 16:55:00,10700188,2026-01-06 17:05:08.228144035,4.0,train,fit
9000017_1767718800,9000017,2026-01-06 17:00:00,10700185,2026-01-06 17:10:08.228144035,35.0,train,fit
9000017_1767719100,9000017,2026-01-06 17:05:00,10700160,2026-01-06 17:19:08.228144035,21.0,train,fit
9000017_1767719400,9000017,2026-01-06 17:10:00,10700159,2026-01-06 17:21:08.228144035,226.0,train,fit
9000017_1767719700,9000017,2026-01-06 17:15:00,10700156,2026-01-06 17:25:08.228144035,234.0,train,fit
9000017_1767720000,9000017,2026-01-06 17:20:00,10700153,2026-01-06 17:30:08.228144035,-12.0,train,fit
9000017_1767720300,9000017,2026-01-06 17:25:00,10700149,2026-01-06 17:35:08.228144035,15.0,train,fit
9000017_1767720600,9000017,2026-01-06 17:30:00,10700146,2026-01-06 17:40:08.228144035,-66.0,train,fit
9000017_1767720900,9000017,2026-01-06 17:35:00,10700142,2026-01-06 17:45:08.228144035,-61.0,train,fit
9000017_1767721500,9000017,2026-01-06 17:45:00,10700140,2026-01-06 17:58:08.228144035,139.0,train,fit
9000017_1767721800,9000017,2026-01-06 17:50:00,10700141,2026-01-06 18:00:08.228144035,106.0,train,fit
9000017_1767722100,9000017,2026-01-06 17:55:00,10700135,2026-01-06 18:05:08.228144035,106.0,train,fit
9000017_1767722400,9000017,2026-01-06 18:00:00,10700130,2026-01-06 18:10:08.228144035,-23.0,train,fit
9000017_1767722700,9000017,2026-01-06 18:05:00,10700125,2026-01-06 18:15:08.228144035,196.0,train,fit
9000017_1767723000,9000017,2026-01-06 18:10:00,10700122,2026-01-06 18:20:08.228144035,328.0,train,fit
9000017_1767723600,9000017,2026-01-06 18:20:00,10700206,2026-01-06 18:33:08.228144035,580.0,train,fit
9000018_1767666600,9000018,2026-01-06 02:30:00,10800606,2026-01-06 02:42:32.630011054,0.0,train,fit
9000018_1767666900,9000018,2026-01-06 02:35:00,10800590,2026-01-06 02:45:32.630011054,0.0,train,fit
9000018_1767667200,9000018,2026-01-06 02:40:00,10800594,2026-01-06 02:50:32.630011054,0.0,train,fit
9000018_1767667500,9000018,2026-01-06 02:45:00,10800615,2026-01-06 02:55:32.630011054,-21.0,train,fit
9000018_1767667800,9000018,2026-01-06 02:50:00,10800122,2026-01-06 03:01:32.630011054,4.0,train,fit
9000018_1767668100,9000018,2026-01-06 02:55:00,10800172,2026-01-06 03:05:32.630011054,-91.0,train,fit
9000018_1767669300,9000018,2026-01-06 03:15:00,10800107,2026-01-06 03:27:32.630011054,-35.0,train,fit
9000018_1767669600,9000018,2026-01-06 03:20:00,10800120,2026-01-06 03:30:32.630011054,-35.0,train,fit
9000018_1767669900,9000018,2026-01-06 03:25:00,10800018,2026-01-06 03:35:32.630011054,-35.0,train,fit
9000018_1767670200,9000018,2026-01-06 03:30:00,10800382,2026-01-06 03:40:32.630011054,80.0,train,fit
9000018_1767670500,9000018,2026-01-06 03:35:00,10800118,2026-01-06 03:45:32.630011054,68.0,train,fit
9000018_1767670800,9000018,2026-01-06 03:40:00,10800163,2026-01-06 03:50:32.630011054,129.0,train,fit
9000018_1767671100,9000018,2026-01-06 03:45:00,10800003,2026-01-06 03:57:32.630011054,24.0,train,fit
9000018_1767671400,9000018,2026-01-06 03:50:00,10800015,2026-01-06 04:00:32.630011054,8.0,train,fit
9000018_1767671700,9000018,2026-01-06 03:55:00,10800129,2026-01-06 04:06:32.630011054,-81.0,train,fit
9000018_1767672000,9000018,2026-01-06 04:00:00,10800145,2026-01-06 04:10:32.630011054,-46.0,train,fit
9000018_1767672300,9000018,2026-01-06 04:05:00,10800362,2026-01-06 04:16:32.630011054,-26.0,train,fit
9000018_1767672600,9000018,2026-01-06 04:10:00,10800091,2026-01-06 04:21:32.630011054,-27.0,train,fit
9000018_1767672900,9000018,2026-01-06 04:15:00,10800401,2026-01-06 04:26:32.630011054,-15.0,train,fit
9000018_1767673800,9000018,2026-01-06 04:30:00,10800094,2026-01-06 04:42:32.630011054,-34.0,train,fit
9000018_1767674100,9000018,2026-01-06 04:35:00,10800058,2026-01-06 04:45:32.630011054,-34.0,train,fit
9000018_1767674400,9000018,2026-01-06 04:40:00,10800447,2026-01-06 04:50:32.630011054,-34.0,train,fit
9000018_1767674700,9000018,2026-01-06 04:45:00,10800086,2026-01-06 04:55:32.630011054,63.0,train,fit
9000018_1767675000,9000018,2026-01-06 04:50:00,10800478,2026-01-06 05:01:32.630011054,105.0,train,fit
9000018_1767675300,9000018,2026-01-06 04:55:00,10800088,2026-01-06 05:05:32.630011054,162.0,train,fit
9000018_1767675600,9000018,2026-01-06 05:00:00,10800493,2026-01-06 05:12:32.630011054,73.0,train,fit
9000018_1767675900,9000018,2026-01-06 05:05:00,10800490,2026-01-06 05:15:32.630011054,24.0,train,fit
9000018_1767676200,9000018,2026-01-06 05:10:00,10800078,2026-01-06 05:21:32.630011054,-9.0,train,fit
9000018_1767676500,9000018,2026-01-06 05:15:00,10800087,2026-01-06 05:25:32.630011054,-8.0,train,fit
9000018_1767676800,9000018,2026-01-06 05:20:00,10800099,2026-01-06 05:31:32.630011054,115.0,train,fit
9000018_1767677100,9000018,2026-01-06 05:25:00,10800130,2026-01-06 05:36:32.630011054,51.0,train,fit
9000018_1767677400,9000018,2026-01-06 05:30:00,10800113,2026-01-06 05:41:32.630011054,18.0,train,fit
9000018_1767679500,9000018,2026-01-06 06:05:00,10800029,2026-01-06 06:15:32.630011054,1.0,train,fit
9000018_1767679800,9000018,2026-01-06 06:10:00,10800547,2026-01-06 06:20:32.630011054,1.0,train,fit
9000018_1767680100,9000018,2026-01-06 06:15:00,10800048,2026-01-06 06:25:32.630011054,1.0,train,fit
9000018_1767680400,9000018,2026-01-06 06:20:00,10800470,2026-01-06 06:30:32.630011054,92.0,train,fit
9000018_1767680700,9000018,2026-01-06 06:25:00,10800146,2026-01-06 06:35:32.630011054,143.0,train,fit
9000018_1767681000,9000018,2026-01-06 06:30:00,10800217,2026-01-06 06:40:32.630011054,-5.0,train,fit
9000018_1767681300,9000018,2026-01-06 06:35:00,10800051,2026-01-06 06:45:32.630011054,26.0,train,fit
9000018_1767681600,9000018,2026-01-06 06:40:00,10800455,2026-01-06 06:50:32.630011054,14.0,train,fit
9000018_1767681900,9000018,2026-01-06 06:45:00,10800503,2026-01-06 06:56:32.630011054,-36.0,train,fit
9000018_1767682200,9000018,2026-01-06 06:50:00,10800152,2026-01-06 07:00:32.630011054,-34.0,train,fit
9000018_1767682500,9000018,2026-01-06 06:55:00,10800369,2026-01-06 07:05:32.630011054,-54.0,train,fit
9000018_1767682800,9000018,2026-01-06 07:00:00,10800150,2026-01-06 07:10:32.630011054,-35.0,train,fit
9000018_1767683400,9000018,2026-01-06 07:10:00,10800481,2026-01-06 07:23:32.630011054,-11.0,train,fit
9000018_1767683700,9000018,2026-01-06 07:15:00,10800200,2026-01-06 07:25:32.630011054,-10.0,train,fit
9000018_1767684000,9000018,2026-01-06 07:20:00,10800542,2026-01-06 07:30:32.630011054,-10.0,train,fit
9000018_1767684300,9000018,2026-01-06 07:25:00,10800187,2026-01-06 07:36:32.630011054,30.0,train,fit
9000018_1767684600,9000018,2026-01-06 07:30:00,10800332,2026-01-06 07:40:32.630011054,105.0,train,fit
9000018_1767684900,9000018,2026-01-06 07:35:00,10800180,2026-01-06 07:46:32.630011054,125.0,train,fit
9000018_1767685200,9000018,2026-01-06 07:40:00,10800580,2026-01-06 07:51:32.630011054,29.0,train,fit
9000018_1767685500,9000018,2026-01-06 07:45:00,10800516,2026-01-06 07:55:32.630011054,-120.0,train,fit
9000018_1767685800,9000018,2026-01-06 07:50:00,10800608,2026-01-06 08:00:32.630011054,-54.0,train,fit
9000018_1767686100,9000018,2026-01-06 07:55:00,10800116,2026-01-06 08:05:32.630011054,-88.0,train,fit
9000018_1767686400,9000018,2026-01-06 08:00:00,10800353,2026-01-06 08:10:32.630011054,-8.0,train,fit
9000018_1767686700,9000018,2026-01-06 08:05:00,10800557,2026-01-06 08:15:32.630011054,-31.0,train,fit
9000018_1767687000,9000018,2026-01-06 08:10:00,10800110,2026-01-06 08:20:32.630011054,-19.0,train,fit
9000018_1767687300,9000018,2026-01-06 08:15:00,10800415,2026-01-06 08:26:32.630011054,-62.0,train,fit
9000018_1767687600,9000018,2026-01-06 08:20:00,10800451,2026-01-06 08:31:32.630011054,26.0,train,fit
9000018_1767687900,9000018,2026-01-06 08:25:00,10800102,2026-01-06 08:36:32.630011054,87.0,train,fit
9000018_1767688200,9000018,2026-01-06 08:30:00,10800423,2026-01-06 08:40:32.630011054,84.0,train,fit
9000018_1767688500,9000018,2026-01-06 08:35:00,10800108,2026-01-06 08:45:32.630011054,162.0,train,fit
9000018_1767688800,9000018,2026-01-06 08:40:00,10800333,2026-01-06 08:50:32.630011054,183.0,train,fit
9000018_1767689100,9000018,2026-01-06 08:45:00,10800358,2026-01-06 08:55:32.630011054,197.0,train,fit
9000018_1767689400,9000018,2026-01-06 08:50:00,10800486,2026-01-06 09:02:32.630011054,121.0,train,fit
9000018_1767689700,9000018,2026-01-06 08:55:00,10800489,2026-01-06 09:05:32.630011054,168.0,train,fit
9000018_1767690000,9000018,2026-01-06 09:00:00,10800327,2026-01-06 09:10:32.630011054,27.0,train,fit
9000018_1767690300,9000018,2026-01-06 09:05:00,10800583,2026-01-06 09:15:32.630011054,-50.0,train,fit
9000018_1767690600,9000018,2026-01-06 09:10:00,10800363,2026-01-06 09:21:32.630011054,-136.0,train,fit
9000018_1767690900,9000018,2026-01-06 09:15:00,10800089,2026-01-06 09:25:32.630011054,-55.0,train,fit
9000018_1767691500,9000018,2026-01-06 09:25:00,10800536,2026-01-06 09:38:32.630011054,-85.0,train,fit
9000018_1767691800,9000018,2026-01-06 09:30:00,10800611,2026-01-06 09:41:32.630011054,-7.0,train,fit
9000018_1767692100,9000018,2026-01-06 09:35:00,10800312,2026-01-06 09:45:32.630011054,-7.0,train,fit
9000018_1767692400,9000018,2026-01-06 09:40:00,10800044,2026-01-06 09:50:32.630011054,67.0,train,fit
9000018_1767692700,9000018,2026-01-06 09:45:00,10800262,2026-01-06 09:57:32.630011054,45.0,train,fit
9000018_1767693000,9000018,2026-01-06 09:50:00,10800253,2026-01-06 10:00:32.630011054,220.0,train,fit
9000018_1767693300,9000018,2026-01-06 09:55:00,10800408,2026-01-06 10:05:32.630011054,216.0,train,fit
9000018_1767693600,9000018,2026-01-06 10:00:00,10800449,2026-01-06 10:10:32.630011054,98.0,train,fit
9000018_1767693900,9000018,2026-01-06 10:05:00,10800577,2026-01-06 10:15:32.630011054,6.0,train,fit
9000018_1767694200,9000018,2026-01-06 10:10:00,10800056,2026-01-06 10:20:32.630011054,-59.0,train,fit
9000018_1767694500,9000018,2026-01-06 10:15:00,10800566,2026-01-06 10:25:32.630011054,-23.0,train,fit
9000018_1767694800,9000018,2026-01-06 10:20:00,10800457,2026-01-06 10:32:32.630011054,33.0,train,fit
9000018_1767695100,9000018,2026-01-06 10:25:00,10800625,2026-01-06 10:35:32.630011054,-21.0,train,fit
9000018_1767695400,9000018,2026-01-06 10:30:00,10800627,2026-01-06 10:40:32.630011054,7.0,train,fit
9000018_1767696000,9000018,2026-01-06 10:40:00,10800494,2026-01-06 10:50:32.630011054,37.0,train,fit
9000018_1767696300,9000018,2026-01-06 10:45:00,10800338,2026-01-06 10:56:32.630011054,85.0,train,fit
9000018_1767696600,9000018,2026-01-06 10:50:00,10800025,2026-01-06 11:01:32.630011054,85.0,train,fit
9000018_1767696900,9000018,2026-01-06 10:55:00,10800071,2026-01-06 11:05:32.630011054,182.0,train,fit
9000018_1767697200,9000018,2026-01-06 11:00:00,10800272,2026-01-06 11:11:32.630011054,202.0,train,fit
9000018_1767697500,9000018,2026-01-06 11:05:00,10800261,2026-01-06 11:15:32.630011054,91.0,train,fit
9000018_1767697800,9000018,2026-01-06 11:10:00,10800437,2026-01-06 11:20:32.630011054,33.0,train,fit
9000018_1767698100,9000018,2026-01-06 11:15:00,10800234,2026-01-06 11:27:32.630011054,6.0,train,fit
9000018_1767698400,9000018,2026-01-06 11:20:00,10800396,2026-01-06 11:30:32.630011054,8.0,train,fit
9000018_1767698700,9000018,2026-01-06 11:25:00,10800511,2026-01-06 11:35:32.630011054,-38.0,train,fit
9000018_1767699000,9000018,2026-01-06 11:30:00,10800022,2026-01-06 11:40:32.630011054,-51.0,train,fit
9000018_1767699300,9000018,2026-01-06 11:35:00,10800537,2026-01-06 11:46:32.630011054,-141.0,train,fit
9000018_1767703500,9000018,2026-01-06 12:45:00,10800422,2026-01-06 12:56:32.630011054,131.0,train,fit
9000018_1767703800,9000018,2026-01-06 12:50:00,10800571,2026-01-06 13:01:32.630011054,87.0,train,fit
9000018_1767704100,9000018,2026-01-06 12:55:00,10800595,2026-01-06 13:05:32.630011054,156.0,train,fit
9000018_1767705300,9000018,2026-01-06 13:15:00,10800597,2026-01-06 13:29:32.630011054,99.0,train,fit
9000018_1767705600,9000018,2026-01-06 13:20:00,10800600,2026-01-06 13:32:32.630011054,99.0,train,fit
9000018_1767705900,9000018,2026-01-06 13:25:00,10800602,2026-01-06 13:35:32.630011054,99.0,train,fit
9000018_1767706200,9000018,2026-01-06 13:30:00,10800360,2026-01-06 13:40:32.630011054,89.0,train,fit
9000018_1767706500,9000018,2026-01-06 13:35:00,10800621,2026-01-06 13:45:32.630011054,130.0,train,fit
9000018_1767706800,9000018,2026-01-06 13:40:00,10800251,2026-01-06 13:50:32.630011054,248.0,train,fit
9000018_1767707100,9000018,2026-01-06 13:45:00,10800641,2026-01-06 13:55:32.630011054,307.0,train,fit
9000018_1767707400,9000018,2026-01-06 13:50:00,10800250,2026-01-06 14:01:32.630011054,286.0,train,fit
9000018_1767707700,9000018,2026-01-06 13:55:00,10800399,2026-01-06 14:06:32.630011054,176.0,train,fit
9000018_1767708000,9000018,2026-01-06 14:00:00,10800276,2026-01-06 14:11:32.630011054,281.0,train,fit
9000018_1767708300,9000018,2026-01-06 14:05:00,10800064,2026-01-06 14:15:32.630011054,243.0,train,fit
9000018_1767708600,9000018,2026-01-06 14:10:00,10800285,2026-01-06 14:20:32.630011054,246.0,train,fit
9000018_1767708900,9000018,2026-01-06 14:15:00,10800492,2026-01-06 14:25:32.630011054,189.0,train,fit
9000018_1767709200,9000018,2026-01-06 14:20:00,10800271,2026-01-06 14:31:32.630011054,244.0,train,fit
9000018_1767709800,9000018,2026-01-06 14:30:00,10800515,2026-01-06 14:44:32.630011054,82.0,train,fit
9000018_1767710100,9000018,2026-01-06 14:35:00,10800529,2026-01-06 14:47:32.630011054,116.0,train,fit
9000018_1767710400,9000018,2026-01-06 14:40:00,10800609,2026-01-06 14:50:32.630011054,116.0,train,fit
9000018_1767710700,9000018,2026-01-06 14:45:00,10800063,2026-01-06 14:55:32.630011054,55.0,train,fit
9000018_1767711000,9000018,2026-01-06 14:50:00,10800166,2026-01-06 15:00:32.630011054,83.0,train,fit
9000018_1767711300,9000018,2026-01-06 14:55:00,10800038,2026-01-06 15:05:32.630011054,147.0,train,fit
9000018_1767711600,9000018,2026-01-06 15:00:00,10800167,2026-01-06 15:10:32.630011054,110.0,train,fit
9000018_1767711900,9000018,2026-01-06 15:05:00,10800165,2026-01-06 15:16:32.630011054,132.0,train,fit
9000018_1767712200,9000018,2026-01-06 15:10:00,10800196,2026-01-06 15:21:32.630011054,0.0,train,fit
9000018_1767712500,9000018,2026-01-06 15:15:00,10800132,2026-01-06 15:26:32.630011054,-5.0,train,fit
9000018_1767712800,9000018,2026-01-06 15:20:00,10800177,2026-01-06 15:30:32.630011054,46.0,train,fit
9000018_1767713100,9000018,2026-01-06 15:25:00,10800568,2026-01-06 15:35:32.630011054,-56.0,train,fit
9000018_1767713400,9000018,2026-01-06 15:30:00,10800526,2026-01-06 15:40:32.630011054,-89.0,train,fit
9000018_1767713700,9000018,2026-01-06 15:35:00,10800154,2026-01-06 15:46:32.630011054,78.0,train,fit
9000018_1767716100,9000018,2026-01-06 16:15:00,10800147,2026-01-06 16:29:32.630011054,66.0,train,fit
9000018_1767716400,9000018,2026-01-06 16:20:00,10800213,2026-01-06 16:32:32.630011054,66.0,train,fit
9000018_1767716700,9000018,2026-01-06 16:25:00,10800411,2026-01-06 16:35:32.630011054,66.0,train,fit
9000018_1767717000,9000018,2026-01-06 16:30:00,10800573,2026-01-06 16:40:32.630011054,73.0,train,fit
9000018_1767717300,9000018,2026-01-06 16:35:00,10800158,2026-01-06 16:45:32.630011054,110.0,train,fit
9000018_1767717600,9000018,2026-01-06 16:40:00,10800182,2026-01-06 16:50:32.630011054,136.0,train,fit
9000018_1767717900,9000018,2026-01-06 16:45:00,10800403,2026-01-06 16:55:32.630011054,93.0,train,fit
9000018_1767718200,9000018,2026-01-06 16:50:00,10800576,2026-01-06 17:01:32.630011054,63.0,train,fit
9000018_1767718500,9000018,2026-01-06 16:55:00,10800231,2026-01-06 17:06:32.630011054,-37.0,train,fit
9000018_1767718800,9000018,2026-01-06 17:00:00,10800313,2026-01-06 17:11:32.630011054,-54.0,train,fit
9000018_1767719100,9000018,2026-01-06 17:05:00,10800183,2026-01-06 17:15:32.630011054,-5.0,train,fit
9000018_1767719400,9000018,2026-01-06 17:10:00,10800588,2026-01-06 17:20:32.630011054,-31.0,train,fit
9000018_1767719700,9000018,2026-01-06 17:15:00,10800431,2026-01-06 17:25:32.630011054,-125.0,train,fit
9000018_1767720000,9000018,2026-01-06 17:20:00,10800185,2026-01-06 17:31:32.630011054,-166.0,train,fit
9000018_1767720600,9000018,2026-01-06 17:30:00,10800178,2026-01-06 17:44:32.630011054,-192.0,train,fit
9000018_1767720900,9000018,2026-01-06 17:35:00,10800567,2026-01-06 17:47:32.630011054,-45.0,train,fit
9000018_1767721200,9000018,2026-01-06 17:40:00,10800607,2026-01-06 17:50:32.630011054,-45.0,train,fit
9000018_1767721500,9000018,2026-01-06 17:45:00,10800192,2026-01-06 17:55:32.630011054,18.0,train,fit
9000018_1767721800,9000018,2026-01-06 17:50:00,10800209,2026-01-06 18:00:32.630011054,21.0,train,fit
9000018_1767722100,9000018,2026-01-06 17:55:00,10800545,2026-01-06 18:05:32.630011054,83.0,train,fit
9000018_1767722400,9000018,2026-01-06 18:00:00,10800067,2026-01-06 18:10:32.630011054,-25.0,train,fit
9000018_1767722700,9000018,2026-01-06 18:05:00,10800190,2026-01-06 18:15:32.630011054,-68.0,train,fit
9000018_1767728700,9000018,2026-01-06 19:45:00,10800530,2026-01-06 19:59:32.630011054,230.0,train,fit
9000018_1767729000,9000018,2026-01-06 19:50:00,10800619,2026-01-06 20:01:32.630011054,230.0,train,fit
9000018_1767729300,9000018,2026-01-06 19:55:00,10800031,2026-01-06 20:05:32.630011054,230.0,train,fit
9000018_1767729600,9000018,2026-01-06 20:00:00,10800339,2026-01-06 20:10:32.630011054,-1.0,train,fit
9000018_1767729900,9000018,2026-01-06 20:05:00,10800543,2026-01-06 20:15:32.630011054,194.0,train,fit
9000018_1767730200,9000018,2026-01-06 20:10:00,10800620,2026-01-06 20:20:32.630011054,113.0,train,fit
9000018_1767730500,9000018,2026-01-06 20:15:00,10800463,2026-01-06 20:25:32.630011054,141.0,train,fit
9000018_1767730800,9000018,2026-01-06 20:20:00,10800519,2026-01-06 20:30:32.630011054,45.0,train,fit
9000018_1767731100,9000018,2026-01-06 20:25:00,10800269,2026-01-06 20:36:32.630011054,42.0,train,fit
9000018_1767731400,9000018,2026-01-06 20:30:00,10800275,2026-01-06 20:41:32.630011054,39.0,train,fit
9000018_1767731700,9000018,2026-01-06 20:35:00,10800283,2026-01-06 20:45:32.630011054,87.0,train,fit
9000018_1767732000,9000018,2026-01-06 20:40:00,10800292,2026-01-06 20:50:32.630011054,115.0,train,fit
9000018_1767732300,9000018,2026-01-06 20:45:00,10800226,2026-01-06 20:59:32.630011054,133.0,train,fit
9000018_1767732600,9000018,2026-01-06 20:50:00,10800236,2026-01-06 21:01:32.630011054,131.0,train,fit
9000018_1767732900,9000018,2026-01-06 20:55:00,10800495,2026-01-06 21:05:32.630011054,108.0,train,fit
9000018_1767733200,9000018,2026-01-06 21:00:00,10800249,2026-01-06 21:10:32.630011054,-3.0,train,fit
9000018_1767733500,9000018,2026-01-06 21:05:00,10800228,2026-01-06 21:15:32.630011054,-74.0,train,fit
9000018_1767733800,9000018,2026-01-06 21:10:00,10800393,2026-01-06 21:20:32.630011054,63.0,train,fit
9000018_1767734100,9000018,2026-01-06 21:15:00,10800465,2026-01-06 21:25:32.630011054,12.0,train,fit
9000018_1767734400,9000018,2026-01-06 21:20:00,10800572,2026-01-06 21:30:32.630011054,-13.0,train,fit
9000018_1767734700,9000018,2026-01-06 21:25:00,10800374,2026-01-06 21:36:32.630011054,37.0,train,fit
9000018_1767735000,9000018,2026-01-06 21:30:00,10800281,2026-01-06 21:41:32.630011054,-13.0,train,fit
9000018_1767735300,9000018,2026-01-06 21:35:00,10800378,2026-01-06 21:45:32.630011054,86.0,train,fit
9000018_1767735600,9000018,2026-01-06 21:40:00,10800371,2026-01-06 21:50:32.630011054,64.0,train,fit
9000018_1767736500,9000018,2026-01-06 21:55:00,10800288,2026-01-06 22:08:32.630011054,146.0,train,fit
9000018_1767736800,9000018,2026-01-06 22:00:00,10800295,2026-01-06 22:10:32.630011054,146.0,train,fit
9000018_1767737100,9000018,2026-01-06 22:05:00,10800584,2026-01-06 22:15:32.630011054,146.0,train,fit
9000018_1767737400,9000018,2026-01-06 22:10:00,10800297,2026-01-06 22:20:32.630011054,57.0,train,fit
9000018_1767737700,9000018,2026-01-06 22:15:00,10800385,2026-01-06 22:26:32.630011054,-30.0,train,fit
9000018_1767738000,9000018,2026-01-06 22:20:00,10800302,2026-01-06 22:30:32.630011054,19.0,train,fit
9000019_1767666900,9000019,2026-01-06 02:35:00,10900606,2026-01-06 02:46:27.712873048,0.0,train,fit
9000019_1767667200,9000019,2026-01-06 02:40:00,10900592,2026-01-06 02:51:27.712873048,0.0,train,fit
9000019_1767667500,9000019,2026-01-06 02:45:00,10900612,2026-01-06 02:55:27.712873048,0.0,train,fit
9000019_1767667800,9000019,2026-01-06 02:50:00,10900599,2026-01-06 03:00:27.712873048,8.0,train,fit
9000019_1767668100,9000019,2026-01-06 02:55:00,10900122,2026-01-06 03:05:27.712873048,-23.0,train,fit
9000019_1767668400,9000019,2026-01-06 03:00:00,10900173,2026-01-06 03:11:27.712873048,-120.0,train,fit
9000019_1767669600,9000019,2026-01-06 03:20:00,10900107,2026-01-06 03:31:27.712873048,-40.0,train,fit
9000019_1767669900,9000019,2026-01-06 03:25:00,10900404,2026-01-06 03:36:27.712873048,-40.0,train,fit
9000019_1767670200,9000019,2026-01-06 03:30:00,10900030,2026-01-06 03:41:27.712873048,-40.0,train,fit
9000019_1767670500,9000019,2026-01-06 03:35:00,10900435,2026-01-06 03:45:27.712873048,52.0,train,fit
9000019_1767670800,9000019,2026-01-06 03:40:00,10900121,2026-01-06 03:50:27.712873048,111.0,train,fit
9000019_1767671100,9000019,2026-01-06 03:45:00,10900164,2026-01-06 03:55:27.712873048,75.0,train,fit
9000019_1767671400,9000019,2026-01-06 03:50:00,10900003,2026-01-06 04:01:27.712873048,8.0,train,fit
9000019_1767671700,9000019,2026-01-06 03:55:00,10900020,2026-01-06 04:05:27.712873048,-28.0,train,fit
9000019_1767672000,9000019,2026-01-06 04:00:00,10900129,2026-01-06 04:10:27.712873048,-77.0,train,fit
9000019_1767672300,9000019,2026-01-06 04:05:00,10900155,2026-01-06 04:15:27.712873048,-110.0,train,fit
9000019_1767672600,9000019,2026-01-06 04:10:00,10900362,2026-01-06 04:20:27.712873048,9.0,train,fit
9000019_1767672900,9000019,2026-01-06 04:15:00,10900091,2026-01-06 04:25:27.712873048,-56.0,train,fit
9000019_1767673200,9000019,2026-01-06 04:20:00,10900401,2026-01-06 04:30:27.712873048,9.0,train,fit
9000019_1767674100,9000019,2026-01-06 04:35:00,10900094,2026-01-06 04:46:27.712873048,-11.0,train,fit
9000019_1767674400,9000019,2026-01-06 04:40:00,10900406,2026-01-06 04:51:27.712873048,-11.0,train,fit
9000019_1767674700,9000019,2026-01-06 04:45:00,10900098,2026-01-06 04:56:27.712873048,-11.0,train,fit
9000019_1767675000,9000019,2026-01-06 04:50:00,10900093,2026-01-06 05:00:27.712873048,113.0,train,fit
9000019_1767675300,9000019,2026-01-06 04:55:00,10900478,2026-01-06 05:05:27.712873048,144.0,train,fit
9000019_1767675600,9000019,2026-01-06 05:00:00,10900100,2026-01-06 05:10:27.712873048,88.0,train,fit
9000019_1767675900,9000019,2026-01-06 05:05:00,10900493,2026-01-06 05:16:27.712873048,73.0,train,fit
9000019_1767676200,9000019,2026-01-06 05:10:00,10900498,2026-01-06 05:20:27.712873048,1.0,train,fit
9000019_1767676500,9000019,2026-01-06 05:15:00,10900078,2026-01-06 05:25:27.712873048,-36.0,train,fit
9000019_1767676800,9000019,2026-01-06 05:20:00,10900092,2026-01-06 05:30:27.712873048,-48.0,train,fit
9000019_1767677100,9000019,2026-01-06 05:25:00,10900099,2026-01-06 05:35:27.712873048,108.0,train,fit
9000019_1767677400,9000019,2026-01-06 05:30:00,10900130,2026-01-06 05:40:27.712873048,64.0,train,fit
9000019_1767677700,9000019,2026-01-06 05:35:00,10900113,2026-01-06 05:45:27.712873048,-52.0,train,fit
9000019_1767679500,9000019,2026-01-06 06:05:00,10900029,2026-01-06 06:19:27.712873048,-2.0,train,fit
9000019_1767679800,9000019,2026-01-06 06:10:00,10900308,2026-01-06 06:21:27.712873048,-2.0,train,fit
9000019_1767680100,9000019,2026-01-06 06:15:00,10900558,2026-01-06 06:25:27.712873048,-2.0,train,fit
9000019_1767680400,9000019,2026-01-06 06:20:00,10900314,2026-01-06 06:30:27.712873048,68.0,train,fit
9000019_1767680700,9000019,2026-01-06 06:25:00,10900140,2026-01-06 06:36:27.712873048,94.0,train,fit
9000019_1767681000,9000019,2026-01-06 06:30:00,10900148,2026-01-06 06:40:27.712873048,61.0,train,fit
9000019_1767681300,9000019,2026-01-06 06:35:00,10900219,2026-01-06 06:45:27.712873048,-8.0,train,fit
9000019_1767681600,9000019,2026-01-06 06:40:00,10900066,2026-01-06 06:50:27.712873048,12.0,train,fit
9000019_1767681900,9000019,2026-01-06 06:45:00,10900500,2026-01-06 06:56:27.712873048,1.0,train,fit
9000019_1767682200,9000019,2026-01-06 06:50:00,10900503,2026-01-06 07:00:27.712873048,-52.0,train,fit
9000019_1767682500,9000019,2026-01-06 06:55:00,10900125,2026-01-06 07:06:27.712873048,-2.0,train,fit
9000019_1767682800,9000019,2026-01-06 07:00:00,10900456,2026-01-06 07:11:27.712873048,-54.0,train,fit
9000019_1767683100,9000019,2026-01-06 07:05:00,10900159,2026-01-06 07:16:27.712873048,-34.0,train,fit
9000019_1767683700,9000019,2026-01-06 07:15:00,10900481,2026-01-06 07:27:27.712873048,-63.0,train,fit
9000019_1767684000,9000019,2026-01-06 07:20:00,10900162,2026-01-06 07:30:27.712873048,1.0,train,fit
9000019_1767684300,9000019,2026-01-06 07:25:00,10900501,2026-01-06 07:35:27.712873048,1.0,train,fit
9000019_1767684600,9000019,2026-01-06 07:30:00,10900187,2026-01-06 07:40:27.712873048,72.0,train,fit
9000019_1767684900,9000019,2026-01-06 07:35:00,10900365,2026-01-06 07:46:27.712873048,60.0,train,fit
9000019_1767685200,9000019,2026-01-06 07:40:00,10900180,2026-01-06 07:50:27.712873048,121.0,train,fit
9000019_1767685500,9000019,2026-01-06 07:45:00,10900580,2026-01-06 07:55:27.712873048,-30.0,train,fit
9000019_1767685800,9000019,2026-01-06 07:50:00,10900534,2026-01-06 08:01:27.712873048,-57.0,train,fit
9000019_1767686100,9000019,2026-01-06 07:55:00,10900131,2026-01-06 08:06:27.712873048,-59.0,train,fit
9000019_1767686400,9000019,2026-01-06 08:00:00,10900117,2026-01-06 08:10:27.712873048,-150.0,train,fit
9000019_1767686700,9000019,2026-01-06 08:05:00,10900444,2026-01-06 08:15:27.712873048,-44.0,train,fit
9000019_1767687000,9000019,2026-01-06 08:10:00,10900499,2026-01-06 08:20:27.712873048,-83.0,train,fit
9000019_1767687300,9000019,2026-01-06 08:15:00,10900407,2026-01-06 08:25:27.712873048,-8.0,train,fit
9000019_1767687600,9000019,2026-01-06 08:20:00,10900415,2026-01-06 08:30:27.712873048,-94.0,train,fit
9000019_1767687900,9000019,2026-01-06 08:25:00,10900451,2026-01-06 08:35:27.712873048,65.0,train,fit
9000019_1767688200,9000019,2026-01-06 08:30:00,10900102,2026-01-06 08:40:27.712873048,100.0,train,fit
9000019_1767688500,9000019,2026-01-06 08:35:00,10900474,2026-01-06 08:45:27.712873048,97.0,train,fit
9000019_1767688800,9000019,2026-01-06 08:40:00,10900082,2026-01-06 08:50:27.712873048,169.0,train,fit
9000019_1767689100,9000019,2026-01-06 08:45:00,10900344,2026-01-06 08:55:27.712873048,208.0,train,fit
9000019_1767689400,9000019,2026-01-06 08:50:00,10900077,2026-01-06 09:01:27.712873048,151.0,train,fit
9000019_1767689700,9000019,2026-01-06 08:55:00,10900486,2026-01-06 09:06:27.712873048,175.0,train,fit
9000019_1767690000,9000019,2026-01-06 09:00:00,10900106,2026-01-06 09:11:27.712873048,-10.0,train,fit
9000019_1767690300,9000019,2026-01-06 09:05:00,10900434,2026-01-06 09:15:27.712873048,-21.0,train,fit
9000019_1767690600,9000019,2026-01-06 09:10:00,10900096,2026-01-06 09:20:27.712873048,-104.0,train,fit
9000019_1767690900,9000019,2026-01-06 09:15:00,10900363,2026-01-06 09:25:27.712873048,-81.0,train,fit
9000019_1767691200,9000019,2026-01-06 09:20:00,10900124,2026-01-06 09:31:27.712873048,-116.0,train,fit
9000019_1767691800,9000019,2026-01-06 09:30:00,10900536,2026-01-06 09:42:27.712873048,-117.0,train,fit
9000019_1767692100,9000019,2026-01-06 09:35:00,10900611,2026-01-06 09:45:27.712873048,47.0,train,fit
9000019_1767692400,9000019,2026-01-06 09:40:00,10900340,2026-01-06 09:50:27.712873048,47.0,train,fit
9000019_1767692700,9000019,2026-01-06 09:45:00,10900317,2026-01-06 09:56:27.712873048,30.0,train,fit
9000019_1767693000,9000019,2026-01-06 09:50:00,10900262,2026-01-06 10:01:27.712873048,79.0,train,fit
9000019_1767693300,9000019,2026-01-06 09:55:00,10900255,2026-01-06 10:05:27.712873048,220.0,train,fit
9000019_1767693600,9000019,2026-01-06 10:00:00,10900418,2026-01-06 10:10:27.712873048,148.0,train,fit
9000019_1767693900,9000019,2026-01-06 10:05:00,10900497,2026-01-06 10:15:27.712873048,75.0,train,fit
9000019_1767694200,9000019,2026-01-06 10:10:00,10900643,2026-01-06 10:20:27.712873048,98.0,train,fit
9000019_1767694500,9000019,2026-01-06 10:15:00,10900427,2026-01-06 10:26:27.712873048,-49.0,train,fit
9000019_1767694800,9000019,2026-01-06 10:20:00,10900291,2026-01-06 10:30:27.712873048,10.0,train,fit
9000019_1767695100,9000019,2026-01-06 10:25:00,10900457,2026-01-06 10:36:27.712873048,-63.0,train,fit
9000019_1767695400,9000019,2026-01-06 10:30:00,10900622,2026-01-06 10:41:27.712873048,-45.0,train,fit
9000019_1767695700,9000019,2026-01-06 10:35:00,10900628,2026-01-06 10:45:27.712873048,37.0,train,fit
9000019_1767696000,9000019,2026-01-06 10:40:00,10900494,2026-01-06 10:54:27.712873048,1.0,train,fit
9000019_1767696300,9000019,2026-01-06 10:45:00,10900267,2026-01-06 10:57:27.712873048,121.0,train,fit
9000019_1767696600,9000019,2026-01-06 10:50:00,10900338,2026-01-06 11:00:27.712873048,74.0,train,fit
9000019_1767696900,9000019,2026-01-06 10:55:00,10900025,2026-01-06 11:05:27.712873048,162.0,train,fit
9000019_1767697200,9000019,2026-01-06 11:00:00,10900421,2026-01-06 11:10:27.712873048,182.0,train,fit
9000019_1767697500,9000019,2026-01-06 11:05:00,10900272,2026-01-06 11:15:27.712873048,209.0,train,fit
9000019_1767697800,9000019,2026-01-06 11:10:00,10900316,2026-01-06 11:20:27.712873048,86.0,train,fit
9000019_1767698100,9000019,2026-01-06 11:15:00,10900624,2026-01-06 11:26:27.712873048,56.0,train,fit
9000019_1767698400,9000019,2026-01-06 11:20:00,10900234,2026-01-06 11:31:27.712873048,-5.0,train,fit
9000019_1767698700,9000019,2026-01-06 11:25:00,10900546,2026-01-06 11:36:27.712873048,-6.0,train,fit
9000019_1767699000,9000019,2026-01-06 11:30:00,10900518,2026-01-06 11:40:27.712873048,-19.0,train,fit
9000019_1767699300,9000019,2026-01-06 11:35:00,10900475,2026-01-06 11:45:27.712873048,-135.0,train,fit
9000019_1767699600,9000019,2026-01-06 11:40:00,10900537,2026-01-06 11:50:27.712873048,-151.0,train,fit
9000019_1767703800,9000019,2026-01-06 12:50:00,10900422,2026-01-06 13:00:27.712873048,107.0,train,fit
9000019_1767704100,9000019,2026-01-06 12:55:00,10900571,2026-01-06 13:05:27.712873048,110.0,train,fit
9000019_1767705600,9000019,2026-01-06 13:20:00,10900597,2026-01-06 13:33:27.712873048,160.0,train,fit
9000019_1767705900,9000019,2026-01-06 13:25:00,10900600,2026-01-06 13:36:27.712873048,160.0,train,fit
9000019_1767706200,9000019,2026-01-06 13:30:00,10900257,2026-01-06 13:40:27.712873048,160.0,train,fit
9000019_1767706500,9000019,2026-01-06 13:35:00,10900541,2026-01-06 13:45:27.712873048,74.0,train,fit
9000019_1767706800,9000019,2026-01-06 13:40:00,10900246,2026-01-06 13:52:27.712873048,93.0,train,fit
9000019_1767707100,9000019,2026-01-06 13:45:00,10900324,2026-01-06 13:55:27.712873048,357.0,train,fit
9000019_1767707400,9000019,2026-01-06 13:50:00,10900394,2026-01-06 14:00:27.712873048,334.0,train,fit
9000019_1767707700,9000019,2026-01-06 13:55:00,10900250,2026-01-06 14:05:27.712873048,254.0,train,fit
9000019_1767708000,9000019,2026-01-06 14:00:00,10900399,2026-01-06 14:10:27.712873048,240.0,train,fit
9000019_1767708300,9000019,2026-01-06 14:05:00,10900276,2026-01-06 14:15:27.712873048,336.0,train,fit
9000019_1767708600,9000019,2026-01-06 14:10:00,10900381,2026-01-06 14:20:27.712873048,258.0,train,fit
9000019_1767708900,9000019,2026-01-06 14:15:00,10900301,2026-01-06 14:27:27.712873048,236.0,train,fit
9000019_1767709200,9000019,2026-01-06 14:20:00,10900033,2026-01-06 14:30:27.712873048,200.0,train,fit
9000019_1767709500,9000019,2026-01-06 14:25:00,10900271,2026-01-06 14:35:27.712873048,207.0,train,fit
9000019_1767710100,9000019,2026-01-06 14:35:00,10900515,2026-01-06 14:48:27.712873048,108.0,train,fit
9000019_1767710400,9000019,2026-01-06 14:40:00,10900529,2026-01-06 14:51:27.712873048,114.0,train,fit
9000019_1767710700,9000019,2026-01-06 14:45:00,10900596,2026-01-06 14:55:27.712873048,114.0,train,fit
9000019_1767711000,9000019,2026-01-06 14:50:00,10900319,2026-01-06 15:00:27.712873048,63.0,train,fit
9000019_1767711300,9000019,2026-01-06 14:55:00,10900391,2026-01-06 15:07:27.712873048,127.0,train,fit
9000019_1767711600,9000019,2026-01-06 15:00:00,10900059,2026-01-06 15:10:27.712873048,169.0,train,fit
9000019_1767711900,9000019,2026-01-06 15:05:00,10900188,2026-01-06 15:15:27.712873048,163.0,train,fit
9000019_1767712200,9000019,2026-01-06 15:10:00,10900165,2026-01-06 15:20:27.712873048,45.0,train,fit
9000019_1767712500,9000019,2026-01-06 15:15:00,10900196,2026-01-06 15:25:27.712873048,83.0,train,fit
9000019_1767712800,9000019,2026-01-06 15:20:00,10900132,2026-01-06 15:30:27.712873048,3.0,train,fit
9000019_1767713100,9000019,2026-01-06 15:25:00,10900179,2026-01-06 15:35:27.712873048,2.0,train,fit
9000019_1767713400,9000019,2026-01-06 15:30:00,10900517,2026-01-06 15:42:27.712873048,-60.0,train,fit
9000019_1767713700,9000019,2026-01-06 15:35:00,10900197,2026-01-06 15:45:27.712873048,-29.0,train,fit
9000019_1767714000,9000019,2026-01-06 15:40:00,10900154,2026-01-06 15:50:27.712873048,122.0,train,fit
9000019_1767716400,9000019,2026-01-06 16:20:00,10900147,2026-01-06 16:33:27.712873048,88.0,train,fit
9000019_1767716700,9000019,2026-01-06 16:25:00,10900213,2026-01-06 16:36:27.712873048,88.0,train,fit
9000019_1767717000,9000019,2026-01-06 16:30:00,10900428,2026-01-06 16:40:27.712873048,88.0,train,fit
9000019_1767717300,9000019,2026-01-06 16:35:00,10900410,2026-01-06 16:45:27.712873048,79.0,train,fit
9000019_1767717600,9000019,2026-01-06 16:40:00,10900206,2026-01-06 16:52:27.712873048,82.0,train,fit
9000019_1767717900,9000019,2026-01-06 16:45:00,10900186,2026-01-06 16:55:27.712873048,107.0,train,fit
9000019_1767718200,9000019,2026-01-06 16:50:00,10900347,2026-01-06 17:00:27.712873048,100.0,train,fit
9000019_1767718500,9000019,2026-01-06 16:55:00,10900576,2026-01-06 17:05:27.712873048,18.0,train,fit
9000019_1767718800,9000019,2026-01-06 17:00:00,10900231,2026-01-06 17:10:27.712873048,-19.0,train,fit
9000019_1767719100,9000019,2026-01-06 17:05:00,10900313,2026-01-06 17:15:27.712873048,-55.0,train,fit
9000019_1767719400,9000019,2026-01-06 17:10:00,10900232,2026-01-06 17:20:27.712873048,-37.0,train,fit
9000019_1767719700,9000019,2026-01-06 17:15:00,10900073,2026-01-06 17:27:27.712873048,-39.0,train,fit
9000019_1767720000,9000019,2026-01-06 17:20:00,10900452,2026-01-06 17:30:27.712873048,-79.0,train,fit
9000019_1767720300,9000019,2026-01-06 17:25:00,10900185,2026-01-06 17:35:27.712873048,-161.0,train,fit
9000019_1767720900,9000019,2026-01-06 17:35:00,10900178,2026-01-06 17:48:27.712873048,-183.0,train,fit
9000019_1767721200,9000019,2026-01-06 17:40:00,10900567,2026-01-06 17:51:27.712873048,-36.0,train,fit
9000019_1767721500,9000019,2026-01-06 17:45:00,10900618,2026-01-06 17:55:27.712873048,-36.0,train,fit
9000019_1767721800,9000019,2026-01-06 17:50:00,10900201,2026-01-06 18:00:27.712873048,39.0,train,fit
9000019_1767722100,9000019,2026-01-06 17:55:00,10900210,2026-01-06 18:06:27.712873048,6.0,train,fit
9000019_1767722400,9000019,2026-01-06 18:00:00,10900569,2026-01-06 18:11:27.712873048,62.0,train,fit
9000019_1767722700,9000019,2026-01-06 18:05:00,10900554,2026-01-06 18:16:27.712873048,-61.0,train,fit
9000019_1767723000,9000019,2026-01-06 18:10:00,10900222,2026-01-06 18:21:27.712873048,-30.0,train,fit
9000019_1767729000,9000019,2026-01-06 19:50:00,10900530,2026-01-06 20:03:27.712873048,191.0,train,fit
9000019_1767729300,9000019,2026-01-06 19:55:00,10900619,2026-01-06 20:05:27.712873048,191.0,train,fit
9000019_1767729600,9000019,2026-01-06 20:00:00,10900046,2026-01-06 20:10:27.712873048,191.0,train,fit
9000019_1767729900,9000019,2026-01-06 20:05:00,10900227,2026-01-06 20:15:27.712873048,9.0,train,fit
9000019_1767730200,9000019,2026-01-06 20:10:00,10900496,2026-01-06 20:21:27.712873048,190.0,train,fit
9000019_1767730500,9000019,2026-01-06 20:15:00,10900019,2026-01-06 20:25:27.712873048,136.0,train,fit
9000019_1767730800,9000019,2026-01-06 20:20:00,10900464,2026-01-06 20:31:27.712873048,97.0,train,fit
9000019_1767731100,9000019,2026-01-06 20:25:00,10900014,2026-01-06 20:35:27.712873048,52.0,train,fit
9000019_1767731400,9000019,2026-01-06 20:30:00,10900269,2026-01-06 20:40:27.712873048,5.0,train,fit
9000019_1767731700,9000019,2026-01-06 20:35:00,10900275,2026-01-06 20:45:27.712873048,65.0,train,fit
9000019_1767732000,9000019,2026-01-06 20:40:00,10900289,2026-01-06 20:50:27.712873048,70.0,train,fit
9000019_1767732300,9000019,2026-01-06 20:45:00,10900074,2026-01-06 20:55:27.712873048,80.0,train,fit
9000019_1767732600,9000019,2026-01-06 20:50:00,10900226,2026-01-06 21:03:27.712873048,90.0,train,fit
9000019_1767732900,9000019,2026-01-06 20:55:00,10900236,2026-01-06 21:05:27.712873048,89.0,train,fit
9000019_1767733200,9000019,2026-01-06 21:00:00,10900244,2026-01-06 21:10:27.712873048,163.0,train,fit
9000019_1767733500,9000019,2026-01-06 21:05:00,10900293,2026-01-06 21:15:27.712873048,3.0,train,fit
9000019_1767733800,9000019,2026-01-06 21:10:00,10900230,2026-01-06 21:21:27.712873048,-63.0,train,fit
9000019_1767734100,9000019,2026-01-06 21:15:00,10900343,2026-01-06 21:25:27.712873048,58.0,train,fit
9000019_1767734400,9000019,2026-01-06 21:20:00,10900476,2026-01-06 21:31:27.712873048,12.0,train,fit
9000019_1767734700,9000019,2026-01-06 21:25:00,10900507,2026-01-06 21:35:27.712873048,6.0,train,fit
9000019_1767735000,9000019,2026-01-06 21:30:00,10900374,2026-01-06 21:40:27.712873048,-21.0,train,fit
9000019_1767735300,9000019,2026-01-06 21:35:00,10900281,2026-01-06 21:45:27.712873048,60.0,train,fit
9000019_1767735600,9000019,2026-01-06 21:40:00,10900578,2026-01-06 21:50:27.712873048,74.0,train,fit
9000019_1767735900,9000019,2026-01-06 21:45:00,10900294,2026-01-06 21:55:27.712873048,68.0,train,fit
9000019_1767736800,9000019,2026-01-06 22:00:00,10900288,2026-01-06 22:12:27.712873048,159.0,train,fit
9000019_1767737100,9000019,2026-01-06 22:05:00,10900296,2026-01-06 22:15:27.712873048,159.0,train,fit
9000019_1767737400,9000019,2026-01-06 22:10:00,10900514,2026-01-06 22:20:27.712873048,159.0,train,fit
9000019_1767737700,9000019,2026-01-06 22:15:00,10900045,2026-01-06 22:25:27.712873048,20.0,train,fit
9000019_1767738000,9000019,2026-01-06 22:20:00,10900385,2026-01-06 22:30:27.712873048,-20.0,train,fit
9000019_1767738300,9000019,2026-01-06 22:25:00,10900303,2026-01-06 22:35:27.712873048,-18.0,train,fit
9000020_1767666300,9000020,2026-01-06 02:25:00,11000000,2026-01-06 02:38:57.166664842,0.0,train,fit
9000020_1767666600,9000020,2026-01-06 02:30:00,11000004,2026-01-06 02:40:57.166664842,0.0,train,fit
9000020_1767666900,9000020,2026-01-06 02:35:00,11000264,2026-01-06 02:46:57.166664842,0.0,train,fit
9000020_1767667200,9000020,2026-01-06 02:40:00,11000018,2026-01-06 02:50:57.166664842,92.0,train,fit
9000020_1767667500,9000020,2026-01-06 02:45:00,11000025,2026-01-06 02:55:57.166664842,70.0,train,fit
9000020_1767667800,9000020,2026-01-06 02:50:00,11000265,2026-01-06 03:01:57.166664842,165.0,train,fit
9000020_1767668100,9000020,2026-01-06 02:55:00,11000392,2026-01-06 03:05:57.166664842,120.0,train,fit
9000020_1767668400,9000020,2026-01-06 03:00:00,11000425,2026-01-06 03:10:57.166664842,159.0,train,fit
9000020_1767668700,9000020,2026-01-06 03:05:00,11000089,2026-01-06 03:18:57.166664842,162.0,train,fit
9000020_1767669000,9000020,2026-01-06 03:10:00,11000383,2026-01-06 03:20:57.166664842,96.0,train,fit
9000020_1767669300,9000020,2026-01-06 03:15:00,11000021,2026-01-06 03:25:57.166664842,131.0,train,fit
9000020_1767673500,9000020,2026-01-06 04:25:00,11000256,2026-01-06 04:35:57.166664842,377.0,train,fit
9000020_1767673800,9000020,2026-01-06 04:30:00,11000118,2026-01-06 04:44:57.166664842,373.0,train,fit
9000020_1767674100,9000020,2026-01-06 04:35:00,11000117,2026-01-06 04:45:57.166664842,250.0,train,fit
9000020_1767674400,9000020,2026-01-06 04:40:00,11000433,2026-01-06 04:51:57.166664842,224.0,train,fit
9000020_1767674700,9000020,2026-01-06 04:45:00,11000381,2026-01-06 04:55:57.166664842,83.0,train,fit
9000020_1767675000,9000020,2026-01-06 04:50:00,11000374,2026-01-06 05:01:57.166664842,143.0,train,fit
9000020_1767675300,9000020,2026-01-06 04:55:00,11000375,2026-01-06 05:05:57.166664842,133.0,train,fit
9000020_1767675600,9000020,2026-01-06 05:00:00,11000379,2026-01-06 05:10:57.166664842,214.0,train,fit
9000020_1767675900,9000020,2026-01-06 05:05:00,11000380,2026-01-06 05:16:57.166664842,143.0,train,fit
9000020_1767676200,9000020,2026-01-06 05:10:00,11000378,2026-01-06 05:20:57.166664842,154.0,train,fit
9000020_1767676500,9000020,2026-01-06 05:15:00,11000260,2026-01-06 05:27:57.166664842,103.0,train,fit
9000020_1767678300,9000020,2026-01-06 05:45:00,11000176,2026-01-06 05:58:57.166664842,-55.0,train,fit
9000020_1767678600,9000020,2026-01-06 05:50:00,11000332,2026-01-06 06:00:57.166664842,-55.0,train,fit
9000020_1767678900,9000020,2026-01-06 05:55:00,11000329,2026-01-06 06:06:57.166664842,-55.0,train,fit
9000020_1767679200,9000020,2026-01-06 06:00:00,11000328,2026-01-06 06:12:57.166664842,43.0,train,fit
9000020_1767679500,9000020,2026-01-06 06:05:00,11000054,2026-01-06 06:16:57.166664842,-17.0,train,fit
9000020_1767679800,9000020,2026-01-06 06:10:00,11000325,2026-01-06 06:20:57.166664842,-71.0,train,fit
9000020_1767680100,9000020,2026-01-06 06:15:00,11000322,2026-01-06 06:25:57.166664842,-95.0,train,fit
9000020_1767680400,9000020,2026-01-06 06:20:00,11000320,2026-01-06 06:30:57.166664842,-105.0,train,fit
9000020_1767680700,9000020,2026-01-06 06:25:00,11000317,2026-01-06 06:35:57.166664842,-28.0,train,fit
9000020_1767681000,9000020,2026-01-06 06:30:00,11000023,2026-01-06 06:40:57.166664842,47.0,train,fit
9000020_1767681300,9000020,2026-01-06 06:35:00,11000299,2026-01-06 06:46:57.166664842,-54.0,train,fit
9000020_1767681600,9000020,2026-01-06 06:40:00,11000305,2026-01-06 06:50:57.166664842,60.0,train,fit
9000020_1767681900,9000020,2026-01-06 06:45:00,11000310,2026-01-06 06:56:57.166664842,0.0,train,fit
9000020_1767686100,9000020,2026-01-06 07:55:00,11000347,2026-01-06 08:07:57.166664842,107.0,train,fit
9000020_1767686400,9000020,2026-01-06 08:00:00,11000351,2026-01-06 08:10:57.166664842,28.0,train,fit
9000020_1767686700,9000020,2026-01-06 08:05:00,11000360,2026-01-06 08:15:57.166664842,-33.0,train,fit
9000020_1767687000,9000020,2026-01-06 08:10:00,11000280,2026-01-06 08:20:57.166664842,88.0,train,fit
9000020_1767687300,9000020,2026-01-06 08:15:00,11000359,2026-01-06 08:26:57.166664842,164.0,train,fit
9000020_1767687600,9000020,2026-01-06 08:20:00,11000364,2026-01-06 08:32:57.166664842,174.0,train,fit
9000020_1767687900,9000020,2026-01-06 08:25:00,11000342,2026-01-06 08:35:57.166664842,157.0,train,fit
9000020_1767688200,9000020,2026-01-06 08:30:00,11000357,2026-01-06 08:42:57.166664842,151.0,train,fit
9000020_1767688500,9000020,2026-01-06 08:35:00,11000366,2026-01-06 08:46:57.166664842,-27.0,train,fit
9000020_1767688800,9000020,2026-01-06 08:40:00,11000123,2026-01-06 08:51:57.166664842,94.0,train,fit
9000020_1767702000,9000020,2026-01-06 12:20:00,11000178,2026-01-06 12:30:57.166664842,-55.0,train,fit
9000020_1767702300,9000020,2026-01-06 12:25:00,11000226,2026-01-06 12:36:57.166664842,-55.0,train,fit
9000020_1767702600,9000020,2026-01-06 12:30:00,11000228,2026-01-06 12:40:57.166664842,-55.0,train,fit
9000020_1767702900,9000020,2026-01-06 12:35:00,11000291,2026-01-06 12:45:57.166664842,79.0,train,fit
9000020_1767703200,9000020,2026-01-06 12:40:00,11000184,2026-01-06 12:51:57.166664842,17.0,train,fit
9000020_1767703500,9000020,2026-01-06 12:45:00,11000229,2026-01-06 12:55:57.166664842,116.0,train,fit
9000020_1767703800,9000020,2026-01-06 12:50:00,11000232,2026-01-06 13:01:57.166664842,-12.0,train,fit
9000020_1767704100,9000020,2026-01-06 12:55:00,11000292,2026-01-06 13:05:57.166664842,32.0,train,fit
9000020_1767704400,9000020,2026-01-06 13:00:00,11000233,2026-01-06 13:10:57.166664842,68.0,train,fit
9000020_1767704700,9000020,2026-01-06 13:05:00,11000124,2026-01-06 13:15:57.166664842,63.0,train,fit
9000020_1767705000,9000020,2026-01-06 13:10:00,11000128,2026-01-06 13:20:57.166664842,39.0,train,fit
9000020_1767705300,9000020,2026-01-06 13:15:00,11000131,2026-01-06 13:25:57.166664842,38.0,train,fit
9000020_1767705600,9000020,2026-01-06 13:20:00,11000135,2026-01-06 13:32:57.166664842,149.0,train,fit
9000020_1767705900,9000020,2026-01-06 13:25:00,11000137,2026-01-06 13:36:57.166664842,174.0,train,fit
9000020_1767706200,9000020,2026-01-06 13:30:00,11000138,2026-01-06 13:40:57.166664842,328.0,train,fit
9000020_1767706500,9000020,2026-01-06 13:35:00,11000141,2026-01-06 13:46:57.166664842,232.0,train,fit
9000020_1767706800,9000020,2026-01-06 13:40:00,11000143,2026-01-06 13:51:57.166664842,240.0,train,fit
9000020_1767707100,9000020,2026-01-06 13:45:00,11000214,2026-01-06 13:55:57.166664842,108.0,train,fit
9000020_1767707400,9000020,2026-01-06 13:50:00,11000194,2026-01-06 14:02:57.166664842,55.0,train,fit
9000020_1767707700,9000020,2026-01-06 13:55:00,11000195,2026-01-06 14:05:57.166664842,94.0,train,fit
9000020_1767708000,9000020,2026-01-06 14:00:00,11000253,2026-01-06 14:10:57.166664842,57.0,train,fit
9000020_1767708300,9000020,2026-01-06 14:05:00,11000244,2026-01-06 14:16:57.166664842,56.0,train,fit
9000020_1767708600,9000020,2026-01-06 14:10:00,11000201,2026-01-06 14:21:57.166664842,85.0,train,fit
9000020_1767708900,9000020,2026-01-06 14:15:00,11000289,2026-01-06 14:25:57.166664842,62.0,train,fit
9000020_1767709200,9000020,2026-01-06 14:20:00,11000441,2026-01-06 14:30:57.166664842,70.0,train,fit
9000020_1767709500,9000020,2026-01-06 14:25:00,11000209,2026-01-06 14:35:57.166664842,-17.0,train,fit
9000020_1767709800,9000020,2026-01-06 14:30:00,11000247,2026-01-06 14:41:57.166664842,89.0,train,fit
9000020_1767710100,9000020,2026-01-06 14:35:00,11000096,2026-01-06 14:47:57.166664842,204.0,train,fit
9000020_1767710400,9000020,2026-01-06 14:40:00,11000236,2026-01-06 14:50:57.166664842,225.0,train,fit
9000020_1767710700,9000020,2026-01-06 14:45:00,11000100,2026-01-06 14:55:57.166664842,214.0,train,fit
9000020_1767711000,9000020,2026-01-06 14:50:00,11000238,2026-01-06 15:00:57.166664842,178.0,train,fit
9000020_1767711300,9000020,2026-01-06 14:55:00,11000093,2026-01-06 15:06:57.166664842,200.0,train,fit
9000020_1767711600,9000020,2026-01-06 15:00:00,11000189,2026-01-06 15:12:57.166664842,267.0,train,fit
9000020_1767711900,9000020,2026-01-06 15:05:00,11000281,2026-01-06 15:16:57.166664842,212.0,train,fit
9000020_1767712200,9000020,2026-01-06 15:10:00,11000095,2026-01-06 15:20:57.166664842,241.0,train,fit
9000020_1767712500,9000020,2026-01-06 15:15:00,11000191,2026-01-06 15:25:57.166664842,105.0,train,fit
9000020_1767712800,9000020,2026-01-06 15:20:00,11000090,2026-01-06 15:31:57.166664842,69.0,train,fit
9000020_1767720000,9000020,2026-01-06 17:20:00,11000022,2026-01-06 17:31:57.166664842,-53.0,train,fit
9000020_1767720300,9000020,2026-01-06 17:25:00,11000251,2026-01-06 17:37:57.166664842,-53.0,train,fit
9000020_1767720600,9000020,2026-01-06 17:30:00,11000224,2026-01-06 17:40:57.166664842,-53.0,train,fit
9000020_1767720900,9000020,2026-01-06 17:35:00,11000055,2026-01-06 17:46:57.166664842,43.0,train,fit
9000020_1767721200,9000020,2026-01-06 17:40:00,11000444,2026-01-06 17:50:57.166664842,103.0,train,fit
9000020_1767721500,9000020,2026-01-06 17:45:00,11000221,2026-01-06 17:55:57.166664842,119.0,train,fit
9000020_1767721800,9000020,2026-01-06 17:50:00,11000159,2026-01-06 18:00:57.166664842,184.0,train,fit
9000020_1767722100,9000020,2026-01-06 17:55:00,11000287,2026-01-06 18:05:57.166664842,327.0,train,fit
9000020_1767722400,9000020,2026-01-06 18:00:00,11000430,2026-01-06 18:12:57.166664842,378.0,train,fit
9000020_1767722700,9000020,2026-01-06 18:05:00,11000279,2026-01-06 18:15:57.166664842,341.0,train,fit
9000020_1767723000,9000020,2026-01-06 18:10:00,11000012,2026-01-06 18:21:57.166664842,418.0,train,fit
9000020_1767729300,9000020,2026-01-06 19:55:00,11000273,2026-01-06 20:05:57.166664842,401.0,train,fit
9000020_1767729600,9000020,2026-01-06 20:00:00,11000028,2026-01-06 20:11:57.166664842,401.0,train,fit
9000020_1767729900,9000020,2026-01-06 20:05:00,11000145,2026-01-06 20:15:57.166664842,401.0,train,fit
9000020_1767730200,9000020,2026-01-06 20:10:00,11000046,2026-01-06 20:20:57.166664842,176.0,train,fit
9000020_1767730500,9000020,2026-01-06 20:15:00,11000052,2026-01-06 20:25:57.166664842,87.0,train,fit
9000020_1767734700,9000020,2026-01-06 21:25:00,11000553,2026-01-06 21:35:57.166664842,428.0,train,fit
9000020_1767735000,9000020,2026-01-06 21:30:00,11000448,2026-01-06 21:40:57.166664842,441.0,train,fit
9000020_1767735300,9000020,2026-01-06 21:35:00,11000452,2026-01-06 21:46:57.166664842,441.0,train,fit
9000020_1767735600,9000020,2026-01-06 21:40:00,11000162,2026-01-06 21:50:57.166664842,22.0,train,fit
9000020_1767735900,9000020,2026-01-06 21:45:00,11000479,2026-01-06 21:55:57.166664842,1.0,train,fit
9000020_1767736200,9000020,2026-01-06 21:50:00,11000163,2026-01-06 22:00:57.166664842,7.0,train,fit
9000020_1767736500,9000020,2026-01-06 21:55:00,11000460,2026-01-06 22:05:57.166664842,52.0,train,fit
9000020_1767736800,9000020,2026-01-06 22:00:00,11000480,2026-01-06 22:11:57.166664842,7.0,train,fit
9000020_1767737100,9000020,2026-01-06 22:05:00,11000587,2026-01-06 22:15:57.166664842,-16.0,train,fit
9000020_1767737400,9000020,2026-01-06 22:10:00,11000607,2026-01-06 22:21:57.166664842,-22.0,train,fit
9000020_1767737700,9000020,2026-01-06 22:15:00,11000599,2026-01-06 22:25:57.166664842,10.0,train,fit
9000020_1767738000,9000020,2026-01-06 22:20:00,11000566,2026-01-06 22:30:57.166664842,2.0,train,fit
9000020_1767738300,9000020,2026-01-06 22:25:00,11000449,2026-01-06 22:35:57.166664842,18.0,train,fit
9000020_1767738600,9000020,2026-01-06 22:30:00,11000485,2026-01-06 22:40:57.166664842,-23.0,train,fit
9000020_1767738900,9000020,2026-01-06 22:35:00,11000557,2026-01-06 22:47:57.166664842,29.0,train,fit
9000020_1767739200,9000020,2026-01-06 22:40:00,11000471,2026-01-06 22:50:57.166664842,-30.0,train,fit
9000020_1767739500,9000020,2026-01-06 22:45:00,11000489,2026-01-06 22:55:57.166664842,6.0,train,fit
9000021_1767665700,9000021,2026-01-06 02:15:00,11100000,2026-01-06 02:28:58.166929058,0.0,train,fit
9000021_1767666000,9000021,2026-01-06 02:20:00,11100004,2026-01-06 02:30:58.166929058,0.0,train,fit
9000021_1767666300,9000021,2026-01-06 02:25:00,11100264,2026-01-06 02:36:58.166929058,0.0,train,fit
9000021_1767666600,9000021,2026-01-06 02:30:00,11100018,2026-01-06 02:40:58.166929058,43.0,train,fit
9000021_1767666900,9000021,2026-01-06 02:35:00,11100025,2026-01-06 02:45:58.166929058,64.0,train,fit
9000021_1767667200,9000021,2026-01-06 02:40:00,11100265,2026-01-06 02:51:58.166929058,172.0,train,fit
9000021_1767667500,9000021,2026-01-06 02:45:00,11100392,2026-01-06 02:55:58.166929058,125.0,train,fit
9000021_1767667800,9000021,2026-01-06 02:50:00,11100425,2026-01-06 03:00:58.166929058,136.0,train,fit
9000021_1767668100,9000021,2026-01-06 02:55:00,11100089,2026-01-06 03:08:58.166929058,177.0,train,fit
9000021_1767668400,9000021,2026-01-06 03:00:00,11100383,2026-01-06 03:10:58.166929058,88.0,train,fit
9000021_1767668700,9000021,2026-01-06 03:05:00,11100021,2026-01-06 03:15:58.166929058,90.0,train,fit
9000021_1767672900,9000021,2026-01-06 04:15:00,11100256,2026-01-06 04:25:58.166929058,346.0,train,fit
9000021_1767673200,9000021,2026-01-06 04:20:00,11100118,2026-01-06 04:34:58.166929058,349.0,train,fit
9000021_1767673500,9000021,2026-01-06 04:25:00,11100117,2026-01-06 04:35:58.166929058,234.0,train,fit
9000021_1767673800,9000021,2026-01-06 04:30:00,11100433,2026-01-06 04:41:58.166929058,167.0,train,fit
9000021_1767674100,9000021,2026-01-06 04:35:00,11100381,2026-01-06 04:45:58.166929058,100.0,train,fit
9000021_1767674400,9000021,2026-01-06 04:40:00,11100374,2026-01-06 04:51:58.166929058,100.0,train,fit
9000021_1767674700,9000021,2026-01-06 04:45:00,11100375,2026-01-06 04:55:58.166929058,110.0,train,fit
9000021_1767675000,9000021,2026-01-06 04:50:00,11100379,2026-01-06 05:00:58.166929058,193.0,train,fit
9000021_1767675300,9000021,2026-01-06 04:55:00,11100380,2026-01-06 05:06:58.166929058,107.0,train,fit
9000021_1767675600,9000021,2026-01-06 05:00:00,11100378,2026-01-06 05:10:58.166929058,91.0,train,fit
9000021_1767675900,9000021,2026-01-06 05:05:00,11100260,2026-01-06 05:17:58.166929058,63.0,train,fit
9000021_1767677700,9000021,2026-01-06 05:35:00,11100176,2026-01-06 05:48:58.166929058,-19.0,train,fit
9000021_1767678000,9000021,2026-01-06 05:40:00,11100332,2026-01-06 05:50:58.166929058,-19.0,train,fit
9000021_1767678300,9000021,2026-01-06 05:45:00,11100329,2026-01-06 05:56:58.166929058,-19.0,train,fit
9000021_1767678600,9000021,2026-01-06 05:50:00,11100328,2026-01-06 06:02:58.166929058,-4.0,train,fit
9000021_1767678900,9000021,2026-01-06 05:55:00,11100054,2026-01-06 06:06:58.166929058,2.0,train,fit
9000021_1767679200,9000021,2026-01-06 06:00:00,11100325,2026-01-06 06:10:58.166929058,-46.0,train,fit
9000021_1767679500,9000021,2026-01-06 06:05:00,11100322,2026-01-06 06:15:58.166929058,-101.0,train,fit
9000021_1767679800,9000021,2026-01-06 06:10:00,11100320,2026-01-06 06:20:58.166929058,-91.0,train,fit
9000021_1767680100,9000021,2026-01-06 06:15:00,11100317,2026-01-06 06:25:58.166929058,-25.0,train,fit
9000021_1767680400,9000021,2026-01-06 06:20:00,11100023,2026-01-06 06:30:58.166929058,11.0,train,fit
9000021_1767680700,9000021,2026-01-06 06:25:00,11100299,2026-01-06 06:36:58.166929058,-20.0,train,fit
9000021_1767681000,9000021,2026-01-06 06:30:00,11100305,2026-01-06 06:40:58.166929058,43.0,train,fit
9000021_1767681300,9000021,2026-01-06 06:35:00,11100310,2026-01-06 06:46:58.166929058,-18.0,train,fit
9000021_1767685500,9000021,2026-01-06 07:45:00,11100347,2026-01-06 07:57:58.166929058,100.0,train,fit
9000021_1767685800,9000021,2026-01-06 07:50:00,11100351,2026-01-06 08:00:58.166929058,28.0,train,fit
9000021_1767686100,9000021,2026-01-06 07:55:00,11100360,2026-01-06 08:05:58.166929058,-14.0,train,fit
9000021_1767686400,9000021,2026-01-06 08:00:00,11100280,2026-01-06 08:10:58.166929058,90.0,train,fit
9000021_1767686700,9000021,2026-01-06 08:05:00,11100359,2026-01-06 08:16:58.166929058,147.0,train,fit
9000021_1767687000,9000021,2026-01-06 08:10:00,11100364,2026-01-06 08:22:58.166929058,142.0,train,fit
9000021_1767687300,9000021,2026-01-06 08:15:00,11100342,2026-01-06 08:25:58.166929058,150.0,train,fit
9000021_1767687600,9000021,2026-01-06 08:20:00,11100357,2026-01-06 08:32:58.166929058,142.0,train,fit
9000021_1767687900,9000021,2026-01-06 08:25:00,11100366,2026-01-06 08:36:58.166929058,37.0,train,fit
9000021_1767688200,9000021,2026-01-06 08:30:00,11100123,2026-01-06 08:41:58.166929058,115.0,train,fit
9000021_1767701400,9000021,2026-01-06 12:10:00,11100178,2026-01-06 12:20:58.166929058,-46.0,train,fit
9000021_1767701700,9000021,2026-01-06 12:15:00,11100226,2026-01-06 12:26:58.166929058,-46.0,train,fit
9000021_1767702000,9000021,2026-01-06 12:20:00,11100228,2026-01-06 12:30:58.166929058,-46.0,train,fit
9000021_1767702300,9000021,2026-01-06 12:25:00,11100291,2026-01-06 12:35:58.166929058,83.0,train,fit
9000021_1767702600,9000021,2026-01-06 12:30:00,11100184,2026-01-06 12:41:58.166929058,51.0,train,fit
9000021_1767702900,9000021,2026-01-06 12:35:00,11100229,2026-01-06 12:45:58.166929058,78.0,train,fit
9000021_1767703200,9000021,2026-01-06 12:40:00,11100232,2026-01-06 12:51:58.166929058,-22.0,train,fit
9000021_1767703500,9000021,2026-01-06 12:45:00,11100292,2026-01-06 12:55:58.166929058,10.0,train,fit
9000021_1767703800,9000021,2026-01-06 12:50:00,11100233,2026-01-06 13:00:58.166929058,60.0,train,fit
9000021_1767704100,9000021,2026-01-06 12:55:00,11100124,2026-01-06 13:05:58.166929058,89.0,train,fit
9000021_1767704400,9000021,2026-01-06 13:00:00,11100128,2026-01-06 13:10:58.166929058,98.0,train,fit
9000021_1767704700,9000021,2026-01-06 13:05:00,11100131,2026-01-06 13:15:58.166929058,42.0,train,fit
9000021_1767705000,9000021,2026-01-06 13:10:00,11100135,2026-01-06 13:22:58.166929058,135.0,train,fit
9000021_1767705300,9000021,2026-01-06 13:15:00,11100137,2026-01-06 13:26:58.166929058,157.0,train,fit
9000021_1767705600,9000021,2026-01-06 13:20:00,11100138,2026-01-06 13:30:58.166929058,276.0,train,fit
9000021_1767705900,9000021,2026-01-06 13:25:00,11100141,2026-01-06 13:36:58.166929058,212.0,train,fit
9000021_1767706200,9000021,2026-01-06 13:30:00,11100143,2026-01-06 13:41:58.166929058,254.0,train,fit
9000021_1767706500,9000021,2026-01-06 13:35:00,11100214,2026-01-06 13:45:58.166929058,113.0,train,fit
9000021_1767706800,9000021,2026-01-06 13:40:00,11100194,2026-01-06 13:52:58.166929058,44.0,train,fit
9000021_1767707100,9000021,2026-01-06 13:45:00,11100195,2026-01-06 13:55:58.166929058,32.0,train,fit
9000021_1767707400,9000021,2026-01-06 13:50:00,11100253,2026-01-06 14:00:58.166929058,58.0,train,fit
9000021_1767707700,9000021,2026-01-06 13:55:00,11100244,2026-01-06 14:06:58.166929058,77.0,train,fit
9000021_1767708000,9000021,2026-01-06 14:00:00,11100201,2026-01-06 14:11:58.166929058,42.0,train,fit
9000021_1767708300,9000021,2026-01-06 14:05:00,11100289,2026-01-06 14:15:58.166929058,22.0,train,fit
9000021_1767708600,9000021,2026-01-06 14:10:00,11100441,2026-01-06 14:20:58.166929058,50.0,train,fit
9000021_1767708900,9000021,2026-01-06 14:15:00,11100209,2026-01-06 14:25:58.166929058,71.0,train,fit
9000021_1767709200,9000021,2026-01-06 14:20:00,11100247,2026-01-06 14:31:58.166929058,93.0,train,fit
9000021_1767709500,9000021,2026-01-06 14:25:00,11100096,2026-01-06 14:37:58.166929058,150.0,train,fit
9000021_1767709800,9000021,2026-01-06 14:30:00,11100236,2026-01-06 14:40:58.166929058,224.0,train,fit
9000021_1767710100,9000021,2026-01-06 14:35:00,11100100,2026-01-06 14:45:58.166929058,244.0,train,fit
9000021_1767710400,9000021,2026-01-06 14:40:00,11100238,2026-01-06 14:50:58.166929058,183.0,train,fit
9000021_1767710700,9000021,2026-01-06 14:45:00,11100093,2026-01-06 14:56:58.166929058,189.0,train,fit
9000021_1767711000,9000021,2026-01-06 14:50:00,11100189,2026-01-06 15:02:58.166929058,216.0,train,fit
9000021_1767711300,9000021,2026-01-06 14:55:00,11100281,2026-01-06 15:06:58.166929058,201.0,train,fit
9000021_1767711600,9000021,2026-01-06 15:00:00,11100095,2026-01-06 15:10:58.166929058,151.0,train,fit
9000021_1767711900,9000021,2026-01-06 15:05:00,11100191,2026-01-06 15:15:58.166929058,62.0,train,fit
9000021_1767712200,9000021,2026-01-06 15:10:00,11100090,2026-01-06 15:21:58.166929058,84.0,train,fit
9000021_1767719400,9000021,2026-01-06 17:10:00,11100022,2026-01-06 17:21:58.166929058,-29.0,train,fit
9000021_1767719700,9000021,2026-01-06 17:15:00,11100251,2026-01-06 17:27:58.166929058,-29.0,train,fit
9000021_1767720000,9000021,2026-01-06 17:20:00,11100224,2026-01-06 17:30:58.166929058,-29.0,train,fit
9000021_1767720300,9000021,2026-01-06 17:25:00,11100055,2026-01-06 17:36:58.166929058,33.0,train,fit
9000021_1767720600,9000021,2026-01-06 17:30:00,11100444,2026-01-06 17:40:58.166929058,122.0,train,fit
9000021_1767720900,9000021,2026-01-06 17:35:00,11100221,2026-01-06 17:45:58.166929058,119.0,train,fit
9000021_1767721200,9000021,2026-01-06 17:40:00,11100159,2026-01-06 17:50:58.166929058,202.0,train,fit
9000021_1767721500,9000021,2026-01-06 17:45:00,11100287,2026-01-06 17:55:58.166929058,343.0,train,fit
9000021_1767721800,9000021,2026-01-06 17:50:00,11100430,2026-01-06 18:02:58.166929058,406.0,train,fit
9000021_1767722100,9000021,2026-01-06 17:55:00,11100279,2026-01-06 18:05:58.166929058,338.0,train,fit
9000021_1767722400,9000021,2026-01-06 18:00:00,11100012,2026-01-06 18:11:58.166929058,445.0,train,fit
9000021_1767728700,9000021,2026-01-06 19:45:00,11100273,2026-01-06 19:55:58.166929058,375.0,train,fit
9000021_1767729000,9000021,2026-01-06 19:50:00,11100028,2026-01-06 20:01:58.166929058,375.0,train,fit
9000021_1767729300,9000021,2026-01-06 19:55:00,11100145,2026-01-06 20:05:58.166929058,375.0,train,fit
9000021_1767729600,9000021,2026-01-06 20:00:00,11100046,2026-01-06 20:10:58.166929058,214.0,train,fit
9000021_1767729900,9000021,2026-01-06 20:05:00,11100052,2026-01-06 20:15:58.166929058,91.0,train,fit
9000021_1767734100,9000021,2026-01-06 21:15:00,11100553,2026-01-06 21:25:58.166929058,422.0,train,fit
9000021_1767734400,9000021,2026-01-06 21:20:00,11100448,2026-01-06 21:30:58.166929058,423.0,train,fit
9000021_1767734700,9000021,2026-01-06 21:25:00,11100452,2026-01-06 21:36:58.166929058,423.0,train,fit
9000021_1767735000,9000021,2026-01-06 21:30:00,11100162,2026-01-06 21:40:58.166929058,15.0,train,fit
9000021_1767735300,9000021,2026-01-06 21:35:00,11100479,2026-01-06 21:45:58.166929058,-25.0,train,fit
9000021_1767735600,9000021,2026-01-06 21:40:00,11100163,2026-01-06 21:50:58.166929058,3.0,train,fit
9000021_1767735900,9000021,2026-01-06 21:45:00,11100460,2026-01-06 21:55:58.166929058,-11.0,train,fit
9000021_1767736200,9000021,2026-01-06 21:50:00,11100480,2026-01-06 22:01:58.166929058,16.0,train,fit
9000021_1767736500,9000021,2026-01-06 21:55:00,11100587,2026-01-06 22:05:58.166929058,51.0,train,fit
9000021_1767736800,9000021,2026-01-06 22:00:00,11100607,2026-01-06 22:11:58.166929058,-5.0,train,fit
9000021_1767737100,9000021,2026-01-06 22:05:00,11100599,2026-01-06 22:15:58.166929058,5.0,train,fit
9000021_1767737400,9000021,2026-01-06 22:10:00,11100566,2026-01-06 22:20:58.166929058,11.0,train,fit
9000021_1767737700,9000021,2026-01-06 22:15:00,11100449,2026-01-06 22:25:58.166929058,-4.0,train,fit
9000021_1767738000,9000021,2026-01-06 22:20:00,11100485,2026-01-06 22:30:58.166929058,3.0,train,fit
9000021_1767738300,9000021,2026-01-06 22:25:00,11100557,2026-01-06 22:37:58.166929058,-26.0,train,fit
9000021_1767738600,9000021,2026-01-06 22:30:00,11100471,2026-01-06 22:40:58.166929058,-17.0,train,fit
9000021_1767738900,9000021,2026-01-06 22:35:00,11100489,2026-01-06 22:45:58.166929058,-9.0,train,fit
9000022_1767739200,9000022,2026-01-06 22:40:00,11200039,2026-01-06 22:51:26.795686885,0.0,train,fit
9000022_1767739500,9000022,2026-01-06 22:45:00,11200030,2026-01-06 22:55:26.795686885,0.0,train,fit
9000022_1767739800,9000022,2026-01-06 22:50:00,11200042,2026-01-06 23:00:26.795686885,0.0,train,fit
9000022_1767740100,9000022,2026-01-06 22:55:00,11200031,2026-01-06 23:05:26.795686885,-21.0,train,fit
9000022_1767740400,9000022,2026-01-06 23:00:00,11200033,2026-01-06 23:10:26.795686885,2.0,train,fit
9000022_1767740700,9000022,2026-01-06 23:05:00,11200069,2026-01-06 23:16:26.795686885,-7.0,train,fit
9000022_1767741000,9000022,2026-01-06 23:10:00,11200043,2026-01-06 23:20:26.795686885,-44.0,train,fit
9000022_1767741300,9000022,2026-01-06 23:15:00,11200049,2026-01-06 23:25:26.795686885,8.0,train,fit
9000022_1767741600,9000022,2026-01-06 23:20:00,11200013,2026-01-06 23:31:26.795686885,-20.0,train,fit
9000022_1767741900,9000022,2026-01-06 23:25:00,11200019,2026-01-06 23:35:26.795686885,-3.0,train,fit
9000022_1767742200,9000022,2026-01-06 23:30:00,11200001,2026-01-06 23:40:26.795686885,8.0,train,fit
9000022_1767742500,9000022,2026-01-06 23:35:00,11200077,2026-01-06 23:46:26.795686885,10.0,train,fit
9000022_1767742800,9000022,2026-01-06 23:40:00,11200056,2026-01-06 23:50:26.795686885,31.0,train,fit
9000022_1767743100,9000022,2026-01-06 23:45:00,11200054,2026-01-06 23:55:26.795686885,-6.0,train,fit
9000022_1767743400,9000022,2026-01-06 23:50:00,11200000,2026-01-07 00:00:26.795686885,-20.0,train,fit
9000022_1767743700,9000022,2026-01-06 23:55:00,11200080,2026-01-07 00:05:26.795686885,34.0,train,fit
9000022_1767744000,9000022,2026-01-07 00:00:00,11200022,2026-01-07 00:10:26.795686885,5.0,train,fit
9000022_1767744900,9000022,2026-01-07 00:15:00,11200006,2026-01-07 00:28:26.795686885,0.0,train,fit
9000023_1767738900,9000023,2026-01-06 22:35:00,11300039,2026-01-06 22:46:03.094276261,0.0,train,fit
9000023_1767739200,9000023,2026-01-06 22:40:00,11300030,2026-01-06 22:50:03.094276261,0.0,train,fit
9000023_1767739500,9000023,2026-01-06 22:45:00,11300042,2026-01-06 22:55:03.094276261,0.0,train,fit
9000023_1767739800,9000023,2026-01-06 22:50:00,11300031,2026-01-06 23:00:03.094276261,-22.0,train,fit
9000023_1767740100,9000023,2026-01-06 22:55:00,11300033,2026-01-06 23:05:03.094276261,19.0,train,fit
9000023_1767740400,9000023,2026-01-06 23:00:00,11300069,2026-01-06 23:11:03.094276261,-19.0,train,fit
9000023_1767740700,9000023,2026-01-06 23:05:00,11300043,2026-01-06 23:15:03.094276261,-8.0,train,fit
9000023_1767741000,9000023,2026-01-06 23:10:00,11300049,2026-01-06 23:20:03.094276261,-11.0,train,fit
9000023_1767741300,9000023,2026-01-06 23:15:00,11300013,2026-01-06 23:26:03.094276261,10.0,train,fit
9000023_1767741600,9000023,2026-01-06 23:20:00,11300019,2026-01-06 23:30:03.094276261,14.0,train,fit
9000023_1767741900,9000023,2026-01-06 23:25:00,11300001,2026-01-06 23:35:03.094276261,9.0,train,fit
9000023_1767742200,9000023,2026-01-06 23:30:00,11300077,2026-01-06 23:41:03.094276261,20.0,train,fit
9000023_1767742500,9000023,2026-01-06 23:35:00,11300056,2026-01-06 23:45:03.094276261,-9.0,train,fit
9000023_1767742800,9000023,2026-01-06 23:40:00,11300054,2026-01-06 23:50:03.094276261,4.0,train,fit
9000023_1767743100,9000023,2026-01-06 23:45:00,11300000,2026-01-06 23:55:03.094276261,10.0,train,fit
9000023_1767743400,9000023,2026-01-06 23:50:00,11300080,2026-01-07 00:00:03.094276261,57.0,train,fit
9000023_1767743700,9000023,2026-01-06 23:55:00,11300022,2026-01-07 00:05:03.094276261,-22.0,train,fit
9000023_1767744600,9000023,2026-01-07 00:10:00,11300006,2026-01-07 00:23:03.094276261,-4.0,train,fit
9000024_1767669600,9000024,2026-01-06 03:20:00,11400041,2026-01-06 03:33:30.113363768,0.0,train,fit
9000024_1767669900,9000024,2026-01-06 03:25:00,11400115,2026-01-06 03:35:30.113363768,0.0,train,fit
9000024_1767670200,9000024,2026-01-06 03:30:00,11400105,2026-01-06 03:40:30.113363768,0.0,train,fit
9000024_1767670500,9000024,2026-01-06 03:35:00,11400106,2026-01-06 03:46:30.113363768,12.0,train,fit
9000024_1767670800,9000024,2026-01-06 03:40:00,11400002,2026-01-06 03:50:30.113363768,92.0,train,fit
9000024_1767671100,9000024,2026-01-06 03:45:00,11400100,2026-01-06 03:55:30.113363768,51.0,train,fit
9000024_1767671400,9000024,2026-01-06 03:50:00,11400093,2026-01-06 04:00:30.113363768,50.0,train,fit
9000024_1767671700,9000024,2026-01-06 03:55:00,11400096,2026-01-06 04:05:30.113363768,89.0,train,fit
9000024_1767672000,9000024,2026-01-06 04:00:00,11400166,2026-01-06 04:10:30.113363768,47.0,train,fit
9000024_1767672300,9000024,2026-01-06 04:05:00,11400094,2026-01-06 04:15:30.113363768,-61.0,train,fit
9000024_1767672600,9000024,2026-01-06 04:10:00,11400031,2026-01-06 04:20:30.113363768,-74.0,train,fit
9000024_1767672900,9000024,2026-01-06 04:15:00,11400223,2026-01-06 04:26:30.113363768,-155.0,train,fit
9000024_1767673200,9000024,2026-01-06 04:20:00,11400244,2026-01-06 04:30:30.113363768,-71.0,train,fit
9000024_1767673500,9000024,2026-01-06 04:25:00,11400033,2026-01-06 04:36:30.113363768,77.0,train,fit
9000024_1767673800,9000024,2026-01-06 04:30:00,11400134,2026-01-06 04:40:30.113363768,165.0,train,fit
9000024_1767674100,9000024,2026-01-06 04:35:00,11400112,2026-01-06 04:46:30.113363768,137.0,train,fit
9000024_1767674400,9000024,2026-01-06 04:40:00,11400110,2026-01-06 04:50:30.113363768,106.0,train,fit
9000024_1767674700,9000024,2026-01-06 04:45:00,11400111,2026-01-06 04:55:30.113363768,91.0,train,fit
9000024_1767675000,9000024,2026-01-06 04:50:00,11400293,2026-01-06 05:01:30.113363768,131.0,train,fit
9000024_1767675300,9000024,2026-01-06 04:55:00,11400243,2026-01-06 05:05:30.113363768,62.0,train,fit
9000024_1767675600,9000024,2026-01-06 05:00:00,11400258,2026-01-06 05:10:30.113363768,304.0,train,fit
9000024_1767675900,9000024,2026-01-06 05:05:00,11400304,2026-01-06 05:17:30.113363768,296.0,train,fit
9000024_1767679500,9000024,2026-01-06 06:05:00,11400014,2026-01-06 06:15:30.113363768,-36.0,train,fit
9000024_1767679800,9000024,2026-01-06 06:10:00,11400073,2026-01-06 06:20:30.113363768,-36.0,train,fit
9000024_1767680100,9000024,2026-01-06 06:15:00,11400213,2026-01-06 06:25:30.113363768,-36.0,train,fit
9000024_1767680400,9000024,2026-01-06 06:20:00,11400083,2026-01-06 06:30:30.113363768,71.0,train,fit
9000024_1767680700,9000024,2026-01-06 06:25:00,11400022,2026-01-06 06:35:30.113363768,-46.0,train,fit
9000024_1767681000,9000024,2026-01-06 06:30:00,11400084,2026-01-06 06:41:30.113363768,-5.0,train,fit
9000024_1767681300,9000024,2026-01-06 06:35:00,11400234,2026-01-06 06:46:30.113363768,94.0,train,fit
9000024_1767681600,9000024,2026-01-06 06:40:00,11400254,2026-01-06 06:50:30.113363768,75.0,train,fit
9000024_1767681900,9000024,2026-01-06 06:45:00,11400279,2026-01-06 06:55:30.113363768,-55.0,train,fit
9000024_1767682200,9000024,2026-01-06 06:50:00,11400194,2026-01-06 07:00:30.113363768,-44.0,train,fit
9000024_1767682500,9000024,2026-01-06 06:55:00,11400039,2026-01-06 07:07:30.113363768,-120.0,train,fit
9000024_1767682800,9000024,2026-01-06 07:00:00,11400047,2026-01-06 07:10:30.113363768,-200.0,train,fit
9000024_1767683100,9000024,2026-01-06 07:05:00,11400013,2026-01-06 07:15:30.113363768,-116.0,train,fit
9000024_1767683400,9000024,2026-01-06 07:10:00,11400306,2026-01-06 07:20:30.113363768,-235.0,train,fit
9000024_1767683700,9000024,2026-01-06 07:15:00,11400222,2026-01-06 07:26:30.113363768,-64.0,train,fit
9000024_1767684000,9000024,2026-01-06 07:20:00,11400058,2026-01-06 07:32:30.113363768,-93.0,train,fit
9000024_1767684300,9000024,2026-01-06 07:25:00,11400148,2026-01-06 07:36:30.113363768,-72.0,train,fit
9000024_1767684600,9000024,2026-01-06 07:30:00,11400087,2026-01-06 07:40:30.113363768,-32.0,train,fit
9000024_1767684900,9000024,2026-01-06 07:35:00,11400277,2026-01-06 07:45:30.113363768,-91.0,train,fit
9000024_1767685200,9000024,2026-01-06 07:40:00,11400012,2026-01-06 07:51:30.113363768,-35.0,train,fit
9000024_1767685500,9000024,2026-01-06 07:45:00,11400172,2026-01-06 07:56:30.113363768,110.0,train,fit
9000024_1767685800,9000024,2026-01-06 07:50:00,11400302,2026-01-06 08:00:30.113363768,263.0,train,fit
9000024_1767697500,9000024,2026-01-06 11:05:00,11400300,2026-01-06 11:16:30.113363768,282.0,train,fit
9000024_1767697800,9000024,2026-01-06 11:10:00,11400313,2026-01-06 11:22:30.113363768,282.0,train,fit
9000024_1767698100,9000024,2026-01-06 11:15:00,11400256,2026-01-06 11:25:30.113363768,282.0,train,fit
9000024_1767698400,9000024,2026-01-06 11:20:00,11400191,2026-01-06 11:31:30.113363768,252.0,train,fit
9000024_1767698700,9000024,2026-01-06 11:25:00,11400288,2026-01-06 11:35:30.113363768,124.0,train,fit
9000024_1767699000,9000024,2026-01-06 11:30:00,11400186,2026-01-06 11:40:30.113363768,90.0,train,fit
9000024_1767699300,9000024,2026-01-06 11:35:00,11400249,2026-01-06 11:46:30.113363768,20.0,train,fit
9000024_1767699600,9000024,2026-01-06 11:40:00,11400414,2026-01-06 11:51:30.113363768,-3.0,train,fit
9000024_1767699900,9000024,2026-01-06 11:45:00,11400411,2026-01-06 11:55:30.113363768,-23.0,train,fit
9000024_1767700200,9000024,2026-01-06 11:50:00,11400230,2026-01-06 12:00:30.113363768,66.0,train,fit
9000024_1767700500,9000024,2026-01-06 11:55:00,11400416,2026-01-06 12:05:30.113363768,-62.0,train,fit
9000024_1767700800,9000024,2026-01-06 12:00:00,11400049,2026-01-06 12:10:30.113363768,-90.0,train,fit
9000024_1767701100,9000024,2026-01-06 12:05:00,11400137,2026-01-06 12:16:30.113363768,-147.0,train,fit
9000024_1767701400,9000024,2026-01-06 12:10:00,11400450,2026-01-06 12:20:30.113363768,-96.0,train,fit
9000024_1767701700,9000024,2026-01-06 12:15:00,11400248,2026-01-06 12:25:30.113363768,-118.0,train,fit
9000024_1767702000,9000024,2026-01-06 12:20:00,11400448,2026-01-06 12:31:30.113363768,16.0,train,fit
9000024_1767702300,9000024,2026-01-06 12:25:00,11400331,2026-01-06 12:37:30.113363768,15.0,train,fit
9000024_1767702600,9000024,2026-01-06 12:30:00,11400446,2026-01-06 12:41:30.113363768,-24.0,train,fit
9000024_1767702900,9000024,2026-01-06 12:35:00,11400063,2026-01-06 12:45:30.113363768,-135.0,train,fit
9000024_1767703200,9000024,2026-01-06 12:40:00,11400441,2026-01-06 12:51:30.113363768,-170.0,train,fit
9000024_1767703500,9000024,2026-01-06 12:45:00,11400447,2026-01-06 12:55:30.113363768,-141.0,train,fit
9000024_1767703800,9000024,2026-01-06 12:50:00,11400268,2026-01-06 13:00:30.113363768,2.0,train,fit
9000024_1767704100,9000024,2026-01-06 12:55:00,11400342,2026-01-06 13:05:30.113363768,1.0,train,fit
9000024_1767705300,9000024,2026-01-06 13:15:00,11400512,2026-01-06 13:28:30.113363768,-19.0,train,fit
9000024_1767705600,9000024,2026-01-06 13:20:00,11400388,2026-01-06 13:30:30.113363768,-19.0,train,fit
9000024_1767705900,9000024,2026-01-06 13:25:00,11400119,2026-01-06 13:35:30.113363768,-19.0,train,fit
9000024_1767706200,9000024,2026-01-06 13:30:00,11400508,2026-01-06 13:40:30.113363768,109.0,train,fit
9000024_1767706500,9000024,2026-01-06 13:35:00,11400053,2026-01-06 13:45:30.113363768,146.0,train,fit
9000024_1767706800,9000024,2026-01-06 13:40:00,11400505,2026-01-06 13:50:30.113363768,174.0,train,fit
9000024_1767707100,9000024,2026-01-06 13:45:00,11400217,2026-01-06 13:56:30.113363768,77.0,train,fit
9000024_1767707400,9000024,2026-01-06 13:50:00,11400507,2026-01-06 14:01:30.113363768,267.0,train,fit
9000024_1767707700,9000024,2026-01-06 13:55:00,11400152,2026-01-06 14:05:30.113363768,218.0,train,fit
9000024_1767708000,9000024,2026-01-06 14:00:00,11400509,2026-01-06 14:10:30.113363768,121.0,train,fit
9000024_1767708300,9000024,2026-01-06 14:05:00,11400118,2026-01-06 14:15:30.113363768,20.0,train,fit
9000024_1767708600,9000024,2026-01-06 14:10:00,11400140,2026-01-06 14:22:30.113363768,-30.0,train,fit
9000024_1767708900,9000024,2026-01-06 14:15:00,11400139,2026-01-06 14:25:30.113363768,-75.0,train,fit
9000024_1767709200,9000024,2026-01-06 14:20:00,11400485,2026-01-06 14:30:30.113363768,-47.0,train,fit
9000024_1767709500,9000024,2026-01-06 14:25:00,11400499,2026-01-06 14:35:30.113363768,-44.0,train,fit
9000024_1767709800,9000024,2026-01-06 14:30:00,11400260,2026-01-06 14:41:30.113363768,-26.0,train,fit
9000024_1767710100,9000024,2026-01-06 14:35:00,11400275,2026-01-06 14:46:30.113363768,-67.0,train,fit
9000024_1767710400,9000024,2026-01-06 14:40:00,11400511,2026-01-06 14:50:30.113363768,-102.0,train,fit
9000024_1767710700,9000024,2026-01-06 14:45:00,11400491,2026-01-06 14:56:30.113363768,-130.0,train,fit
9000024_1767711000,9000024,2026-01-06 14:50:00,11400481,2026-01-06 15:00:30.113363768,-136.0,train,fit
9000024_1767711300,9000024,2026-01-06 14:55:00,11400496,2026-01-06 15:05:30.113363768,-125.0,train,fit
9000024_1767711600,9000024,2026-01-06 15:00:00,11400490,2026-01-06 15:10:30.113363768,-38.0,train,fit
9000024_1767711900,9000024,2026-01-06 15:05:00,11400488,2026-01-06 15:16:30.113363768,50.0,train,fit
9000024_1767714600,9000024,2026-01-06 15:50:00,11400080,2026-01-06 16:02:30.113363768,55.0,train,fit
9000024_1767714900,9000024,2026-01-06 15:55:00,11400202,2026-01-06 16:05:30.113363768,55.0,train,fit
9000024_1767715200,9000024,2026-01-06 16:00:00,11400211,2026-01-06 16:10:30.113363768,55.0,train,fit
9000024_1767715500,9000024,2026-01-06 16:05:00,11400144,2026-01-06 16:17:30.113363768,114.0,train,fit
9000024_1767715800,9000024,2026-01-06 16:10:00,11400381,2026-01-06 16:20:30.113363768,66.0,train,fit
9000024_1767716100,9000024,2026-01-06 16:15:00,11400117,2026-01-06 16:26:30.113363768,90.0,train,fit
9000024_1767716400,9000024,2026-01-06 16:20:00,11400168,2026-01-06 16:30:30.113363768,115.0,train,fit
9000024_1767716700,9000024,2026-01-06 16:25:00,11400377,2026-01-06 16:35:30.113363768,103.0,train,fit
9000024_1767717000,9000024,2026-01-06 16:30:00,11400384,2026-01-06 16:41:30.113363768,218.0,train,fit
9000024_1767717300,9000024,2026-01-06 16:35:00,11400046,2026-01-06 16:45:30.113363768,99.0,train,fit
9000024_1767717600,9000024,2026-01-06 16:40:00,11400173,2026-01-06 16:50:30.113363768,-89.0,train,fit
9000024_1767717900,9000024,2026-01-06 16:45:00,11400517,2026-01-06 16:56:30.113363768,-162.0,train,fit
9000024_1767718200,9000024,2026-01-06 16:50:00,11400515,2026-01-06 17:00:30.113363768,-113.0,train,fit
9000024_1767718500,9000024,2026-01-06 16:55:00,11400176,2026-01-06 17:06:30.113363768,-7.0,train,fit
9000024_1767718800,9000024,2026-01-06 17:00:00,11400445,2026-01-06 17:11:30.113363768,-77.0,train,fit
9000024_1767719100,9000024,2026-01-06 17:05:00,11400347,2026-01-06 17:15:30.113363768,-130.0,train,fit
9000024_1767719400,9000024,2026-01-06 17:10:00,11400459,2026-01-06 17:20:30.113363768,-111.0,train,fit
9000024_1767719700,9000024,2026-01-06 17:15:00,11400460,2026-01-06 17:25:30.113363768,-119.0,train,fit
9000024_1767720000,9000024,2026-01-06 17:20:00,11400453,2026-01-06 17:30:30.113363768,-122.0,train,fit
9000024_1767720300,9000024,2026-01-06 17:25:00,11400315,2026-01-06 17:35:30.113363768,-165.0,train,fit
9000024_1767720600,9000024,2026-01-06 17:30:00,11400455,2026-01-06 17:40:30.113363768,-185.0,train,fit
9000024_1767720900,9000024,2026-01-06 17:35:00,11400519,2026-01-06 17:45:30.113363768,-130.0,train,fit
9000024_1767721200,9000024,2026-01-06 17:40:00,11400069,2026-01-06 17:50:30.113363768,66.0,train,fit
9000024_1767723900,9000024,2026-01-06 18:25:00,11400285,2026-01-06 18:38:30.113363768,30.0,train,fit
9000024_1767724200,9000024,2026-01-06 18:30:00,11400516,2026-01-06 18:40:30.113363768,30.0,train,fit
9000024_1767724500,9000024,2026-01-06 18:35:00,11400206,2026-01-06 18:45:30.113363768,30.0,train,fit
9000024_1767724800,9000024,2026-01-06 18:40:00,11400029,2026-01-06 18:51:30.113363768,115.0,train,fit
9000024_1767725100,9000024,2026-01-06 18:45:00,11400145,2026-01-06 18:55:30.113363768,225.0,train,fit
9000024_1767725400,9000024,2026-01-06 18:50:00,11400463,2026-01-06 19:00:30.113363768,170.0,train,fit
9000024_1767725700,9000024,2026-01-06 18:55:00,11400464,2026-01-06 19:05:30.113363768,224.0,train,fit
9000024_1767726000,9000024,2026-01-06 19:00:00,11400266,2026-01-06 19:10:30.113363768,332.0,train,fit
9000024_1767726300,9000024,2026-01-06 19:05:00,11400034,2026-01-06 19:15:30.113363768,286.0,train,fit
9000024_1767726600,9000024,2026-01-06 19:10:00,11400467,2026-01-06 19:20:30.113363768,153.0,train,fit
9000024_1767726900,9000024,2026-01-06 19:15:00,11400207,2026-01-06 19:25:30.113363768,13.0,train,fit
9000024_1767727200,9000024,2026-01-06 19:20:00,11400367,2026-01-06 19:31:30.113363768,4.0,train,fit
9000024_1767727500,9000024,2026-01-06 19:25:00,11400004,2026-01-06 19:35:30.113363768,3.0,train,fit
9000024_1767727800,9000024,2026-01-06 19:30:00,11400351,2026-01-06 19:41:30.113363768,-15.0,train,fit
9000024_1767728100,9000024,2026-01-06 19:35:00,11400025,2026-01-06 19:45:30.113363768,60.0,train,fit
9000024_1767728400,9000024,2026-01-06 19:40:00,11400219,2026-01-06 19:51:30.113363768,65.0,train,fit
9000024_1767728700,9000024,2026-01-06 19:45:00,11400273,2026-01-06 19:55:30.113363768,57.0,train,fit
9000024_1767729000,9000024,2026-01-06 19:50:00,11400353,2026-01-06 20:00:30.113363768,12.0,train,fit
9000024_1767729300,9000024,2026-01-06 19:55:00,11400362,2026-01-06 20:05:30.113363768,-52.0,train,fit
9000024_1767729600,9000024,2026-01-06 20:00:00,11400316,2026-01-06 20:10:30.113363768,-7.0,train,fit
9000024_1767729900,9000024,2026-01-06 20:05:00,11400354,2026-01-06 20:15:30.113363768,108.0,train,fit
9000024_1767732000,9000024,2026-01-06 20:40:00,11400133,2026-01-06 20:52:30.113363768,206.0,train,fit
9000024_1767732300,9000024,2026-01-06 20:45:00,11400242,2026-01-06 20:55:30.113363768,206.0,train,fit
9000024_1767732600,9000024,2026-01-06 20:50:00,11400387,2026-01-06 21:00:30.113363768,206.0,train,fit
9000024_1767732900,9000024,2026-01-06 20:55:00,11400524,2026-01-06 21:05:30.113363768,65.0,train,fit
9000024_1767733200,9000024,2026-01-06 21:00:00,11400396,2026-01-06 21:10:30.113363768,52.0,train,fit
9000024_1767733500,9000024,2026-01-06 21:05:00,11400328,2026-01-06 21:15:30.113363768,45.0,train,fit
9000024_1767733800,9000024,2026-01-06 21:10:00,11400330,2026-01-06 21:22:30.113363768,27.0,train,fit
9000024_1767734100,9000024,2026-01-06 21:15:00,11400303,2026-01-06 21:26:30.113363768,48.0,train,fit
9000024_1767734400,9000024,2026-01-06 21:20:00,11400320,2026-01-06 21:31:30.113363768,-45.0,train,fit
9000024_1767734700,9000024,2026-01-06 21:25:00,11400127,2026-01-06 21:35:30.113363768,-81.0,train,fit
9000024_1767735000,9000024,2026-01-06 21:30:00,11400419,2026-01-06 21:42:30.113363768,-157.0,train,fit
9000024_1767735300,9000024,2026-01-06 21:35:00,11400413,2026-01-06 21:45:30.113363768,-122.0,train,fit
9000024_1767735600,9000024,2026-01-06 21:40:00,11400423,2026-01-06 21:50:30.113363768,-30.0,train,fit
9000024_1767735900,9000024,2026-01-06 21:45:00,11400072,2026-01-06 21:55:30.113363768,-88.0,train,fit
9000024_1767736200,9000024,2026-01-06 21:50:00,11400427,2026-01-06 22:00:30.113363768,-150.0,train,fit
9000024_1767736500,9000024,2026-01-06 21:55:00,11400430,2026-01-06 22:05:30.113363768,-141.0,train,fit
9000024_1767736800,9000024,2026-01-06 22:00:00,11400434,2026-01-06 22:10:30.113363768,-118.0,train,fit
9000024_1767737100,9000024,2026-01-06 22:05:00,11400401,2026-01-06 22:15:30.113363768,-74.0,train,fit
9000024_1767737400,9000024,2026-01-06 22:10:00,11400192,2026-01-06 22:20:30.113363768,-27.0,train,fit
9000024_1767737700,9000024,2026-01-06 22:15:00,11400409,2026-01-06 22:25:30.113363768,107.0,train,fit
9000024_1767738000,9000024,2026-01-06 22:20:00,11400294,2026-01-06 22:30:30.113363768,101.0,train,fit
9000025_1767668700,9000025,2026-01-06 03:05:00,11500041,2026-01-06 03:17:26.240318179,0.0,train,fit
9000025_1767669000,9000025,2026-01-06 03:10:00,11500095,2026-01-06 03:20:26.240318179,0.0,train,fit
9000025_1767669300,9000025,2026-01-06 03:15:00,11500027,2026-01-06 03:25:26.240318179,0.0,train,fit
9000025_1767669600,9000025,2026-01-06 03:20:00,11500106,2026-01-06 03:30:26.240318179,52.0,train,fit
9000025_1767669900,9000025,2026-01-06 03:25:00,11500017,2026-01-06 03:35:26.240318179,82.0,train,fit
9000025_1767670200,9000025,2026-01-06 03:30:00,11500102,2026-01-06 03:40:26.240318179,16.0,train,fit
9000025_1767670500,9000025,2026-01-06 03:35:00,11500028,2026-01-06 03:47:26.240318179,38.0,train,fit
9000025_1767670800,9000025,2026-01-06 03:40:00,11500125,2026-01-06 03:51:26.240318179,53.0,train,fit
9000025_1767671100,9000025,2026-01-06 03:45:00,11500008,2026-01-06 03:56:26.240318179,22.0,train,fit
9000025_1767671400,9000025,2026-01-06 03:50:00,11500098,2026-01-06 04:00:26.240318179,-38.0,train,fit
9000025_1767671700,9000025,2026-01-06 03:55:00,11500210,2026-01-06 04:07:26.240318179,-72.0,train,fit
9000025_1767672000,9000025,2026-01-06 04:00:00,11500223,2026-01-06 04:10:26.240318179,-104.0,train,fit
9000025_1767672300,9000025,2026-01-06 04:05:00,11500245,2026-01-06 04:15:26.240318179,-95.0,train,fit
9000025_1767672600,9000025,2026-01-06 04:10:00,11500033,2026-01-06 04:20:26.240318179,75.0,train,fit
9000025_1767672900,9000025,2026-01-06 04:15:00,11500150,2026-01-06 04:25:26.240318179,137.0,train,fit
9000025_1767673200,9000025,2026-01-06 04:20:00,11500112,2026-01-06 04:30:26.240318179,152.0,train,fit
9000025_1767673500,9000025,2026-01-06 04:25:00,11500074,2026-01-06 04:35:26.240318179,174.0,train,fit
9000025_1767673800,9000025,2026-01-06 04:30:00,11500089,2026-01-06 04:40:26.240318179,106.0,train,fit
9000025_1767674100,9000025,2026-01-06 04:35:00,11500293,2026-01-06 04:45:26.240318179,62.0,train,fit
9000025_1767674400,9000025,2026-01-06 04:40:00,11500250,2026-01-06 04:50:26.240318179,141.0,train,fit
9000025_1767674700,9000025,2026-01-06 04:45:00,11500270,2026-01-06 04:56:26.240318179,342.0,train,fit
9000025_1767675000,9000025,2026-01-06 04:50:00,11500304,2026-01-06 05:01:26.240318179,251.0,train,fit
9000025_1767678300,9000025,2026-01-06 05:45:00,11500014,2026-01-06 05:59:26.240318179,-52.0,train,fit
9000025_1767678600,9000025,2026-01-06 05:50:00,11500010,2026-01-06 06:00:26.240318179,-52.0,train,fit
9000025_1767678900,9000025,2026-01-06 05:55:00,11500177,2026-01-06 06:05:26.240318179,-52.0,train,fit
9000025_1767679200,9000025,2026-01-06 06:00:00,11500212,2026-01-06 06:10:26.240318179,4.0,train,fit
9000025_1767679500,9000025,2026-01-06 06:05:00,11500124,2026-01-06 06:15:26.240318179,43.0,train,fit
9000025_1767679800,9000025,2026-01-06 06:10:00,11500071,2026-01-06 06:21:26.240318179,-21.0,train,fit
9000025_1767680100,9000025,2026-01-06 06:15:00,11500084,2026-01-06 06:25:26.240318179,-9.0,train,fit
9000025_1767680400,9000025,2026-01-06 06:20:00,11500234,2026-01-06 06:30:26.240318179,63.0,train,fit
9000025_1767680700,9000025,2026-01-06 06:25:00,11500257,2026-01-06 06:36:26.240318179,42.0,train,fit
9000025_1767681000,9000025,2026-01-06 06:30:00,11500282,2026-01-06 06:40:26.240318179,-43.0,train,fit
9000025_1767681300,9000025,2026-01-06 06:35:00,11500201,2026-01-06 06:45:26.240318179,-86.0,train,fit
9000025_1767681600,9000025,2026-01-06 06:40:00,11500039,2026-01-06 06:51:26.240318179,-157.0,train,fit
9000025_1767681900,9000025,2026-01-06 06:45:00,11500126,2026-01-06 06:55:26.240318179,-175.0,train,fit
9000025_1767682200,9000025,2026-01-06 06:50:00,11500007,2026-01-06 07:01:26.240318179,-105.0,train,fit
9000025_1767682500,9000025,2026-01-06 06:55:00,11500000,2026-01-06 07:06:26.240318179,-165.0,train,fit
9000025_1767682800,9000025,2026-01-06 07:00:00,11500222,2026-01-06 07:10:26.240318179,-71.0,train,fit
9000025_1767683100,9000025,2026-01-06 07:05:00,11500058,2026-01-06 07:16:26.240318179,-108.0,train,fit
9000025_1767683400,9000025,2026-01-06 07:10:00,11500148,2026-01-06 07:20:26.240318179,-60.0,train,fit
9000025_1767683700,9000025,2026-01-06 07:15:00,11500155,2026-01-06 07:25:26.240318179,-66.0,train,fit
9000025_1767684000,9000025,2026-01-06 07:20:00,11500283,2026-01-06 07:31:26.240318179,-68.0,train,fit
9000025_1767684300,9000025,2026-01-06 07:25:00,11500012,2026-01-06 07:35:26.240318179,-10.0,train,fit
9000025_1767684600,9000025,2026-01-06 07:30:00,11500172,2026-01-06 07:40:26.240318179,263.0,train,fit
9000025_1767696600,9000025,2026-01-06 10:50:00,11500300,2026-01-06 11:00:26.240318179,307.0,train,fit
9000025_1767696900,9000025,2026-01-06 10:55:00,11500313,2026-01-06 11:06:26.240318179,307.0,train,fit
9000025_1767697200,9000025,2026-01-06 11:00:00,11500267,2026-01-06 11:11:26.240318179,307.0,train,fit
9000025_1767697500,9000025,2026-01-06 11:05:00,11500191,2026-01-06 11:15:26.240318179,260.0,train,fit
9000025_1767697800,9000025,2026-01-06 11:10:00,11500424,2026-01-06 11:20:26.240318179,113.0,train,fit
9000025_1767698100,9000025,2026-01-06 11:15:00,11500188,2026-01-06 11:25:26.240318179,122.0,train,fit
9000025_1767698400,9000025,2026-01-06 11:20:00,11500249,2026-01-06 11:30:26.240318179,75.0,train,fit
9000025_1767698700,9000025,2026-01-06 11:25:00,11500414,2026-01-06 11:35:26.240318179,54.0,train,fit
9000025_1767699000,9000025,2026-01-06 11:30:00,11500338,2026-01-06 11:40:26.240318179,-1.0,train,fit
9000025_1767699300,9000025,2026-01-06 11:35:00,11500343,2026-01-06 11:46:26.240318179,48.0,train,fit
9000025_1767699600,9000025,2026-01-06 11:40:00,11500332,2026-01-06 11:50:26.240318179,-94.0,train,fit
9000025_1767699900,9000025,2026-01-06 11:45:00,11500335,2026-01-06 11:57:26.240318179,-78.0,train,fit
9000025_1767700200,9000025,2026-01-06 11:50:00,11500137,2026-01-06 12:00:26.240318179,-72.0,train,fit
9000025_1767700500,9000025,2026-01-06 11:55:00,11500337,2026-01-06 12:05:26.240318179,-127.0,train,fit
9000025_1767700800,9000025,2026-01-06 12:00:00,11500154,2026-01-06 12:10:26.240318179,-76.0,train,fit
9000025_1767701100,9000025,2026-01-06 12:05:00,11500448,2026-01-06 12:15:26.240318179,-51.0,train,fit
9000025_1767701400,9000025,2026-01-06 12:10:00,11500331,2026-01-06 12:21:26.240318179,-61.0,train,fit
9000025_1767701700,9000025,2026-01-06 12:15:00,11500446,2026-01-06 12:25:26.240318179,0.0,train,fit
9000025_1767702000,9000025,2026-01-06 12:20:00,11500246,2026-01-06 12:30:26.240318179,-162.0,train,fit
9000025_1767702300,9000025,2026-01-06 12:25:00,11500441,2026-01-06 12:35:26.240318179,-117.0,train,fit
9000025_1767702600,9000025,2026-01-06 12:30:00,11500340,2026-01-06 12:41:26.240318179,-148.0,train,fit
9000025_1767702900,9000025,2026-01-06 12:35:00,11500276,2026-01-06 12:46:26.240318179,-10.0,train,fit
9000025_1767703200,9000025,2026-01-06 12:40:00,11500514,2026-01-06 12:50:26.240318179,-13.0,train,fit
9000025_1767704400,9000025,2026-01-06 13:00:00,11500512,2026-01-06 13:12:26.240318179,-18.0,train,fit
9000025_1767704700,9000025,2026-01-06 13:05:00,11500054,2026-01-06 13:15:26.240318179,-18.0,train,fit
9000025_1767705000,9000025,2026-01-06 13:10:00,11500136,2026-01-06 13:20:26.240318179,-18.0,train,fit
9000025_1767705300,9000025,2026-01-06 13:15:00,11500506,2026-01-06 13:27:26.240318179,119.0,train,fit
9000025_1767705600,9000025,2026-01-06 13:20:00,11500076,2026-01-06 13:30:26.240318179,168.0,train,fit
9000025_1767705900,9000025,2026-01-06 13:25:00,11500203,2026-01-06 13:36:26.240318179,177.0,train,fit
9000025_1767706200,9000025,2026-01-06 13:30:00,11500217,2026-01-06 13:40:26.240318179,109.0,train,fit
9000025_1767706500,9000025,2026-01-06 13:35:00,11500507,2026-01-06 13:45:26.240318179,285.0,train,fit
9000025_1767706800,9000025,2026-01-06 13:40:00,11500233,2026-01-06 13:51:26.240318179,236.0,train,fit
9000025_1767707100,9000025,2026-01-06 13:45:00,11500501,2026-01-06 13:55:26.240318179,128.0,train,fit
9000025_1767707400,9000025,2026-01-06 13:50:00,11500130,2026-01-06 14:00:26.240318179,-16.0,train,fit
9000025_1767707700,9000025,2026-01-06 13:55:00,11500140,2026-01-06 14:06:26.240318179,-54.0,train,fit
9000025_1767708000,9000025,2026-01-06 14:00:00,11500151,2026-01-06 14:10:26.240318179,-100.0,train,fit
9000025_1767708300,9000025,2026-01-06 14:05:00,11500498,2026-01-06 14:16:26.240318179,-17.0,train,fit
9000025_1767708600,9000025,2026-01-06 14:10:00,11500291,2026-01-06 14:21:26.240318179,-36.0,train,fit
9000025_1767708900,9000025,2026-01-06 14:15:00,11500260,2026-01-06 14:25:26.240318179,-39.0,train,fit
9000025_1767709200,9000025,2026-01-06 14:20:00,11500275,2026-01-06 14:30:26.240318179,-80.0,train,fit
9000025_1767709500,9000025,2026-01-06 14:25:00,11500489,2026-01-06 14:35:26.240318179,-111.0,train,fit
9000025_1767709800,9000025,2026-01-06 14:30:00,11500491,2026-01-06 14:40:26.240318179,-120.0,train,fit
9000025_1767710100,9000025,2026-01-06 14:35:00,11500492,2026-01-06 14:45:26.240318179,-150.0,train,fit
9000025_1767710400,9000025,2026-01-06 14:40:00,11500209,2026-01-06 14:50:26.240318179,-145.0,train,fit
9000025_1767710700,9000025,2026-01-06 14:45:00,11500486,2026-01-06 14:55:26.240318179,-12.0,train,fit
9000025_1767711000,9000025,2026-01-06 14:50:00,11500488,2026-01-06 15:00:26.240318179,-19.0,train,fit
9000025_1767713700,9000025,2026-01-06 15:35:00,11500080,2026-01-06 15:46:26.240318179,90.0,train,fit
9000025_1767714000,9000025,2026-01-06 15:40:00,11500167,2026-01-06 15:52:26.240318179,90.0,train,fit
9000025_1767714300,9000025,2026-01-06 15:45:00,11500218,2026-01-06 15:55:26.240318179,90.0,train,fit
9000025_1767714600,9000025,2026-01-06 15:50:00,11500144,2026-01-06 16:01:26.240318179,161.0,train,fit
9000025_1767714900,9000025,2026-01-06 15:55:00,11500382,2026-01-06 16:05:26.240318179,47.0,train,fit
9000025_1767715200,9000025,2026-01-06 16:00:00,11500117,2026-01-06 16:10:26.240318179,62.0,train,fit
9000025_1767715500,9000025,2026-01-06 16:05:00,11500232,2026-01-06 16:16:26.240318179,114.0,train,fit
9000025_1767715800,9000025,2026-01-06 16:10:00,11500378,2026-01-06 16:21:26.240318179,125.0,train,fit
9000025_1767716100,9000025,2026-01-06 16:15:00,11500384,2026-01-06 16:25:26.240318179,163.0,train,fit
9000025_1767716400,9000025,2026-01-06 16:20:00,11500062,2026-01-06 16:30:26.240318179,22.0,train,fit
9000025_1767716700,9000025,2026-01-06 16:25:00,11500135,2026-01-06 16:35:26.240318179,-83.0,train,fit
9000025_1767717000,9000025,2026-01-06 16:30:00,11500517,2026-01-06 16:40:26.240318179,-182.0,train,fit
9000025_1767717300,9000025,2026-01-06 16:35:00,11500522,2026-01-06 16:46:26.240318179,-147.0,train,fit
9000025_1767717600,9000025,2026-01-06 16:40:00,11500176,2026-01-06 16:50:26.240318179,-58.0,train,fit
9000025_1767717900,9000025,2026-01-06 16:45:00,11500445,2026-01-06 16:55:26.240318179,-119.0,train,fit
9000025_1767718200,9000025,2026-01-06 16:50:00,11500122,2026-01-06 17:01:26.240318179,-130.0,train,fit
9000025_1767718500,9000025,2026-01-06 16:55:00,11500350,2026-01-06 17:07:26.240318179,-45.0,train,fit
9000025_1767718800,9000025,2026-01-06 17:00:00,11500451,2026-01-06 17:11:26.240318179,-53.0,train,fit
9000025_1767719100,9000025,2026-01-06 17:05:00,11500454,2026-01-06 17:15:26.240318179,-209.0,train,fit
9000025_1767719400,9000025,2026-01-06 17:10:00,11500048,2026-01-06 17:21:26.240318179,-164.0,train,fit
9000025_1767719700,9000025,2026-01-06 17:15:00,11500346,2026-01-06 17:25:26.240318179,-236.0,train,fit
9000025_1767720000,9000025,2026-01-06 17:20:00,11500456,2026-01-06 17:30:26.240318179,-58.0,train,fit
9000025_1767720300,9000025,2026-01-06 17:25:00,11500114,2026-01-06 17:35:26.240318179,14.0,train,fit
9000025_1767723000,9000025,2026-01-06 18:10:00,11500285,2026-01-06 18:22:26.240318179,27.0,train,fit
9000025_1767723300,9000025,2026-01-06 18:15:00,11500064,2026-01-06 18:25:26.240318179,27.0,train,fit
9000025_1767723600,9000025,2026-01-06 18:20:00,11500162,2026-01-06 18:30:26.240318179,27.0,train,fit
9000025_1767723900,9000025,2026-01-06 18:25:00,11500029,2026-01-06 18:35:26.240318179,168.0,train,fit
9000025_1767724200,9000025,2026-01-06 18:30:00,11500164,2026-01-06 18:40:26.240318179,172.0,train,fit
9000025_1767724500,9000025,2026-01-06 18:35:00,11500247,2026-01-06 18:45:26.240318179,167.0,train,fit
9000025_1767724800,9000025,2026-01-06 18:40:00,11500475,2026-01-06 18:52:26.240318179,266.0,train,fit
9000025_1767725100,9000025,2026-01-06 18:45:00,11500465,2026-01-06 18:56:26.240318179,330.0,train,fit
9000025_1767725400,9000025,2026-01-06 18:50:00,11500057,2026-01-06 19:01:26.240318179,235.0,train,fit
9000025_1767725700,9000025,2026-01-06 18:55:00,11500469,2026-01-06 19:05:26.240318179,114.0,train,fit
9000025_1767726000,9000025,2026-01-06 19:00:00,11500369,2026-01-06 19:12:26.240318179,-42.0,train,fit
9000025_1767726300,9000025,2026-01-06 19:05:00,11500367,2026-01-06 19:15:26.240318179,1.0,train,fit
9000025_1767726600,9000025,2026-01-06 19:10:00,11500036,2026-01-06 19:20:26.240318179,10.0,train,fit
9000025_1767726900,9000025,2026-01-06 19:15:00,11500351,2026-01-06 19:25:26.240318179,13.0,train,fit
9000025_1767727200,9000025,2026-01-06 19:20:00,11500059,2026-01-06 19:30:26.240318179,95.0,train,fit
9000025_1767727500,9000025,2026-01-06 19:25:00,11500219,2026-01-06 19:35:26.240318179,97.0,train,fit
9000025_1767727800,9000025,2026-01-06 19:30:00,11500359,2026-01-06 19:40:26.240318179,43.0,train,fit
9000025_1767728100,9000025,2026-01-06 19:35:00,11500356,2026-01-06 19:45:26.240318179,-12.0,train,fit
9000025_1767728400,9000025,2026-01-06 19:40:00,11500363,2026-01-06 19:50:26.240318179,-96.0,train,fit
9000025_1767728700,9000025,2026-01-06 19:45:00,11500284,2026-01-06 19:55:26.240318179,32.0,train,fit
9000025_1767729000,9000025,2026-01-06 19:50:00,11500355,2026-01-06 20:00:26.240318179,253.0,train,fit
9000025_1767731100,9000025,2026-01-06 20:25:00,11500133,2026-01-06 20:36:26.240318179,201.0,train,fit
9000025_1767731400,9000025,2026-01-06 20:30:00,11500321,2026-01-06 20:41:26.240318179,201.0,train,fit
9000025_1767731700,9000025,2026-01-06 20:35:00,11500520,2026-01-06 20:46:26.240318179,201.0,train,fit
9000025_1767732000,9000025,2026-01-06 20:40:00,11500392,2026-01-06 20:51:26.240318179,186.0,train,fit
9000025_1767732300,9000025,2026-01-06 20:45:00,11500082,2026-01-06 20:55:26.240318179,76.0,train,fit
9000025_1767732600,9000025,2026-01-06 20:50:00,11500390,2026-01-06 21:00:26.240318179,-22.0,train,fit
9000025_1767732900,9000025,2026-01-06 20:55:00,11500330,2026-01-06 21:06:26.240318179,59.0,train,fit
9000025_1767733200,9000025,2026-01-06 21:00:00,11500303,2026-01-06 21:10:26.240318179,8.0,train,fit
9000025_1767733500,9000025,2026-01-06 21:05:00,11500320,2026-01-06 21:15:26.240318179,-42.0,train,fit
9000025_1767733800,9000025,2026-01-06 21:10:00,11500323,2026-01-06 21:20:26.240318179,-115.0,train,fit
9000025_1767734100,9000025,2026-01-06 21:15:00,11500419,2026-01-06 21:26:26.240318179,-180.0,train,fit
9000025_1767734400,9000025,2026-01-06 21:20:00,11500417,2026-01-06 21:30:26.240318179,-110.0,train,fit
9000025_1767734700,9000025,2026-01-06 21:25:00,11500425,2026-01-06 21:35:26.240318179,-84.0,train,fit
9000025_1767735000,9000025,2026-01-06 21:30:00,11500113,2026-01-06 21:40:26.240318179,-139.0,train,fit
9000025_1767735300,9000025,2026-01-06 21:35:00,11500429,2026-01-06 21:46:26.240318179,-144.0,train,fit
9000025_1767735600,9000025,2026-01-06 21:40:00,11500431,2026-01-06 21:50:26.240318179,-220.0,train,fit
9000025_1767735900,9000025,2026-01-06 21:45:00,11500020,2026-01-06 21:56:26.240318179,-63.0,train,fit
9000025_1767736200,9000025,2026-01-06 21:50:00,11500402,2026-01-06 22:00:26.240318179,54.0,train,fit
9000025_1767736500,9000025,2026-01-06 21:55:00,11500142,2026-01-06 22:05:26.240318179,-3.0,train,fit
9000025_1767736800,9000025,2026-01-06 22:00:00,11500428,2026-01-06 22:11:26.240318179,89.0,train,fit
9000025_1767737100,9000025,2026-01-06 22:05:00,11500436,2026-01-06 22:15:26.240318179,114.0,train,fit
129964_1767665100,129964,2026-01-06 02:05:00,53700336299,2026-01-06 02:18:00.000000000,0.0,test,fit
129964_1767665400,129964,2026-01-06 02:10:00,53700336296,2026-01-06 02:21:00.000000000,0.0,test,fit
129964_1767665700,129964,2026-01-06 02:15:00,53700336291,2026-01-06 02:27:00.000000000,0.0,test,fit
129964_1767666000,129964,2026-01-06 02:20:00,53700336288,2026-01-06 02:31:00.000000000,-58.0,test,fit
129964_1767666300,129964,2026-01-06 02:25:00,53700336282,2026-01-06 02:36:00.000000000,-49.0,test,fit
131672_1767666900,131672,2026-01-06 02:35:00,53700172789,2026-01-06 02:50:00.000000000,0.0,test,fit
131672_1767667200,131672,2026-01-06 02:40:00,53700172785,2026-01-06 02:51:00.000000000,0.0,test,fit
131672_1767667500,131672,2026-01-06 02:45:00,53700172782,2026-01-06 02:56:00.000000000,0.0,test,fit
131672_1767667800,131672,2026-01-06 02:50:00,53700172779,2026-01-06 03:02:00.000000000,79.0,test,fit
131672_1767668100,131672,2026-01-06 02:55:00,53700172773,2026-01-06 03:08:00.000000000,212.0,test,fit
129964_1767668400,129964,2026-01-06 03:00:00,53700336258,2026-01-06 03:11:00.000000000,-21.0,test,fit
131672_1767668400,131672,2026-01-06 03:00:00,53700172767,2026-01-06 03:12:00.000000000,266.0,test,fit
134040_1767668400,134040,2026-01-06 03:00:00,53698328426,2026-01-06 03:11:00.000000000,0.0,test,fit
134040_1767668700,134040,2026-01-06 03:05:00,53698328412,2026-01-06 03:16:00.000000000,77.0,test,fit
131672_1767668700,131672,2026-01-06 03:05:00,53700172763,2026-01-06 03:18:00.000000000,317.0,test,fit
129964_1767669000,129964,2026-01-06 03:10:00,53700336306,2026-01-06 03:21:00.000000000,-86.0,test,fit
134040_1767669000,134040,2026-01-06 03:10:00,53698328416,2026-01-06 03:21:00.000000000,71.0,test,fit
131672_1767669000,131672,2026-01-06 03:10:00,53700172766,2026-01-06 03:21:00.000000000,241.0,test,fit
129964_1767669300,129964,2026-01-06 03:15:00,53700336346,2026-01-06 03:26:00.000000000,-39.0,test,fit
134040_1767669300,134040,2026-01-06 03:15:00,53698328431,2026-01-06 03:26:00.000000000,149.0,test,fit
131672_1767669300,131672,2026-01-06 03:15:00,53700172778,2026-01-06 03:26:00.000000000,374.0,test,fit
131672_1767669600,131672,2026-01-06 03:20:00,53700172792,2026-01-06 03:31:00.000000000,412.0,test,fit
134040_1767669600,134040,2026-01-06 03:20:00,53698328417,2026-01-06 03:32:00.000000000,113.0,test,fit
129964_1767669600,129964,2026-01-06 03:20:00,53700336342,2026-01-06 03:32:00.000000000,-39.0,test,fit
129964_1767669900,129964,2026-01-06 03:25:00,53700336337,2026-01-06 03:36:00.000000000,-42.0,test,fit
134040_1767669900,134040,2026-01-06 03:25:00,53698328421,2026-01-06 03:37:00.000000000,149.0,test,fit
131672_1767672000,131672,2026-01-06 04:00:00,53700172803,2026-01-06 04:11:00.000000000,207.0,test,fit
131672_1767672300,131672,2026-01-06 04:05:00,53700172798,2026-01-06 04:18:00.000000000,236.0,test,fit
131672_1767672600,131672,2026-01-06 04:10:00,53700172815,2026-01-06 04:23:00.000000000,236.0,test,fit
131672_1767672900,131672,2026-01-06 04:15:00,53700172810,2026-01-06 04:26:00.000000000,24.0,test,fit
131672_1767673200,131672,2026-01-06 04:20:00,53700172812,2026-01-06 04:32:00.000000000,18.0,test,fit
131672_1767673500,131672,2026-01-06 04:25:00,53700172807,2026-01-06 04:36:00.000000000,20.0,test,fit
132430_1767673800,132430,2026-01-06 04:30:00,53698549482,2026-01-06 04:41:00.000000000,116.0,test,fit
134040_1767673800,134040,2026-01-06 04:30:00,53698328389,2026-01-06 04:41:00.000000000,116.0,test,fit
132430_1767674100,132430,2026-01-06 04:35:00,53698549473,2026-01-06 04:46:00.000000000,238.0,test,fit
134040_1767674100,134040,2026-01-06 04:35:00,53698328393,2026-01-06 04:46:00.000000000,179.0,test,fit
132430_1767674400,132430,2026-01-06 04:40:00,53698549485,2026-01-06 04:51:00.000000000,176.0,test,fit
134040_1767674400,134040,2026-01-06 04:40:00,53698328407,2026-01-06 04:51:00.000000000,350.0,test,fit
134040_1767674700,134040,2026-01-06 04:45:00,53698328394,2026-01-06 04:57:00.000000000,362.0,test,fit
132430_1767674700,132430,2026-01-06 04:45:00,53698549481,2026-01-06 04:56:00.000000000,40.0,test,fit
134040_1767675000,134040,2026-01-06 04:50:00,53698328398,2026-01-06 05:02:00.000000000,357.0,test,fit
132430_1767675000,132430,2026-01-06 04:50:00,53698549491,2026-01-06 05:01:00.000000000,182.0,test,fit
132430_1767675300,132430,2026-01-06 04:55:00,53698549495,2026-01-06 05:06:00.000000000,138.0,test,fit
134040_1767675300,134040,2026-01-06 04:55:00,53698328578,2026-01-06 05:09:00.000000000,375.0,test,fit
134040_1767675600,134040,2026-01-06 05:00:00,53698328572,2026-01-06 05:11:00.000000000,278.0,test,fit
130238_1767675900,130238,2026-01-06 05:05:00,53698370091,2026-01-06 05:19:00.000000000,233.0,test,fit
134040_1767675900,134040,2026-01-06 05:05:00,53698328575,2026-01-06 05:16:00.000000000,195.0,test,fit
130238_1767676200,130238,2026-01-06 05:10:00,53698370100,2026-01-06 05:22:00.000000000,233.0,test,fit
134040_1767676200,134040,2026-01-06 05:10:00,53698328563,2026-01-06 05:21:00.000000000,100.0,test,fit
130238_1767676500,130238,2026-01-06 05:15:00,53698370116,2026-01-06 05:26:00.000000000,233.0,test,fit
134040_1767676500,134040,2026-01-06 05:15:00,53698328583,2026-01-06 05:26:00.000000000,101.0,test,fit
134040_1767676800,134040,2026-01-06 05:20:00,53698328586,2026-01-06 05:34:00.000000000,212.0,test,fit
130238_1767676800,130238,2026-01-06 05:20:00,53698370115,2026-01-06 05:31:00.000000000,37.0,test,fit
130238_1767677100,130238,2026-01-06 05:25:00,53698370108,2026-01-06 05:36:00.000000000,76.0,test,fit
134040_1767677100,134040,2026-01-06 05:25:00,53698328580,2026-01-06 05:37:00.000000000,212.0,test,fit
131672_1767677400,131672,2026-01-06 05:30:00,53700172837,2026-01-06 05:41:00.000000000,87.0,test,fit
122048_1767679200,122048,2026-01-06 06:00:00,53699018547,2026-01-06 06:11:00.000000000,179.0,test,fit
133300_1767679200,133300,2026-01-06 06:00:00,53700641322,2026-01-06 06:11:00.000000000,12.0,test,fit
122048_1767679500,122048,2026-01-06 06:05:00,53699018538,2026-01-06 06:17:00.000000000,184.0,test,fit
133300_1767679800,133300,2026-01-06 06:10:00,53700641300,2026-01-06 06:25:00.000000000,63.0,test,fit
122048_1767679800,122048,2026-01-06 06:10:00,53699018541,2026-01-06 06:22:00.000000000,142.0,test,fit
135081_1767679800,135081,2026-01-06 06:10:00,53699790956,2026-01-06 06:24:00.000000000,-30.0,test,fit
135081_1767680100,135081,2026-01-06 06:15:00,53699790954,2026-01-06 06:26:00.000000000,-30.0,test,fit
133300_1767680100,133300,2026-01-06 06:15:00,53700641294,2026-01-06 06:27:00.000000000,89.0,test,fit
133300_1767680400,133300,2026-01-06 06:20:00,53700641295,2026-01-06 06:32:00.000000000,89.0,test,fit
135081_1767680400,135081,2026-01-06 06:20:00,53699790980,2026-01-06 06:31:00.000000000,-30.0,test,fit
133300_1767680700,133300,2026-01-06 06:25:00,53700641302,2026-01-06 06:36:00.000000000,-49.0,test,fit
135081_1767680700,135081,2026-01-06 06:25:00,53699790948,2026-01-06 06:37:00.000000000,6.0,test,fit
135081_1767681000,135081,2026-01-06 06:30:00,53699790969,2026-01-06 06:41:00.000000000,23.0,test,fit
135081_1767681300,135081,2026-01-06 06:35:00,53699790964,2026-01-06 06:46:00.000000000,-50.0,test,fit
135081_1767681600,135081,2026-01-06 06:40:00,53699790970,2026-01-06 06:52:00.000000000,18.0,test,fit
135081_1767681900,135081,2026-01-06 06:45:00,53699790971,2026-01-06 06:57:00.000000000,62.0,test,fit
135081_1767682200,135081,2026-01-06 06:50:00,53699790950,2026-01-06 07:01:00.000000000,9.0,test,fit
135081_1767682500,135081,2026-01-06 06:55:00,53699790955,2026-01-06 07:06:00.000000000,-118.0,test,fit
122048_1767682800,122048,2026-01-06 07:00:00,53699018657,2026-01-06 07:15:00.000000000,59.0,test,fit
134040_1767682800,134040,2026-01-06 07:00:00,53698328638,2026-01-06 07:11:00.000000000,-56.0,test,fit
135081_1767682800,135081,2026-01-06 07:00:00,53699790951,2026-01-06 07:11:00.000000000,-58.0,test,fit
122048_1767683100,122048,2026-01-06 07:05:00,53699018658,2026-01-06 07:17:00.000000000,59.0,test,fit
135081_1767683100,135081,2026-01-06 07:05:00,53699790842,2026-01-06 07:16:00.000000000,-157.0,test,fit
134040_1767683100,134040,2026-01-06 07:05:00,53698328626,2026-01-06 07:16:00.000000000,45.0,test,fit
135081_1767683400,135081,2026-01-06 07:10:00,53699790837,2026-01-06 07:22:00.000000000,-159.0,test,fit
122048_1767683400,122048,2026-01-06 07:10:00,53699018665,2026-01-06 07:22:00.000000000,59.0,test,fit
134040_1767683400,134040,2026-01-06 07:10:00,53698328620,2026-01-06 07:21:00.000000000,-4.0,test,fit
135081_1767683700,135081,2026-01-06 07:15:00,53699790839,2026-01-06 07:26:00.000000000,-84.0,test,fit
134040_1767683700,134040,2026-01-06 07:15:00,53698328623,2026-01-06 07:29:00.000000000,133.0,test,fit
122048_1767683700,122048,2026-01-06 07:15:00,53699018664,2026-01-06 07:27:00.000000000,542.0,test,fit
134040_1767684000,134040,2026-01-06 07:20:00,53698328643,2026-01-06 07:32:00.000000000,143.0,test,fit
122048_1767684000,122048,2026-01-06 07:20:00,53699018651,2026-01-06 07:32:00.000000000,599.0,test,fit
135081_1767684000,135081,2026-01-06 07:20:00,53699790831,2026-01-06 07:31:00.000000000,-135.0,test,fit
134040_1767684300,134040,2026-01-06 07:25:00,53698328637,2026-01-06 07:36:00.000000000,48.0,test,fit
122048_1767684300,122048,2026-01-06 07:25:00,53699018642,2026-01-06 07:37:00.000000000,559.0,test,fit
135081_1767684300,135081,2026-01-06 07:25:00,53699790843,2026-01-06 07:36:00.000000000,-91.0,test,fit
133957_1767684600,133957,2026-01-06 07:30:00,53699456308,2026-01-06 07:41:00.000000000,53.0,test,fit
133957_1767684900,133957,2026-01-06 07:35:00,53699456311,2026-01-06 07:46:00.000000000,75.0,test,fit
133957_1767685200,133957,2026-01-06 07:40:00,53699456302,2026-01-06 07:51:00.000000000,21.0,test,fit
133957_1767685500,133957,2026-01-06 07:45:00,53699456357,2026-01-06 07:56:00.000000000,-46.0,test,fit
133957_1767685800,133957,2026-01-06 07:50:00,53699456361,2026-01-06 08:01:00.000000000,-66.0,test,fit
133957_1767686100,133957,2026-01-06 07:55:00,53699456364,2026-01-06 08:07:00.000000000,-95.0,test,fit
133957_1767686400,133957,2026-01-06 08:00:00,53699456352,2026-01-06 08:11:00.000000000,-18.0,test,fit
134040_1767686400,134040,2026-01-06 08:00:00,53698328653,2026-01-06 08:11:00.000000000,192.0,test,fit
134040_1767686700,134040,2026-01-06 08:05:00,53698328668,2026-01-06 08:16:00.000000000,127.0,test,fit
133957_1767686700,133957,2026-01-06 08:05:00,53699456355,2026-01-06 08:16:00.000000000,-58.0,test,fit
134040_1767687000,134040,2026-01-06 08:10:00,53698328672,2026-01-06 08:21:00.000000000,38.0,test,fit
133957_1767687000,133957,2026-01-06 08:10:00,53699456346,2026-01-06 08:21:00.000000000,-23.0,test,fit
134040_1767687300,134040,2026-01-06 08:15:00,53698328648,2026-01-06 08:26:00.000000000,33.0,test,fit
133957_1767687300,133957,2026-01-06 08:15:00,53699456322,2026-01-06 08:29:00.000000000,-24.0,test,fit
133957_1767687600,133957,2026-01-06 08:20:00,53699456323,2026-01-06 08:31:00.000000000,-43.0,test,fit
134040_1767687600,134040,2026-01-06 08:20:00,53698328593,2026-01-06 08:32:00.000000000,78.0,test,fit
134040_1767687900,134040,2026-01-06 08:25:00,53698328607,2026-01-06 08:37:00.000000000,37.0,test,fit
133957_1767687900,133957,2026-01-06 08:25:00,53699456327,2026-01-06 08:36:00.000000000,91.0,test,fit
129964_1767688200,129964,2026-01-06 08:30:00,53700336396,2026-01-06 08:41:00.000000000,47.0,test,fit
133957_1767688200,133957,2026-01-06 08:30:00,53699456336,2026-01-06 08:42:00.000000000,60.0,test,fit
133957_1767688500,133957,2026-01-06 08:35:00,53699456339,2026-01-06 08:46:00.000000000,63.0,test,fit
133957_1767688800,133957,2026-01-06 08:40:00,53699456331,2026-01-06 08:52:00.000000000,221.0,test,fit
129964_1767688800,129964,2026-01-06 08:40:00,53700336490,2026-01-06 08:53:00.000000000,221.0,test,fit
133957_1767689100,133957,2026-01-06 08:45:00,53699456375,2026-01-06 08:58:00.000000000,150.0,test,fit
129964_1767689100,129964,2026-01-06 08:45:00,53700336488,2026-01-06 08:56:00.000000000,221.0,test,fit
129964_1767689400,129964,2026-01-06 08:50:00,53700336528,2026-01-06 09:01:00.000000000,221.0,test,fit
133957_1767689400,133957,2026-01-06 08:50:00,53699456377,2026-01-06 09:01:00.000000000,118.0,test,fit
133957_1767689700,133957,2026-01-06 08:55:00,53699456380,2026-01-06 09:06:00.000000000,103.0,test,fit
129964_1767689700,129964,2026-01-06 08:55:00,53700336525,2026-01-06 09:06:00.000000000,-54.0,test,fit
132430_1767690000,132430,2026-01-06 09:00:00,53698549396,2026-01-06 09:11:00.000000000,95.0,test,fit
132430_1767690300,132430,2026-01-06 09:05:00,53698549404,2026-01-06 09:17:00.000000000,31.0,test,fit
122613_1767691800,122613,2026-01-06 09:30:00,53718539181,2026-01-06 09:42:00.000000000,1.0,test,fit
131672_1767691800,131672,2026-01-06 09:30:00,53700172929,2026-01-06 09:41:00.000000000,-68.0,test,fit
133300_1767691800,133300,2026-01-06 09:30:00,53700641078,2026-01-06 09:45:00.000000000,108.0,test,fit
133300_1767692100,133300,2026-01-06 09:35:00,53700641072,2026-01-06 09:47:00.000000000,161.0,test,fit
122613_1767692100,122613,2026-01-06 09:35:00,53718539195,2026-01-06 09:46:00.000000000,99.0,test,fit
122613_1767692400,122613,2026-01-06 09:40:00,53718539203,2026-01-06 09:52:00.000000000,120.0,test,fit
133300_1767692400,133300,2026-01-06 09:40:00,53700641079,2026-01-06 09:51:00.000000000,161.0,test,fit
122613_1767692700,122613,2026-01-06 09:45:00,53718539236,2026-01-06 09:56:00.000000000,3.0,test,fit
133300_1767692700,133300,2026-01-06 09:45:00,53700641063,2026-01-06 09:56:00.000000000,-58.0,test,fit
122613_1767693000,122613,2026-01-06 09:50:00,53718539232,2026-01-06 10:01:00.000000000,-29.0,test,fit
133300_1767693000,133300,2026-01-06 09:50:00,53700641064,2026-01-06 10:01:00.000000000,-51.0,test,fit
133300_1767693300,133300,2026-01-06 09:55:00,53700641070,2026-01-06 10:06:00.000000000,-73.0,test,fit
122613_1767693300,122613,2026-01-06 09:55:00,53718539234,2026-01-06 10:06:00.000000000,-133.0,test,fit
130238_1767693600,130238,2026-01-06 10:00:00,53698370287,2026-01-06 10:13:00.000000000,0.0,test,fit
130238_1767695100,130238,2026-01-06 10:25:00,53698370408,2026-01-06 10:37:00.000000000,0.0,test,fit
133300_1767695400,133300,2026-01-06 10:30:00,53700641098,2026-01-06 10:41:00.000000000,-16.0,test,fit
133300_1767695700,133300,2026-01-06 10:35:00,53700641104,2026-01-06 10:46:00.000000000,33.0,test,fit
122658_1767695700,122658,2026-01-06 10:35:00,53699433908,2026-01-06 10:49:00.000000000,-34.0,test,fit
122658_1767696000,122658,2026-01-06 10:40:00,53699433910,2026-01-06 10:51:00.000000000,-34.0,test,fit
133300_1767696000,133300,2026-01-06 10:40:00,53700641105,2026-01-06 10:51:00.000000000,36.0,test,fit
122658_1767696300,122658,2026-01-06 10:45:00,53699433901,2026-01-06 10:57:00.000000000,-34.0,test,fit
122658_1767696600,122658,2026-01-06 10:50:00,53699433903,2026-01-06 11:01:00.000000000,57.0,test,fit
133300_1767696600,133300,2026-01-06 10:50:00,53700641370,2026-01-06 11:05:00.000000000,97.0,test,fit
133300_1767696900,133300,2026-01-06 10:55:00,53700641364,2026-01-06 11:07:00.000000000,243.0,test,fit
122658_1767696900,122658,2026-01-06 10:55:00,53699433906,2026-01-06 11:06:00.000000000,217.0,test,fit
122613_1767697200,122613,2026-01-06 11:00:00,53718539259,2026-01-06 11:12:00.000000000,31.0,test,fit
122658_1767697200,122658,2026-01-06 11:00:00,53699433897,2026-01-06 11:11:00.000000000,247.0,test,fit
122048_1767697200,122048,2026-01-06 11:00:00,53699019196,2026-01-06 11:11:00.000000000,-136.0,test,fit
122613_1767697500,122613,2026-01-06 11:05:00,53718539254,2026-01-06 11:16:00.000000000,31.0,test,fit
122048_1767697500,122048,2026-01-06 11:05:00,53699019195,2026-01-06 11:17:00.000000000,-186.0,test,fit
122658_1767697500,122658,2026-01-06 11:05:00,53699433809,2026-01-06 11:20:00.000000000,372.0,test,fit
122613_1767697800,122613,2026-01-06 11:10:00,53718539251,2026-01-06 11:22:00.000000000,0.0,test,fit
122658_1767697800,122658,2026-01-06 11:10:00,53699433817,2026-01-06 11:22:00.000000000,316.0,test,fit
122048_1767697800,122048,2026-01-06 11:10:00,53699019211,2026-01-06 11:22:00.000000000,-53.0,test,fit
122658_1767698100,122658,2026-01-06 11:15:00,53699433819,2026-01-06 11:27:00.000000000,352.0,test,fit
122048_1767698100,122048,2026-01-06 11:15:00,53699019201,2026-01-06 11:26:00.000000000,-108.0,test,fit
122613_1767698100,122613,2026-01-06 11:15:00,53718539274,2026-01-06 11:26:00.000000000,0.0,test,fit
122613_1767698400,122613,2026-01-06 11:20:00,53718539246,2026-01-06 11:31:00.000000000,0.0,test,fit
122048_1767698400,122048,2026-01-06 11:20:00,53699019193,2026-01-06 11:32:00.000000000,-146.0,test,fit
122658_1767698400,122658,2026-01-06 11:20:00,53699433822,2026-01-06 11:32:00.000000000,-8.0,test,fit
122658_1767698700,122658,2026-01-06 11:25:00,53699433824,2026-01-06 11:38:00.000000000,0.0,test,fit
122048_1767698700,122048,2026-01-06 11:25:00,53699019230,2026-01-06 11:39:00.000000000,-196.0,test,fit
122613_1767698700,122613,2026-01-06 11:25:00,53718539264,2026-01-06 11:36:00.000000000,0.0,test,fit
122658_1767699000,122658,2026-01-06 11:30:00,53699433810,2026-01-06 11:41:00.000000000,0.0,test,fit
122658_1767699300,122658,2026-01-06 11:35:00,53699433812,2026-01-06 11:46:00.000000000,0.0,test,fit
122658_1767699600,122658,2026-01-06 11:40:00,53699433816,2026-01-06 11:51:00.000000000,0.0,test,fit
122658_1767699900,122658,2026-01-06 11:45:00,53699433867,2026-01-06 11:56:00.000000000,0.0,test,fit
122658_1767700200,122658,2026-01-06 11:50:00,53699433870,2026-01-06 12:01:00.000000000,0.0,test,fit
122658_1767700500,122658,2026-01-06 11:55:00,53699433857,2026-01-06 12:06:00.000000000,-2.0,test,fit
129964_1767700800,129964,2026-01-06 12:00:00,53700336645,2026-01-06 12:11:00.000000000,-106.0,test,fit
135081_1767700800,135081,2026-01-06 12:00:00,53718723944,2026-01-06 12:11:00.000000000,-7.0,test,fit
132430_1767700800,132430,2026-01-06 12:00:00,53698549516,2026-01-06 12:11:00.000000000,-103.0,test,fit
135081_1767701100,135081,2026-01-06 12:05:00,53718723948,2026-01-06 12:16:00.000000000,-93.0,test,fit
132430_1767701100,132430,2026-01-06 12:05:00,53698549519,2026-01-06 12:17:00.000000000,-91.0,test,fit
129964_1767701100,129964,2026-01-06 12:05:00,53700336640,2026-01-06 12:16:00.000000000,62.0,test,fit
129964_1767701400,129964,2026-01-06 12:10:00,53700336637,2026-01-06 12:21:00.000000000,82.0,test,fit
132430_1767701400,132430,2026-01-06 12:10:00,53698549518,2026-01-06 12:21:00.000000000,-51.0,test,fit
135081_1767701400,135081,2026-01-06 12:10:00,53718723982,2026-01-06 12:22:00.000000000,-89.0,test,fit
129964_1767701700,129964,2026-01-06 12:15:00,53700336635,2026-01-06 12:26:00.000000000,67.0,test,fit
135081_1767701700,135081,2026-01-06 12:15:00,53718723977,2026-01-06 12:26:00.000000000,-92.0,test,fit
132430_1767701700,132430,2026-01-06 12:15:00,53698549434,2026-01-06 12:26:00.000000000,-260.0,test,fit
129964_1767702000,129964,2026-01-06 12:20:00,53700336632,2026-01-06 12:31:00.000000000,56.0,test,fit
135081_1767702000,135081,2026-01-06 12:20:00,53718723979,2026-01-06 12:31:00.000000000,-122.0,test,fit
132430_1767702000,132430,2026-01-06 12:20:00,53698549436,2026-01-06 12:31:00.000000000,-276.0,test,fit
132430_1767702300,132430,2026-01-06 12:25:00,53698549437,2026-01-06 12:37:00.000000000,33.0,test,fit
135081_1767702300,135081,2026-01-06 12:25:00,53718723991,2026-01-06 12:36:00.000000000,-151.0,test,fit
129964_1767702300,129964,2026-01-06 12:25:00,53700336628,2026-01-06 12:37:00.000000000,4.0,test,fit
122613_1767702600,122613,2026-01-06 12:30:00,53718539315,2026-01-06 12:41:00.000000000,-105.0,test,fit
122613_1767702900,122613,2026-01-06 12:35:00,53718539287,2026-01-06 12:46:00.000000000,49.0,test,fit
131672_1767704400,131672,2026-01-06 13:00:00,53718793692,2026-01-06 13:11:00.000000000,84.0,test,fit
131672_1767704700,131672,2026-01-06 13:05:00,53718793695,2026-01-06 13:19:00.000000000,161.0,test,fit
131672_1767705000,131672,2026-01-06 13:10:00,53718793688,2026-01-06 13:21:00.000000000,101.0,test,fit
131672_1767705300,131672,2026-01-06 13:15:00,53718793690,2026-01-06 13:26:00.000000000,78.0,test,fit
131672_1767705600,131672,2026-01-06 13:20:00,53718793684,2026-01-06 13:31:00.000000000,13.0,test,fit
131672_1767705900,131672,2026-01-06 13:25:00,53718793705,2026-01-06 13:38:00.000000000,5.0,test,fit
135081_1767706200,135081,2026-01-06 13:30:00,53718724047,2026-01-06 13:43:00.000000000,9.0,test,fit
122613_1767706200,122613,2026-01-06 13:30:00,53718539328,2026-01-06 13:42:00.000000000,64.0,test,fit
133957_1767706200,133957,2026-01-06 13:30:00,53699456524,2026-01-06 13:41:00.000000000,139.0,test,fit
135081_1767706500,135081,2026-01-06 13:35:00,53718724032,2026-01-06 13:46:00.000000000,9.0,test,fit
122613_1767706500,122613,2026-01-06 13:35:00,53718539325,2026-01-06 13:46:00.000000000,64.0,test,fit
133957_1767706500,133957,2026-01-06 13:35:00,53699456527,2026-01-06 13:46:00.000000000,97.0,test,fit
133957_1767706800,133957,2026-01-06 13:40:00,53699456514,2026-01-06 13:51:00.000000000,161.0,test,fit
135081_1767706800,135081,2026-01-06 13:40:00,53718724051,2026-01-06 13:52:00.000000000,174.0,test,fit
122613_1767706800,122613,2026-01-06 13:40:00,53718539322,2026-01-06 13:52:00.000000000,0.0,test,fit
133957_1767707100,133957,2026-01-06 13:45:00,53699456518,2026-01-06 13:57:00.000000000,385.0,test,fit
122613_1767707100,122613,2026-01-06 13:45:00,53718539351,2026-01-06 13:56:00.000000000,0.0,test,fit
135081_1767707100,135081,2026-01-06 13:45:00,53718724046,2026-01-06 13:56:00.000000000,161.0,test,fit
122613_1767707400,122613,2026-01-06 13:50:00,53718539337,2026-01-06 14:01:00.000000000,0.0,test,fit
135081_1767707400,135081,2026-01-06 13:50:00,53718724020,2026-01-06 14:01:00.000000000,181.0,test,fit
133957_1767707400,133957,2026-01-06 13:50:00,53699456558,2026-01-06 14:02:00.000000000,308.0,test,fit
133957_1767707700,133957,2026-01-06 13:55:00,53699456561,2026-01-06 14:06:00.000000000,205.0,test,fit
135081_1767707700,135081,2026-01-06 13:55:00,53718724026,2026-01-06 14:07:00.000000000,103.0,test,fit
122613_1767707700,122613,2026-01-06 13:55:00,53718539349,2026-01-06 14:06:00.000000000,0.0,test,fit
134040_1767708000,134040,2026-01-06 14:00:00,53698328697,2026-01-06 14:11:00.000000000,218.0,test,fit
122048_1767708000,122048,2026-01-06 14:00:00,53699019035,2026-01-06 14:12:00.000000000,0.0,test,fit
134040_1767708300,134040,2026-01-06 14:05:00,53698328688,2026-01-06 14:16:00.000000000,201.0,test,fit
122048_1767708300,122048,2026-01-06 14:05:00,53699019038,2026-01-06 14:17:00.000000000,0.0,test,fit
134040_1767708600,134040,2026-01-06 14:10:00,53698328675,2026-01-06 14:21:00.000000000,82.0,test,fit
134040_1767708900,134040,2026-01-06 14:15:00,53698328704,2026-01-06 14:27:00.000000000,64.0,test,fit
134040_1767709200,134040,2026-01-06 14:20:00,53698328719,2026-01-06 14:31:00.000000000,66.0,test,fit
134040_1767709500,134040,2026-01-06 14:25:00,53698328722,2026-01-06 14:37:00.000000000,56.0,test,fit
122048_1767709500,122048,2026-01-06 14:25:00,53699019131,2026-01-06 14:38:00.000000000,0.0,test,fit
133957_1767710100,133957,2026-01-06 14:35:00,53699456599,2026-01-06 14:47:00.000000000,140.0,test,fit
133957_1767710400,133957,2026-01-06 14:40:00,53699456591,2026-01-06 14:51:00.000000000,140.0,test,fit
133957_1767710700,133957,2026-01-06 14:45:00,53699456595,2026-01-06 14:56:00.000000000,140.0,test,fit
133957_1767711000,133957,2026-01-06 14:50:00,53699456582,2026-01-06 15:01:00.000000000,93.0,test,fit
133957_1767711300,133957,2026-01-06 14:55:00,53699456585,2026-01-06 15:06:00.000000000,139.0,test,fit
122048_1767711600,122048,2026-01-06 15:00:00,53699019123,2026-01-06 15:11:00.000000000,14.0,test,fit
122613_1767711600,122613,2026-01-06 15:00:00,53718539368,2026-01-06 15:11:00.000000000,0.0,test,fit
129964_1767711600,129964,2026-01-06 15:00:00,53700336685,2026-01-06 15:11:00.000000000,-145.0,test,fit
129964_1767711900,129964,2026-01-06 15:05:00,53700336682,2026-01-06 15:16:00.000000000,-99.0,test,fit
122613_1767711900,122613,2026-01-06 15:05:00,53718539364,2026-01-06 15:16:00.000000000,0.0,test,fit
122048_1767711900,122048,2026-01-06 15:05:00,53699019127,2026-01-06 15:16:00.000000000,98.0,test,fit
129964_1767712200,129964,2026-01-06 15:10:00,53700336679,2026-01-06 15:21:00.000000000,-96.0,test,fit
122048_1767712200,122048,2026-01-06 15:10:00,53699019105,2026-01-06 15:21:00.000000000,68.0,test,fit
122048_1767712500,122048,2026-01-06 15:15:00,53699019112,2026-01-06 15:27:00.000000000,116.0,test,fit
122613_1767712500,122613,2026-01-06 15:15:00,53718539407,2026-01-06 15:30:00.000000000,0.0,test,fit
129964_1767712800,129964,2026-01-06 15:20:00,53700336738,2026-01-06 15:35:00.000000000,21.0,test,fit
122048_1767712800,122048,2026-01-06 15:20:00,53699019103,2026-01-06 15:33:00.000000000,139.0,test,fit
122613_1767712800,122613,2026-01-06 15:20:00,53718539402,2026-01-06 15:31:00.000000000,0.0,test,fit
122613_1767713100,122613,2026-01-06 15:25:00,53718539406,2026-01-06 15:36:00.000000000,0.0,test,fit
122048_1767713100,122048,2026-01-06 15:25:00,53699019132,2026-01-06 15:36:00.000000000,70.0,test,fit
129964_1767713100,129964,2026-01-06 15:25:00,53700336737,2026-01-06 15:36:00.000000000,290.0,test,fit
134040_1767713400,134040,2026-01-06 15:30:00,53698328522,2026-01-06 15:41:00.000000000,199.0,test,fit
134040_1767713700,134040,2026-01-06 15:35:00,53698328526,2026-01-06 15:48:00.000000000,203.0,test,fit
134040_1767714000,134040,2026-01-06 15:40:00,53698328529,2026-01-06 15:52:00.000000000,101.0,test,fit
134040_1767714300,134040,2026-01-06 15:45:00,53698328507,2026-01-06 15:56:00.000000000,21.0,test,fit
131672_1767715200,131672,2026-01-06 16:00:00,53718793773,2026-01-06 16:11:00.000000000,13.0,test,fit
135081_1767715200,135081,2026-01-06 16:00:00,53718724108,2026-01-06 16:11:00.000000000,59.0,test,fit
131672_1767715500,131672,2026-01-06 16:05:00,53718793775,2026-01-06 16:16:00.000000000,-17.0,test,fit
135081_1767715500,135081,2026-01-06 16:05:00,53718724123,2026-01-06 16:17:00.000000000,59.0,test,fit
135081_1767715800,135081,2026-01-06 16:10:00,53718724118,2026-01-06 16:22:00.000000000,59.0,test,fit
131672_1767715800,131672,2026-01-06 16:10:00,53718793769,2026-01-06 16:21:00.000000000,-150.0,test,fit
135081_1767716100,135081,2026-01-06 16:15:00,53718724121,2026-01-06 16:26:00.000000000,167.0,test,fit
131672_1767716100,131672,2026-01-06 16:15:00,53718793751,2026-01-06 16:28:00.000000000,-104.0,test,fit
135081_1767716400,135081,2026-01-06 16:20:00,53718724125,2026-01-06 16:31:00.000000000,60.0,test,fit
131672_1767716400,131672,2026-01-06 16:20:00,53718793766,2026-01-06 16:31:00.000000000,-42.0,test,fit
131672_1767716700,131672,2026-01-06 16:25:00,53718793749,2026-01-06 16:36:00.000000000,30.0,test,fit
135081_1767716700,135081,2026-01-06 16:25:00,53718724129,2026-01-06 16:36:00.000000000,73.0,test,fit
133300_1767717000,133300,2026-01-06 16:30:00,53700641221,2026-01-06 16:43:00.000000000,128.0,test,fit
133957_1767717000,133957,2026-01-06 16:30:00,53699456620,2026-01-06 16:41:00.000000000,66.0,test,fit
133957_1767717300,133957,2026-01-06 16:35:00,53699456623,2026-01-06 16:46:00.000000000,107.0,test,fit
133300_1767717300,133300,2026-01-06 16:35:00,53700641232,2026-01-06 16:46:00.000000000,122.0,test,fit
133957_1767717600,133957,2026-01-06 16:40:00,53699456610,2026-01-06 16:51:00.000000000,85.0,test,fit
133300_1767717600,133300,2026-01-06 16:40:00,53700641216,2026-01-06 16:51:00.000000000,122.0,test,fit
133957_1767717900,133957,2026-01-06 16:45:00,53699456614,2026-01-06 16:57:00.000000000,159.0,test,fit
133300_1767717900,133300,2026-01-06 16:45:00,53700641217,2026-01-06 16:56:00.000000000,-12.0,test,fit
133957_1767718200,133957,2026-01-06 16:50:00,53699456656,2026-01-06 17:02:00.000000000,88.0,test,fit
133300_1767718200,133300,2026-01-06 16:50:00,53700641218,2026-01-06 17:02:00.000000000,32.0,test,fit
133300_1767718500,133300,2026-01-06 16:55:00,53700641219,2026-01-06 17:07:00.000000000,-20.0,test,fit
133957_1767718500,133957,2026-01-06 16:55:00,53699456659,2026-01-06 17:06:00.000000000,-14.0,test,fit
132430_1767720600,132430,2026-01-06 17:30:00,53698549859,2026-01-06 17:41:00.000000000,440.0,test,fit
133300_1767720600,133300,2026-01-06 17:30:00,53700641142,2026-01-06 17:42:00.000000000,1.0,test,fit
132430_1767720900,132430,2026-01-06 17:35:00,53698549863,2026-01-06 17:48:00.000000000,65.0,test,fit
133300_1767720900,133300,2026-01-06 17:35:00,53700641143,2026-01-06 17:47:00.000000000,11.0,test,fit
133300_1767721200,133300,2026-01-06 17:40:00,53700641149,2026-01-06 17:51:00.000000000,41.0,test,fit
132430_1767721200,132430,2026-01-06 17:40:00,53698549852,2026-01-06 17:51:00.000000000,137.0,test,fit
132430_1767721500,132430,2026-01-06 17:45:00,53698549856,2026-01-06 17:58:00.000000000,191.0,test,fit
134040_1767721500,134040,2026-01-06 17:45:00,53721480924,2026-01-06 17:56:00.000000000,-44.0,test,fit
133300_1767721500,133300,2026-01-06 17:45:00,53700641118,2026-01-06 18:00:00.000000000,128.0,test,fit
132430_1767721800,132430,2026-01-06 17:50:00,53698549850,2026-01-06 18:02:00.000000000,279.0,test,fit
133300_1767721800,133300,2026-01-06 17:50:00,53700641112,2026-01-06 18:02:00.000000000,113.0,test,fit
134040_1767721800,134040,2026-01-06 17:50:00,53721480895,2026-01-06 18:02:00.000000000,-44.0,test,fit
131672_1767721800,131672,2026-01-06 17:50:00,53718793791,2026-01-06 18:04:00.000000000,-118.0,test,fit
131672_1767722100,131672,2026-01-06 17:55:00,53718793793,2026-01-06 18:06:00.000000000,-118.0,test,fit
132430_1767722100,132430,2026-01-06 17:55:00,53698549847,2026-01-06 18:06:00.000000000,371.0,test,fit
134040_1767722100,134040,2026-01-06 17:55:00,53721480899,2026-01-06 18:06:00.000000000,-44.0,test,fit
133300_1767722100,133300,2026-01-06 17:55:00,53700641113,2026-01-06 18:06:00.000000000,113.0,test,fit
133957_1767722400,133957,2026-01-06 18:00:00,53699456694,2026-01-06 18:11:00.000000000,51.0,test,fit
133957_1767722700,133957,2026-01-06 18:05:00,53699456731,2026-01-06 18:17:00.000000000,-48.0,test,fit
133957_1767723000,133957,2026-01-06 18:10:00,53699456735,2026-01-06 18:21:00.000000000,-23.0,test,fit
133957_1767723300,133957,2026-01-06 18:15:00,53699456738,2026-01-06 18:26:00.000000000,-74.0,test,fit
133957_1767723600,133957,2026-01-06 18:20:00,53699456727,2026-01-06 18:31:00.000000000,90.0,test,fit
133957_1767723900,133957,2026-01-06 18:25:00,53699456718,2026-01-06 18:36:00.000000000,70.0,test,fit
135081_1767724500,135081,2026-01-06 18:35:00,53718724215,2026-01-06 18:47:00.000000000,48.0,test,fit
135081_1767724800,135081,2026-01-06 18:40:00,53718724213,2026-01-06 18:52:00.000000000,48.0,test,fit
135081_1767725100,135081,2026-01-06 18:45:00,53718724206,2026-01-06 18:57:00.000000000,48.0,test,fit
135081_1767725400,135081,2026-01-06 18:50:00,53718724203,2026-01-06 19:02:00.000000000,215.0,test,fit
135081_1767725700,135081,2026-01-06 18:55:00,53718724180,2026-01-06 19:06:00.000000000,188.0,test,fit
132430_1767726000,132430,2026-01-06 19:00:00,53698549302,2026-01-06 19:11:00.000000000,45.0,test,fit
132430_1767726300,132430,2026-01-06 19:05:00,53698549315,2026-01-06 19:16:00.000000000,50.0,test,fit
132430_1767726600,132430,2026-01-06 19:10:00,53698549319,2026-01-06 19:22:00.000000000,46.0,test,fit
132430_1767726900,132430,2026-01-06 19:15:00,53698549313,2026-01-06 19:26:00.000000000,152.0,test,fit
132430_1767727200,132430,2026-01-06 19:20:00,53698549310,2026-01-06 19:31:00.000000000,99.0,test,fit
132430_1767727500,132430,2026-01-06 19:25:00,53698549337,2026-01-06 19:36:00.000000000,18.0,test,fit
135081_1767727800,135081,2026-01-06 19:30:00,53718724242,2026-01-06 19:41:00.000000000,-23.0,test,fit
135081_1767728100,135081,2026-01-06 19:35:00,53718724247,2026-01-06 19:46:00.000000000,-10.0,test,fit
135081_1767728400,135081,2026-01-06 19:40:00,53718724254,2026-01-06 19:51:00.000000000,-15.0,test,fit
135081_1767728700,135081,2026-01-06 19:45:00,53718724224,2026-01-06 19:57:00.000000000,56.0,test,fit
135081_1767729000,135081,2026-01-06 19:50:00,53718724222,2026-01-06 20:01:00.000000000,24.0,test,fit
135081_1767729300,135081,2026-01-06 19:55:00,53718724241,2026-01-06 20:07:00.000000000,14.0,test,fit
135081_1767729600,135081,2026-01-06 20:00:00,53718724225,2026-01-06 20:11:00.000000000,-49.0,test,fit
135081_1767729900,135081,2026-01-06 20:05:00,53718724235,2026-01-06 20:16:00.000000000,-82.0,test,fit
135081_1767730200,135081,2026-01-06 20:10:00,53718724234,2026-01-06 20:22:00.000000000,27.0,test,fit
135081_1767730500,135081,2026-01-06 20:15:00,53718724231,2026-01-06 20:26:00.000000000,222.0,test,fit
134040_1767730500,134040,2026-01-06 20:15:00,53721480959,2026-01-06 20:30:00.000000000,393.0,test,fit
134040_1767730800,134040,2026-01-06 20:20:00,53721480962,2026-01-06 20:31:00.000000000,393.0,test,fit
134040_1767731100,134040,2026-01-06 20:25:00,53721480967,2026-01-06 20:36:00.000000000,393.0,test,fit
134040_1767731400,134040,2026-01-06 20:30:00,53721480964,2026-01-06 20:42:00.000000000,148.0,test,fit
134040_1767731700,134040,2026-01-06 20:35:00,53721480969,2026-01-06 20:46:00.000000000,195.0,test,fit
134040_1767732000,134040,2026-01-06 20:40:00,53721480972,2026-01-06 20:51:00.000000000,239.0,test,fit
134040_1767732300,134040,2026-01-06 20:45:00,53721480938,2026-01-06 20:56:00.000000000,178.0,test,fit
134040_1767732600,134040,2026-01-06 20:50:00,53721480941,2026-01-06 21:01:00.000000000,135.0,test,fit
134040_1767732900,134040,2026-01-06 20:55:00,53721480945,2026-01-06 21:06:00.000000000,192.0,test,fit
131672_1767733200,131672,2026-01-06 21:00:00,53718793877,2026-01-06 21:12:00.000000000,-15.0,test,fit
131672_1767733500,131672,2026-01-06 21:05:00,53718793859,2026-01-06 21:16:00.000000000,17.0,test,fit
131672_1767733800,131672,2026-01-06 21:10:00,53718793862,2026-01-06 21:22:00.000000000,34.0,test,fit
131672_1767734100,131672,2026-01-06 21:15:00,53718793867,2026-01-06 21:28:00.000000000,-30.0,test,fit
131672_1767734400,131672,2026-01-06 21:20:00,53718793869,2026-01-06 21:31:00.000000000,-31.0,test,fit
131672_1767734700,131672,2026-01-06 21:25:00,53718793883,2026-01-06 21:36:00.000000000,19.0,test,fit
135081_1767735000,135081,2026-01-06 21:30:00,53718724272,2026-01-06 21:41:00.000000000,-23.0,test,fit
135081_1767735300,135081,2026-01-06 21:35:00,53718724278,2026-01-06 21:46:00.000000000,-136.0,test,fit
135081_1767735600,135081,2026-01-06 21:40:00,53718724320,2026-01-06 21:51:00.000000000,-197.0,test,fit
135081_1767735900,135081,2026-01-06 21:45:00,53718724329,2026-01-06 21:56:00.000000000,-61.0,test,fit
135081_1767736200,135081,2026-01-06 21:50:00,53718724324,2026-01-06 22:01:00.000000000,-63.0,test,fit
135081_1767736500,135081,2026-01-06 21:55:00,53718724305,2026-01-06 22:06:00.000000000,-131.0,test,fit
132430_1767738600,132430,2026-01-06 22:30:00,53698549718,2026-01-06 22:41:00.000000000,96.0,test,fit
130072_1767738600,130072,2026-01-06 22:30:00,53698461713,2026-01-06 22:41:00.000000000,0.0,test,fit
132430_1767738900,132430,2026-01-06 22:35:00,53698549706,2026-01-06 22:46:00.000000000,90.0,test,fit
130072_1767738900,130072,2026-01-06 22:35:00,53698461704,2026-01-06 22:47:00.000000000,0.0,test,fit
132430_1767739200,132430,2026-01-06 22:40:00,53698549702,2026-01-06 22:51:00.000000000,52.0,test,fit
132430_1767739500,132430,2026-01-06 22:45:00,53698549713,2026-01-06 22:57:00.000000000,147.0,test,fit
132430_1767739800,132430,2026-01-06 22:50:00,53698549712,2026-01-06 23:01:00.000000000,89.0,test,fit
132430_1767740100,132430,2026-01-06 22:55:00,53698549790,2026-01-06 23:07:00.000000000,25.0,test,fit
134494_1767740400,134494,2026-01-06 23:00:00,53698426121,2026-01-06 23:11:00.000000000,0.0,test,fit
134494_1767740700,134494,2026-01-06 23:05:00,53698426095,2026-01-06 23:18:00.000000000,0.0,test,fit
134494_1767741000,134494,2026-01-06 23:10:00,53698426092,2026-01-06 23:21:00.000000000,0.0,test,fit
134494_1767741300,134494,2026-01-06 23:15:00,53698426104,2026-01-06 23:26:00.000000000,0.0,test,fit
134494_1767741600,134494,2026-01-06 23:20:00,53698426101,2026-01-06 23:31:00.000000000,0.0,test,fit
134494_1767741900,134494,2026-01-06 23:25:00,53698426098,2026-01-06 23:36:00.000000000,0.0,test,fit
